[2026-04-24 00:00:54] [INFO] [API/UploadRecords] 收到同步请求, stationID=1, records=1
[2026-04-24 00:00:54] [INFO] [UploadRecords] 创建历史记录成功, historyID=5, stationID=1, records=1
[2026-04-24 00:00:55] [INFO] [UploadRecords] 完成 historyID=5, status=completed, success=1, fail=0, conflict=0
[2026-04-24 00:00:55] [INFO] [CenterProbe] sh-agent-01 [sh-agent-01] 在线
[2026-04-24 00:00:55] [INFO] [CenterProbe] sh-local10 [sh-local10] 在线
[2026-04-24 00:01:55] [INFO] [CenterProbe] sh-agent-01 [sh-agent-01] 在线
[2026-04-24 00:01:55] [INFO] [CenterProbe] sh-local10 [sh-local10] 在线
[2026-04-24 00:02:55] [INFO] [CenterProbe] sh-agent-01 [sh-agent-01] 在线
[2026-04-24 00:02:55] [INFO] [CenterProbe] sh-local10 [sh-local10] 在线
[2026-04-24 00:03:55] [INFO] [CenterProbe] sh-agent-01 [sh-agent-01] 在线
[2026-04-24 00:03:55] [INFO] [CenterProbe] sh-local10 [sh-local10] 在线
[2026-04-24 00:04:55] [INFO] [CenterProbe] sh-agent-01 [sh-agent-01] 在线
[2026-04-24 00:04:55] [INFO] [CenterProbe] sh-local10 [sh-local10] 在线
[2026-04-24 00:05:55] [INFO] [CenterProbe] sh-agent-01 [sh-agent-01] 在线
[2026-04-24 00:05:55] [INFO] [CenterProbe] sh-local10 [sh-local10] 在线
[2026-04-24 00:06:55] [INFO] [CenterProbe] sh-agent-01 [sh-agent-01] 在线
[2026-04-24 00:06:55] [INFO] [CenterProbe] sh-local10 [sh-local10] 在线
[2026-04-24 00:07:55] [INFO] [CenterProbe] sh-agent-01 [sh-agent-01] 在线
[2026-04-24 00:07:56] [INFO] [CenterProbe] sh-local10 [sh-local10] 在线
[2026-04-24 00:08:56] [INFO] [CenterProbe] sh-agent-01 [sh-agent-01] 在线
[2026-04-24 00:08:56] [INFO] [CenterProbe] sh-local10 [sh-local10] 在线
[2026-04-24 00:09:56] [INFO] [CenterProbe] sh-agent-01 [sh-agent-01] 在线
[2026-04-24 00:09:56] [INFO] [CenterProbe] sh-local10 [sh-local10] 在线
[2026-04-24 00:10:56] [INFO] [CenterProbe] sh-agent-01 [sh-agent-01] 在线
[2026-04-24 00:10:56] [INFO] [CenterProbe] sh-local10 [sh-local10] 在线
[2026-04-24 00:11:44] [INFO] Starting Data Registry server...
[2026-04-24 00:11:44] [INFO] Database(sqlite) initialized successfully
[2026-04-24 00:11:45] [INFO] Default role updated: 管理员
[2026-04-24 00:11:45] [INFO] Default role updated: 数据操作员
[2026-04-24 00:11:45] [INFO] Default role updated: 项目管理员
[2026-04-24 00:11:45] [INFO] Default role updated: 审计账号
[2026-04-24 00:11:45] [INFO] Default role updated: 普通查看者
[2026-04-24 00:11:45] [INFO] Security settings already exist, skipping initialization
[2026-04-24 00:11:45] [INFO] Data initialization completed
[2026-04-24 00:11:45] [INFO] [ApiKeyCache] 缓存已刷新，共 2 个活跃站点
[2026-04-24 00:11:45] [INFO] [StationKeys] 已加载 1 个站点的明文 Key
[2026-04-24 00:11:45] [INFO] [CenterProbe] 启动主动探测循环，间隔: 1m0s
[2026-04-24 00:11:45] [INFO] Server listening on :18421
[2026-04-24 00:11:45] [INFO] [CenterProbe] sh-agent-01 [sh-agent-01] 在线
[2026-04-24 00:11:45] [INFO] [CenterProbe] sh-local10 [sh-local10] 在线
[2026-04-24 00:12:45] [INFO] [CenterProbe] sh-agent-01 [sh-agent-01] 在线
[2026-04-24 00:12:45] [INFO] [CenterProbe] sh-local10 [sh-local10] 在线
[2026-04-24 00:13:45] [INFO] [CenterProbe] sh-agent-01 [sh-agent-01] 在线
[2026-04-24 00:13:45] [INFO] [CenterProbe] sh-local10 [sh-local10] 在线
[2026-04-24 00:14:45] [INFO] [CenterProbe] sh-agent-01 [sh-agent-01] 在线
[2026-04-24 00:14:45] [INFO] [CenterProbe] sh-local10 [sh-local10] 在线
[2026-04-24 00:15:45] [INFO] [CenterProbe] sh-agent-01 [sh-agent-01] 在线
[2026-04-24 00:15:45] [INFO] [CenterProbe] sh-local10 [sh-local10] 在线
[2026-04-24 00:16:45] [INFO] [CenterProbe] sh-agent-01 [sh-agent-01] 在线
[2026-04-24 00:16:45] [INFO] [CenterProbe] sh-local10 [sh-local10] 在线
[2026-04-24 00:17:45] [INFO] [CenterProbe] sh-agent-01 [sh-agent-01] 在线
[2026-04-24 00:17:45] [INFO] [CenterProbe] sh-local10 [sh-local10] 在线
[2026-04-24 00:18:46] [INFO] [CenterProbe] sh-agent-01 [sh-agent-01] 在线
[2026-04-24 00:18:46] [INFO] [CenterProbe] sh-local10 [sh-local10] 在线
[2026-04-24 00:19:46] [INFO] [CenterProbe] sh-agent-01 [sh-agent-01] 在线
[2026-04-24 00:19:46] [INFO] [CenterProbe] sh-local10 [sh-local10] 在线
[2026-04-24 00:20:46] [INFO] [CenterProbe] sh-agent-01 [sh-agent-01] 在线
[2026-04-24 00:20:46] [INFO] [CenterProbe] sh-local10 [sh-local10] 在线
[2026-04-24 00:21:46] [INFO] [CenterProbe] sh-agent-01 [sh-agent-01] 在线
[2026-04-24 00:21:46] [INFO] [CenterProbe] sh-local10 [sh-local10] 在线
[2026-04-24 00:22:46] [INFO] [CenterProbe] sh-agent-01 [sh-agent-01] 在线
[2026-04-24 00:22:46] [INFO] [CenterProbe] sh-local10 [sh-local10] 在线
[2026-04-24 00:23:46] [INFO] [CenterProbe] sh-agent-01 [sh-agent-01] 在线
[2026-04-24 00:23:46] [INFO] [CenterProbe] sh-local10 [sh-local10] 在线
[2026-04-24 00:24:46] [INFO] [CenterProbe] sh-agent-01 [sh-agent-01] 在线
[2026-04-24 00:24:46] [INFO] [CenterProbe] sh-local10 [sh-local10] 在线
[2026-04-24 00:25:47] [INFO] [CenterProbe] sh-agent-01 [sh-agent-01] 在线
[2026-04-24 00:25:47] [INFO] [CenterProbe] sh-local10 [sh-local10] 在线
[2026-04-24 00:26:48] [INFO] [CenterProbe] sh-agent-01 [sh-agent-01] 在线
[2026-04-24 00:26:48] [INFO] [CenterProbe] sh-local10 [sh-local10] 在线
[2026-04-24 00:27:49] [INFO] [CenterProbe] sh-agent-01 [sh-agent-01] 在线
[2026-04-24 00:27:49] [INFO] [CenterProbe] sh-local10 [sh-local10] 在线
[2026-04-24 00:28:49] [INFO] [CenterProbe] sh-agent-01 [sh-agent-01] 在线
[2026-04-24 00:28:49] [INFO] [CenterProbe] sh-local10 [sh-local10] 在线
[2026-04-24 00:29:50] [INFO] [CenterProbe] sh-agent-01 [sh-agent-01] 在线
[2026-04-24 00:29:50] [INFO] [CenterProbe] sh-local10 [sh-local10] 在线
[2026-04-24 00:30:51] [INFO] [CenterProbe] sh-agent-01 [sh-agent-01] 在线
[2026-04-24 00:30:52] [INFO] [CenterProbe] sh-local10 [sh-local10] 在线
[2026-04-24 00:31:52] [INFO] [CenterProbe] sh-agent-01 [sh-agent-01] 在线
[2026-04-24 00:31:52] [INFO] [CenterProbe] sh-local10 [sh-local10] 在线
[2026-04-24 00:32:53] [INFO] [CenterProbe] sh-agent-01 [sh-agent-01] 在线
[2026-04-24 00:32:53] [INFO] [CenterProbe] sh-local10 [sh-local10] 在线
[2026-04-24 00:33:54] [INFO] [CenterProbe] sh-agent-01 [sh-agent-01] 在线
[2026-04-24 00:33:54] [INFO] [CenterProbe] sh-local10 [sh-local10] 在线
[2026-04-24 00:34:55] [INFO] [CenterProbe] sh-agent-01 [sh-agent-01] 在线
[2026-04-24 00:34:55] [INFO] [CenterProbe] sh-local10 [sh-local10] 在线
[2026-04-24 00:35:56] [INFO] [CenterProbe] sh-agent-01 [sh-agent-01] 在线
[2026-04-24 00:35:56] [INFO] [CenterProbe] sh-local10 [sh-local10] 在线
[2026-04-24 00:36:57] [INFO] [CenterProbe] sh-agent-01 [sh-agent-01] 在线
[2026-04-24 00:36:57] [INFO] [CenterProbe] sh-local10 [sh-local10] 在线
[2026-04-24 00:37:58] [INFO] [CenterProbe] sh-agent-01 [sh-agent-01] 在线
[2026-04-24 00:37:58] [INFO] [CenterProbe] sh-local10 [sh-local10] 在线
[2026-04-24 00:38:59] [INFO] [CenterProbe] sh-agent-01 [sh-agent-01] 在线
[2026-04-24 00:38:59] [INFO] [CenterProbe] sh-local10 [sh-local10] 在线
[2026-04-24 00:39:59] [INFO] [CenterProbe] sh-agent-01 [sh-agent-01] 在线
[2026-04-24 00:39:59] [INFO] [CenterProbe] sh-local10 [sh-local10] 在线
[2026-04-24 00:41:00] [INFO] [CenterProbe] sh-agent-01 [sh-agent-01] 在线
[2026-04-24 00:41:01] [INFO] [CenterProbe] sh-local10 [sh-local10] 在线
[2026-04-24 00:42:02] [INFO] [CenterProbe] sh-agent-01 [sh-agent-01] 在线
[2026-04-24 00:42:02] [INFO] [CenterProbe] sh-local10 [sh-local10] 在线
[2026-04-24 00:43:03] [INFO] [CenterProbe] sh-agent-01 [sh-agent-01] 在线
[2026-04-24 00:43:03] [INFO] [CenterProbe] sh-local10 [sh-local10] 在线
[2026-04-24 00:44:04] [INFO] [CenterProbe] sh-agent-01 [sh-agent-01] 在线
[2026-04-24 00:44:04] [INFO] [CenterProbe] sh-local10 [sh-local10] 在线
[2026-04-24 00:45:05] [INFO] [CenterProbe] sh-agent-01 [sh-agent-01] 在线
[2026-04-24 00:45:05] [INFO] [CenterProbe] sh-local10 [sh-local10] 在线
[2026-04-24 00:46:06] [INFO] [CenterProbe] sh-agent-01 [sh-agent-01] 在线
[2026-04-24 00:46:06] [INFO] [CenterProbe] sh-local10 [sh-local10] 在线
[2026-04-24 00:47:07] [INFO] [CenterProbe] sh-agent-01 [sh-agent-01] 在线
[2026-04-24 00:47:07] [INFO] [CenterProbe] sh-local10 [sh-local10] 在线
[2026-04-24 00:48:08] [INFO] [CenterProbe] sh-agent-01 [sh-agent-01] 在线
[2026-04-24 00:48:08] [INFO] [CenterProbe] sh-local10 [sh-local10] 在线
[2026-04-24 00:49:09] [INFO] [CenterProbe] sh-agent-01 [sh-agent-01] 在线
[2026-04-24 00:49:09] [INFO] [CenterProbe] sh-local10 [sh-local10] 在线
[2026-04-24 00:50:09] [INFO] [CenterProbe] sh-agent-01 [sh-agent-01] 在线
[2026-04-24 00:50:10] [INFO] [CenterProbe] sh-local10 [sh-local10] 在线
[2026-04-24 00:51:11] [INFO] [CenterProbe] sh-agent-01 [sh-agent-01] 在线
[2026-04-24 00:51:11] [INFO] [CenterProbe] sh-local10 [sh-local10] 在线
[2026-04-24 00:52:12] [INFO] [CenterProbe] sh-agent-01 [sh-agent-01] 在线
[2026-04-24 00:52:12] [INFO] [CenterProbe] sh-local10 [sh-local10] 在线
[2026-04-24 00:53:13] [INFO] [CenterProbe] sh-agent-01 [sh-agent-01] 在线
[2026-04-24 00:53:13] [INFO] [CenterProbe] sh-local10 [sh-local10] 在线
[2026-04-24 00:54:14] [INFO] [CenterProbe] sh-agent-01 [sh-agent-01] 在线
[2026-04-24 00:54:14] [INFO] [CenterProbe] sh-local10 [sh-local10] 在线
[2026-04-24 00:55:15] [INFO] [CenterProbe] sh-agent-01 [sh-agent-01] 在线
[2026-04-24 00:55:15] [INFO] [CenterProbe] sh-local10 [sh-local10] 在线
[2026-04-24 00:56:17] [INFO] [CenterProbe] sh-agent-01 [sh-agent-01] 在线
[2026-04-24 00:56:17] [INFO] [CenterProbe] sh-local10 [sh-local10] 在线
[2026-04-24 00:57:17] [INFO] [CenterProbe] sh-agent-01 [sh-agent-01] 在线
[2026-04-24 00:57:17] [INFO] [CenterProbe] sh-local10 [sh-local10] 在线
[2026-04-24 00:58:19] [INFO] [CenterProbe] sh-agent-01 [sh-agent-01] 在线
[2026-04-24 00:58:19] [INFO] [CenterProbe] sh-local10 [sh-local10] 在线
[2026-04-24 00:59:20] [INFO] [CenterProbe] sh-agent-01 [sh-agent-01] 在线
[2026-04-24 00:59:20] [INFO] [CenterProbe] sh-local10 [sh-local10] 在线
[2026-04-24 01:00:21] [INFO] [CenterProbe] sh-agent-01 [sh-agent-01] 在线
[2026-04-24 01:00:21] [INFO] [CenterProbe] sh-local10 [sh-local10] 在线
[2026-04-24 01:01:22] [INFO] [CenterProbe] sh-agent-01 [sh-agent-01] 在线
[2026-04-24 01:01:22] [INFO] [CenterProbe] sh-local10 [sh-local10] 在线
[2026-04-24 01:02:23] [INFO] [CenterProbe] sh-agent-01 [sh-agent-01] 在线
[2026-04-24 01:02:23] [INFO] [CenterProbe] sh-local10 [sh-local10] 在线
[2026-04-24 01:03:24] [INFO] [CenterProbe] sh-agent-01 [sh-agent-01] 在线
[2026-04-24 01:03:25] [INFO] [CenterProbe] sh-local10 [sh-local10] 在线
[2026-04-24 01:04:26] [INFO] [CenterProbe] sh-agent-01 [sh-agent-01] 在线
[2026-04-24 01:04:26] [INFO] [CenterProbe] sh-local10 [sh-local10] 在线
[2026-04-24 01:05:27] [INFO] [CenterProbe] sh-agent-01 [sh-agent-01] 在线
[2026-04-24 01:05:27] [INFO] [CenterProbe] sh-local10 [sh-local10] 在线
[2026-04-24 01:06:28] [INFO] [CenterProbe] sh-agent-01 [sh-agent-01] 在线
[2026-04-24 01:06:28] [INFO] [CenterProbe] sh-local10 [sh-local10] 在线
[2026-04-24 01:07:29] [INFO] [CenterProbe] sh-agent-01 [sh-agent-01] 在线
[2026-04-24 01:07:29] [INFO] [CenterProbe] sh-local10 [sh-local10] 在线
[2026-04-24 01:08:30] [INFO] [CenterProbe] sh-agent-01 [sh-agent-01] 在线
[2026-04-24 01:08:30] [INFO] [CenterProbe] sh-local10 [sh-local10] 在线
[2026-04-24 01:09:32] [INFO] [CenterProbe] sh-agent-01 [sh-agent-01] 在线
[2026-04-24 01:09:32] [INFO] [CenterProbe] sh-local10 [sh-local10] 在线
[2026-04-24 01:10:33] [INFO] [CenterProbe] sh-agent-01 [sh-agent-01] 在线
[2026-04-24 01:10:33] [INFO] [CenterProbe] sh-local10 [sh-local10] 在线
[2026-04-24 01:11:34] [INFO] [CenterProbe] sh-agent-01 [sh-agent-01] 在线
[2026-04-24 01:11:34] [INFO] [CenterProbe] sh-local10 [sh-local10] 在线
[2026-04-24 01:12:35] [INFO] [CenterProbe] sh-agent-01 [sh-agent-01] 在线
[2026-04-24 01:12:35] [INFO] [CenterProbe] sh-local10 [sh-local10] 在线
[2026-04-24 01:13:37] [INFO] [CenterProbe] sh-agent-01 [sh-agent-01] 在线
[2026-04-24 01:13:37] [INFO] [CenterProbe] sh-local10 [sh-local10] 在线
[2026-04-24 01:14:38] [INFO] [CenterProbe] sh-agent-01 [sh-agent-01] 在线
[2026-04-24 01:14:38] [INFO] [CenterProbe] sh-local10 [sh-local10] 在线
[2026-04-24 01:15:39] [INFO] [CenterProbe] sh-agent-01 [sh-agent-01] 在线
[2026-04-24 01:15:39] [INFO] [CenterProbe] sh-local10 [sh-local10] 在线
[2026-04-24 01:16:41] [INFO] [CenterProbe] sh-agent-01 [sh-agent-01] 在线
[2026-04-24 01:16:41] [INFO] [CenterProbe] sh-local10 [sh-local10] 在线
[2026-04-24 01:17:41] [INFO] [CenterProbe] sh-agent-01 [sh-agent-01] 在线
[2026-04-24 01:17:41] [INFO] [CenterProbe] sh-local10 [sh-local10] 在线
[2026-04-24 01:18:43] [INFO] [CenterProbe] sh-agent-01 [sh-agent-01] 在线
[2026-04-24 01:18:43] [INFO] [CenterProbe] sh-local10 [sh-local10] 在线
[2026-04-24 01:19:44] [INFO] [CenterProbe] sh-agent-01 [sh-agent-01] 在线
[2026-04-24 01:19:44] [INFO] [CenterProbe] sh-local10 [sh-local10] 在线
[2026-04-24 01:20:46] [INFO] [CenterProbe] sh-agent-01 [sh-agent-01] 在线
[2026-04-24 01:20:46] [INFO] [CenterProbe] sh-local10 [sh-local10] 在线
[2026-04-24 01:21:47] [INFO] [CenterProbe] sh-agent-01 [sh-agent-01] 在线
[2026-04-24 01:21:47] [INFO] [CenterProbe] sh-local10 [sh-local10] 在线
[2026-04-24 01:22:48] [INFO] [CenterProbe] sh-agent-01 [sh-agent-01] 在线
[2026-04-24 01:22:48] [INFO] [CenterProbe] sh-local10 [sh-local10] 在线
[2026-04-24 01:23:50] [INFO] [CenterProbe] sh-agent-01 [sh-agent-01] 在线
[2026-04-24 01:23:50] [INFO] [CenterProbe] sh-local10 [sh-local10] 在线
[2026-04-24 01:24:50] [INFO] [CenterProbe] sh-agent-01 [sh-agent-01] 在线
[2026-04-24 01:24:50] [INFO] [CenterProbe] sh-local10 [sh-local10] 在线
[2026-04-24 01:25:52] [INFO] [CenterProbe] sh-agent-01 [sh-agent-01] 在线
[2026-04-24 01:25:52] [INFO] [CenterProbe] sh-local10 [sh-local10] 在线
[2026-04-24 01:26:53] [INFO] [CenterProbe] sh-agent-01 [sh-agent-01] 在线
[2026-04-24 01:26:53] [INFO] [CenterProbe] sh-local10 [sh-local10] 在线
[2026-04-24 01:27:55] [INFO] [CenterProbe] sh-agent-01 [sh-agent-01] 在线
[2026-04-24 01:27:55] [INFO] [CenterProbe] sh-local10 [sh-local10] 在线
[2026-04-24 01:28:56] [INFO] [CenterProbe] sh-agent-01 [sh-agent-01] 在线
[2026-04-24 01:28:56] [INFO] [CenterProbe] sh-local10 [sh-local10] 在线
[2026-04-24 01:29:58] [INFO] [CenterProbe] sh-agent-01 [sh-agent-01] 在线
[2026-04-24 01:29:58] [INFO] [CenterProbe] sh-local10 [sh-local10] 在线
[2026-04-24 01:30:59] [INFO] [CenterProbe] sh-agent-01 [sh-agent-01] 在线
[2026-04-24 01:30:59] [INFO] [CenterProbe] sh-local10 [sh-local10] 在线
[2026-04-24 01:32:00] [INFO] [CenterProbe] sh-agent-01 [sh-agent-01] 在线
[2026-04-24 01:32:00] [INFO] [CenterProbe] sh-local10 [sh-local10] 在线
[2026-04-24 01:33:01] [INFO] [CenterProbe] sh-agent-01 [sh-agent-01] 在线
[2026-04-24 01:33:01] [INFO] [CenterProbe] sh-local10 [sh-local10] 在线
[2026-04-24 01:34:03] [INFO] [CenterProbe] sh-agent-01 [sh-agent-01] 在线
[2026-04-24 01:34:03] [INFO] [CenterProbe] sh-local10 [sh-local10] 在线
[2026-04-24 01:35:04] [INFO] [CenterProbe] sh-agent-01 [sh-agent-01] 在线
[2026-04-24 01:35:04] [INFO] [CenterProbe] sh-local10 [sh-local10] 在线
[2026-04-24 01:36:06] [INFO] [CenterProbe] sh-agent-01 [sh-agent-01] 在线
[2026-04-24 01:36:06] [INFO] [CenterProbe] sh-local10 [sh-local10] 在线
[2026-04-24 01:37:07] [INFO] [CenterProbe] sh-agent-01 [sh-agent-01] 在线
[2026-04-24 01:37:07] [INFO] [CenterProbe] sh-local10 [sh-local10] 在线
[2026-04-24 01:38:09] [INFO] [CenterProbe] sh-agent-01 [sh-agent-01] 在线
[2026-04-24 01:38:09] [INFO] [CenterProbe] sh-local10 [sh-local10] 在线
[2026-04-24 01:39:09] [INFO] [CenterProbe] sh-agent-01 [sh-agent-01] 在线
[2026-04-24 01:39:10] [INFO] [CenterProbe] sh-local10 [sh-local10] 在线
[2026-04-24 01:40:11] [INFO] [CenterProbe] sh-agent-01 [sh-agent-01] 在线
[2026-04-24 01:40:11] [INFO] [CenterProbe] sh-local10 [sh-local10] 在线
[2026-04-24 01:41:13] [INFO] [CenterProbe] sh-agent-01 [sh-agent-01] 在线
[2026-04-24 01:41:13] [INFO] [CenterProbe] sh-local10 [sh-local10] 在线
[2026-04-24 01:42:14] [INFO] [CenterProbe] sh-agent-01 [sh-agent-01] 在线
[2026-04-24 01:42:14] [INFO] [CenterProbe] sh-local10 [sh-local10] 在线
[2026-04-24 01:43:15] [INFO] [CenterProbe] sh-agent-01 [sh-agent-01] 在线
[2026-04-24 01:43:16] [INFO] [CenterProbe] sh-local10 [sh-local10] 在线
[2026-04-24 01:44:17] [INFO] [CenterProbe] sh-agent-01 [sh-agent-01] 在线
[2026-04-24 01:44:17] [INFO] [CenterProbe] sh-local10 [sh-local10] 在线
[2026-04-24 01:45:18] [INFO] [CenterProbe] sh-agent-01 [sh-agent-01] 在线
[2026-04-24 01:45:18] [INFO] [CenterProbe] sh-local10 [sh-local10] 在线
[2026-04-24 01:46:19] [INFO] [CenterProbe] sh-agent-01 [sh-agent-01] 在线
[2026-04-24 01:46:19] [INFO] [CenterProbe] sh-local10 [sh-local10] 在线
[2026-04-24 01:47:21] [INFO] [CenterProbe] sh-agent-01 [sh-agent-01] 在线
[2026-04-24 01:47:21] [INFO] [CenterProbe] sh-local10 [sh-local10] 在线
[2026-04-24 01:48:22] [INFO] [CenterProbe] sh-agent-01 [sh-agent-01] 在线
[2026-04-24 01:48:22] [INFO] [CenterProbe] sh-local10 [sh-local10] 在线
[2026-04-24 01:49:24] [INFO] [CenterProbe] sh-agent-01 [sh-agent-01] 在线
[2026-04-24 01:49:24] [INFO] [CenterProbe] sh-local10 [sh-local10] 在线
[2026-04-24 01:50:25] [INFO] [CenterProbe] sh-agent-01 [sh-agent-01] 在线
[2026-04-24 01:50:25] [INFO] [CenterProbe] sh-local10 [sh-local10] 在线
[2026-04-24 01:51:27] [INFO] [CenterProbe] sh-agent-01 [sh-agent-01] 在线
[2026-04-24 01:51:27] [INFO] [CenterProbe] sh-local10 [sh-local10] 在线
[2026-04-24 01:52:28] [INFO] [CenterProbe] sh-agent-01 [sh-agent-01] 在线
[2026-04-24 01:52:28] [INFO] [CenterProbe] sh-local10 [sh-local10] 在线
[2026-04-24 01:53:29] [INFO] [CenterProbe] sh-agent-01 [sh-agent-01] 在线
[2026-04-24 01:53:29] [INFO] [CenterProbe] sh-local10 [sh-local10] 在线
[2026-04-24 01:54:31] [INFO] [CenterProbe] sh-agent-01 [sh-agent-01] 在线
[2026-04-24 01:54:31] [INFO] [CenterProbe] sh-local10 [sh-local10] 在线
[2026-04-24 01:55:32] [INFO] [CenterProbe] sh-agent-01 [sh-agent-01] 在线
[2026-04-24 01:55:32] [INFO] [CenterProbe] sh-local10 [sh-local10] 在线
[2026-04-24 01:56:34] [INFO] [CenterProbe] sh-agent-01 [sh-agent-01] 在线
[2026-04-24 01:56:34] [INFO] [CenterProbe] sh-local10 [sh-local10] 在线
[2026-04-24 01:57:35] [INFO] [CenterProbe] sh-agent-01 [sh-agent-01] 在线
[2026-04-24 01:57:35] [INFO] [CenterProbe] sh-local10 [sh-local10] 在线
[2026-04-24 01:58:36] [INFO] [CenterProbe] sh-agent-01 [sh-agent-01] 在线
[2026-04-24 01:58:36] [INFO] [CenterProbe] sh-local10 [sh-local10] 在线
[2026-04-24 01:59:38] [INFO] [CenterProbe] sh-agent-01 [sh-agent-01] 在线
[2026-04-24 01:59:38] [INFO] [CenterProbe] sh-local10 [sh-local10] 在线
[2026-04-24 02:00:39] [INFO] [CenterProbe] sh-agent-01 [sh-agent-01] 在线
[2026-04-24 02:00:39] [INFO] [CenterProbe] sh-local10 [sh-local10] 在线
[2026-04-24 02:01:41] [INFO] [CenterProbe] sh-agent-01 [sh-agent-01] 在线
[2026-04-24 02:01:41] [INFO] [CenterProbe] sh-local10 [sh-local10] 在线
[2026-04-24 02:02:42] [INFO] [CenterProbe] sh-agent-01 [sh-agent-01] 在线
[2026-04-24 02:02:42] [INFO] [CenterProbe] sh-local10 [sh-local10] 在线
[2026-04-24 02:03:44] [INFO] [CenterProbe] sh-agent-01 [sh-agent-01] 在线
[2026-04-24 02:03:44] [INFO] [CenterProbe] sh-local10 [sh-local10] 在线
[2026-04-24 02:04:45] [INFO] [CenterProbe] sh-agent-01 [sh-agent-01] 在线
[2026-04-24 02:04:45] [INFO] [CenterProbe] sh-local10 [sh-local10] 在线
[2026-04-24 02:05:46] [INFO] [CenterProbe] sh-agent-01 [sh-agent-01] 在线
[2026-04-24 02:05:46] [INFO] [CenterProbe] sh-local10 [sh-local10] 在线
[2026-04-24 02:06:48] [INFO] [CenterProbe] sh-agent-01 [sh-agent-01] 在线
[2026-04-24 02:06:48] [INFO] [CenterProbe] sh-local10 [sh-local10] 在线
[2026-04-24 02:07:49] [INFO] [CenterProbe] sh-agent-01 [sh-agent-01] 在线
[2026-04-24 02:07:49] [INFO] [CenterProbe] sh-local10 [sh-local10] 在线
[2026-04-24 02:08:50] [INFO] [CenterProbe] sh-agent-01 [sh-agent-01] 在线
[2026-04-24 02:08:50] [INFO] [CenterProbe] sh-local10 [sh-local10] 在线
[2026-04-24 02:09:52] [INFO] [CenterProbe] sh-agent-01 [sh-agent-01] 在线
[2026-04-24 02:09:52] [INFO] [CenterProbe] sh-local10 [sh-local10] 在线
[2026-04-24 02:10:53] [INFO] [CenterProbe] sh-agent-01 [sh-agent-01] 在线
[2026-04-24 02:10:54] [INFO] [CenterProbe] sh-local10 [sh-local10] 在线
[2026-04-24 02:11:55] [INFO] [CenterProbe] sh-agent-01 [sh-agent-01] 在线
[2026-04-24 02:11:55] [INFO] [CenterProbe] sh-local10 [sh-local10] 在线
[2026-04-24 02:12:57] [INFO] [CenterProbe] sh-agent-01 [sh-agent-01] 在线
[2026-04-24 02:12:57] [INFO] [CenterProbe] sh-local10 [sh-local10] 在线
[2026-04-24 02:13:58] [INFO] [CenterProbe] sh-agent-01 [sh-agent-01] 在线
[2026-04-24 02:13:58] [INFO] [CenterProbe] sh-local10 [sh-local10] 在线
[2026-04-24 02:15:00] [INFO] [CenterProbe] sh-agent-01 [sh-agent-01] 在线
[2026-04-24 02:15:00] [INFO] [CenterProbe] sh-local10 [sh-local10] 在线
[2026-04-24 02:16:01] [INFO] [CenterProbe] sh-agent-01 [sh-agent-01] 在线
[2026-04-24 02:16:01] [INFO] [CenterProbe] sh-local10 [sh-local10] 在线
[2026-04-24 02:17:03] [INFO] [CenterProbe] sh-agent-01 [sh-agent-01] 在线
[2026-04-24 02:17:03] [INFO] [CenterProbe] sh-local10 [sh-local10] 在线
[2026-04-24 02:18:05] [INFO] [CenterProbe] sh-agent-01 [sh-agent-01] 在线
[2026-04-24 02:18:05] [INFO] [CenterProbe] sh-local10 [sh-local10] 在线
[2026-04-24 02:19:06] [INFO] [CenterProbe] sh-agent-01 [sh-agent-01] 在线
[2026-04-24 02:19:06] [INFO] [CenterProbe] sh-local10 [sh-local10] 在线
[2026-04-24 02:20:07] [INFO] [CenterProbe] sh-agent-01 [sh-agent-01] 在线
[2026-04-24 02:20:08] [INFO] [CenterProbe] sh-local10 [sh-local10] 在线
[2026-04-24 02:21:09] [INFO] [CenterProbe] sh-agent-01 [sh-agent-01] 在线
[2026-04-24 02:21:09] [INFO] [CenterProbe] sh-local10 [sh-local10] 在线
[2026-04-24 02:22:11] [INFO] [CenterProbe] sh-agent-01 [sh-agent-01] 在线
[2026-04-24 02:22:11] [INFO] [CenterProbe] sh-local10 [sh-local10] 在线
[2026-04-24 02:23:12] [INFO] [CenterProbe] sh-agent-01 [sh-agent-01] 在线
[2026-04-24 02:23:12] [INFO] [CenterProbe] sh-local10 [sh-local10] 在线
[2026-04-24 02:24:14] [INFO] [CenterProbe] sh-agent-01 [sh-agent-01] 在线
[2026-04-24 02:24:14] [INFO] [CenterProbe] sh-local10 [sh-local10] 在线
[2026-04-24 02:25:15] [INFO] [CenterProbe] sh-agent-01 [sh-agent-01] 在线
[2026-04-24 02:25:15] [INFO] [CenterProbe] sh-local10 [sh-local10] 在线
[2026-04-24 02:26:17] [INFO] [CenterProbe] sh-agent-01 [sh-agent-01] 在线
[2026-04-24 02:26:17] [INFO] [CenterProbe] sh-local10 [sh-local10] 在线
[2026-04-24 02:27:19] [INFO] [CenterProbe] sh-agent-01 [sh-agent-01] 在线
[2026-04-24 02:27:19] [INFO] [CenterProbe] sh-local10 [sh-local10] 在线
[2026-04-24 02:28:20] [INFO] [CenterProbe] sh-agent-01 [sh-agent-01] 在线
[2026-04-24 02:28:20] [INFO] [CenterProbe] sh-local10 [sh-local10] 在线
[2026-04-24 02:29:22] [INFO] [CenterProbe] sh-agent-01 [sh-agent-01] 在线
[2026-04-24 02:29:22] [INFO] [CenterProbe] sh-local10 [sh-local10] 在线
[2026-04-24 02:30:24] [INFO] [CenterProbe] sh-agent-01 [sh-agent-01] 在线
[2026-04-24 02:30:24] [INFO] [CenterProbe] sh-local10 [sh-local10] 在线
[2026-04-24 02:31:26] [INFO] [CenterProbe] sh-agent-01 [sh-agent-01] 在线
[2026-04-24 02:31:26] [INFO] [CenterProbe] sh-local10 [sh-local10] 在线
[2026-04-24 02:32:27] [INFO] [CenterProbe] sh-agent-01 [sh-agent-01] 在线
[2026-04-24 02:32:27] [INFO] [CenterProbe] sh-local10 [sh-local10] 在线
[2026-04-24 02:33:28] [INFO] [CenterProbe] sh-agent-01 [sh-agent-01] 在线
[2026-04-24 02:33:28] [INFO] [CenterProbe] sh-local10 [sh-local10] 在线
[2026-04-24 02:34:31] [INFO] [CenterProbe] sh-agent-01 [sh-agent-01] 在线
[2026-04-24 02:34:31] [INFO] [CenterProbe] sh-local10 [sh-local10] 在线
[2026-04-24 02:35:32] [INFO] [CenterProbe] sh-agent-01 [sh-agent-01] 在线
[2026-04-24 02:35:32] [INFO] [CenterProbe] sh-local10 [sh-local10] 在线
[2026-04-24 02:36:33] [INFO] [CenterProbe] sh-agent-01 [sh-agent-01] 在线
[2026-04-24 02:36:33] [INFO] [CenterProbe] sh-local10 [sh-local10] 在线
[2026-04-24 02:37:35] [INFO] [CenterProbe] sh-agent-01 [sh-agent-01] 在线
[2026-04-24 02:37:35] [INFO] [CenterProbe] sh-local10 [sh-local10] 在线
[2026-04-24 02:38:37] [INFO] [CenterProbe] sh-agent-01 [sh-agent-01] 在线
[2026-04-24 02:38:37] [INFO] [CenterProbe] sh-local10 [sh-local10] 在线
[2026-04-24 02:39:38] [INFO] [CenterProbe] sh-agent-01 [sh-agent-01] 在线
[2026-04-24 02:39:39] [INFO] [CenterProbe] sh-local10 [sh-local10] 在线
[2026-04-24 02:40:39] [INFO] [CenterProbe] sh-agent-01 [sh-agent-01] 在线
[2026-04-24 02:40:39] [INFO] [CenterProbe] sh-local10 [sh-local10] 在线
[2026-04-24 02:41:40] [INFO] [CenterProbe] sh-agent-01 [sh-agent-01] 在线
[2026-04-24 02:41:41] [INFO] [CenterProbe] sh-local10 [sh-local10] 在线
[2026-04-24 02:42:42] [INFO] [CenterProbe] sh-agent-01 [sh-agent-01] 在线
[2026-04-24 02:42:42] [INFO] [CenterProbe] sh-local10 [sh-local10] 在线
[2026-04-24 02:43:43] [INFO] [CenterProbe] sh-agent-01 [sh-agent-01] 在线
[2026-04-24 02:43:43] [INFO] [CenterProbe] sh-local10 [sh-local10] 在线
[2026-04-24 02:44:44] [INFO] [CenterProbe] sh-agent-01 [sh-agent-01] 在线
[2026-04-24 02:44:44] [INFO] [CenterProbe] sh-local10 [sh-local10] 在线
[2026-04-24 02:45:45] [INFO] [CenterProbe] sh-agent-01 [sh-agent-01] 在线
[2026-04-24 02:45:45] [INFO] [CenterProbe] sh-local10 [sh-local10] 在线
[2026-04-24 02:46:46] [INFO] [CenterProbe] sh-agent-01 [sh-agent-01] 在线
[2026-04-24 02:46:46] [INFO] [CenterProbe] sh-local10 [sh-local10] 在线
[2026-04-24 02:47:47] [INFO] [CenterProbe] sh-agent-01 [sh-agent-01] 在线
[2026-04-24 02:47:47] [INFO] [CenterProbe] sh-local10 [sh-local10] 在线
[2026-04-24 02:48:48] [INFO] [CenterProbe] sh-agent-01 [sh-agent-01] 在线
[2026-04-24 02:48:48] [INFO] [CenterProbe] sh-local10 [sh-local10] 在线
[2026-04-24 02:49:49] [INFO] [CenterProbe] sh-agent-01 [sh-agent-01] 在线
[2026-04-24 02:49:49] [INFO] [CenterProbe] sh-local10 [sh-local10] 在线
[2026-04-24 02:50:51] [INFO] [CenterProbe] sh-agent-01 [sh-agent-01] 在线
[2026-04-24 02:50:51] [INFO] [CenterProbe] sh-local10 [sh-local10] 在线
[2026-04-24 02:51:52] [INFO] [CenterProbe] sh-agent-01 [sh-agent-01] 在线
[2026-04-24 02:51:52] [INFO] [CenterProbe] sh-local10 [sh-local10] 在线
[2026-04-24 02:52:54] [INFO] [CenterProbe] sh-agent-01 [sh-agent-01] 在线
[2026-04-24 02:52:54] [INFO] [CenterProbe] sh-local10 [sh-local10] 在线
[2026-04-24 02:53:55] [INFO] [CenterProbe] sh-agent-01 [sh-agent-01] 在线
[2026-04-24 02:53:55] [INFO] [CenterProbe] sh-local10 [sh-local10] 在线
[2026-04-24 02:54:56] [INFO] [CenterProbe] sh-agent-01 [sh-agent-01] 在线
[2026-04-24 02:54:56] [INFO] [CenterProbe] sh-local10 [sh-local10] 在线
[2026-04-24 02:55:57] [INFO] [CenterProbe] sh-agent-01 [sh-agent-01] 在线
[2026-04-24 02:55:58] [INFO] [CenterProbe] sh-local10 [sh-local10] 在线
[2026-04-24 02:56:58] [INFO] [CenterProbe] sh-agent-01 [sh-agent-01] 在线
[2026-04-24 02:56:58] [INFO] [CenterProbe] sh-local10 [sh-local10] 在线
[2026-04-24 02:57:59] [INFO] [CenterProbe] sh-agent-01 [sh-agent-01] 在线
[2026-04-24 02:57:59] [INFO] [CenterProbe] sh-local10 [sh-local10] 在线
[2026-04-24 02:59:00] [INFO] [CenterProbe] sh-agent-01 [sh-agent-01] 在线
[2026-04-24 02:59:00] [INFO] [CenterProbe] sh-local10 [sh-local10] 在线
[2026-04-24 03:00:01] [INFO] [CenterProbe] sh-agent-01 [sh-agent-01] 在线
[2026-04-24 03:00:01] [INFO] [CenterProbe] sh-local10 [sh-local10] 在线
[2026-04-24 03:01:02] [INFO] [CenterProbe] sh-agent-01 [sh-agent-01] 在线
[2026-04-24 03:01:02] [INFO] [CenterProbe] sh-local10 [sh-local10] 在线
[2026-04-24 03:02:03] [INFO] [CenterProbe] sh-agent-01 [sh-agent-01] 在线
[2026-04-24 03:02:03] [INFO] [CenterProbe] sh-local10 [sh-local10] 在线
[2026-04-24 03:03:04] [INFO] [CenterProbe] sh-agent-01 [sh-agent-01] 在线
[2026-04-24 03:03:04] [INFO] [CenterProbe] sh-local10 [sh-local10] 在线
[2026-04-24 03:04:05] [INFO] [CenterProbe] sh-agent-01 [sh-agent-01] 在线
[2026-04-24 03:04:05] [INFO] [CenterProbe] sh-local10 [sh-local10] 在线
[2026-04-24 03:05:06] [INFO] [CenterProbe] sh-agent-01 [sh-agent-01] 在线
[2026-04-24 03:05:06] [INFO] [CenterProbe] sh-local10 [sh-local10] 在线
[2026-04-24 03:06:07] [INFO] [CenterProbe] sh-agent-01 [sh-agent-01] 在线
[2026-04-24 03:06:07] [INFO] [CenterProbe] sh-local10 [sh-local10] 在线
[2026-04-24 03:07:09] [INFO] [CenterProbe] sh-agent-01 [sh-agent-01] 在线
[2026-04-24 03:07:09] [INFO] [CenterProbe] sh-local10 [sh-local10] 在线
[2026-04-24 03:08:11] [INFO] [CenterProbe] sh-agent-01 [sh-agent-01] 在线
[2026-04-24 03:08:11] [INFO] [CenterProbe] sh-local10 [sh-local10] 在线
[2026-04-24 03:09:12] [INFO] [CenterProbe] sh-agent-01 [sh-agent-01] 在线
[2026-04-24 03:09:13] [INFO] [CenterProbe] sh-local10 [sh-local10] 在线
[2026-04-24 03:10:14] [INFO] [CenterProbe] sh-agent-01 [sh-agent-01] 在线
[2026-04-24 03:10:14] [INFO] [CenterProbe] sh-local10 [sh-local10] 在线
[2026-04-24 03:11:16] [INFO] [CenterProbe] sh-agent-01 [sh-agent-01] 在线
[2026-04-24 03:11:16] [INFO] [CenterProbe] sh-local10 [sh-local10] 在线
[2026-04-24 03:12:16] [INFO] [CenterProbe] sh-agent-01 [sh-agent-01] 在线
[2026-04-24 03:12:16] [INFO] [CenterProbe] sh-local10 [sh-local10] 在线
[2026-04-24 03:13:18] [INFO] [CenterProbe] sh-agent-01 [sh-agent-01] 在线
[2026-04-24 03:13:18] [INFO] [CenterProbe] sh-local10 [sh-local10] 在线
[2026-04-24 03:14:19] [INFO] [CenterProbe] sh-agent-01 [sh-agent-01] 在线
[2026-04-24 03:14:19] [INFO] [CenterProbe] sh-local10 [sh-local10] 在线
[2026-04-24 03:15:21] [INFO] [CenterProbe] sh-agent-01 [sh-agent-01] 在线
[2026-04-24 03:15:21] [INFO] [CenterProbe] sh-local10 [sh-local10] 在线
[2026-04-24 03:16:22] [INFO] [CenterProbe] sh-agent-01 [sh-agent-01] 在线
[2026-04-24 03:16:23] [INFO] [CenterProbe] sh-local10 [sh-local10] 在线
[2026-04-24 03:17:24] [INFO] [CenterProbe] sh-agent-01 [sh-agent-01] 在线
[2026-04-24 03:17:24] [INFO] [CenterProbe] sh-local10 [sh-local10] 在线
[2026-04-24 03:18:25] [INFO] [CenterProbe] sh-agent-01 [sh-agent-01] 在线
[2026-04-24 03:18:25] [INFO] [CenterProbe] sh-local10 [sh-local10] 在线
[2026-04-24 03:19:27] [INFO] [CenterProbe] sh-agent-01 [sh-agent-01] 在线
[2026-04-24 03:19:27] [INFO] [CenterProbe] sh-local10 [sh-local10] 在线
[2026-04-24 03:20:28] [INFO] [CenterProbe] sh-agent-01 [sh-agent-01] 在线
[2026-04-24 03:20:28] [INFO] [CenterProbe] sh-local10 [sh-local10] 在线
[2026-04-24 03:21:30] [INFO] [CenterProbe] sh-agent-01 [sh-agent-01] 在线
[2026-04-24 03:21:30] [INFO] [CenterProbe] sh-local10 [sh-local10] 在线
[2026-04-24 03:22:32] [INFO] [CenterProbe] sh-agent-01 [sh-agent-01] 在线
[2026-04-24 03:22:32] [INFO] [CenterProbe] sh-local10 [sh-local10] 在线
[2026-04-24 03:23:34] [INFO] [CenterProbe] sh-agent-01 [sh-agent-01] 在线
[2026-04-24 03:23:34] [INFO] [CenterProbe] sh-local10 [sh-local10] 在线
[2026-04-24 03:24:36] [INFO] [CenterProbe] sh-agent-01 [sh-agent-01] 在线
[2026-04-24 03:24:36] [INFO] [CenterProbe] sh-local10 [sh-local10] 在线
[2026-04-24 03:25:37] [INFO] [CenterProbe] sh-agent-01 [sh-agent-01] 在线
[2026-04-24 03:25:37] [INFO] [CenterProbe] sh-local10 [sh-local10] 在线
[2026-04-24 03:26:39] [INFO] [CenterProbe] sh-agent-01 [sh-agent-01] 在线
[2026-04-24 03:26:39] [INFO] [CenterProbe] sh-local10 [sh-local10] 在线
[2026-04-24 03:27:40] [INFO] [CenterProbe] sh-agent-01 [sh-agent-01] 在线
[2026-04-24 03:27:41] [INFO] [CenterProbe] sh-local10 [sh-local10] 在线
[2026-04-24 03:28:42] [INFO] [CenterProbe] sh-agent-01 [sh-agent-01] 在线
[2026-04-24 03:28:42] [INFO] [CenterProbe] sh-local10 [sh-local10] 在线
[2026-04-24 03:29:44] [INFO] [CenterProbe] sh-agent-01 [sh-agent-01] 在线
[2026-04-24 03:29:44] [INFO] [CenterProbe] sh-local10 [sh-local10] 在线
[2026-04-24 03:30:46] [INFO] [CenterProbe] sh-agent-01 [sh-agent-01] 在线
[2026-04-24 03:30:46] [INFO] [CenterProbe] sh-local10 [sh-local10] 在线
[2026-04-24 03:31:48] [INFO] [CenterProbe] sh-agent-01 [sh-agent-01] 在线
[2026-04-24 03:31:48] [INFO] [CenterProbe] sh-local10 [sh-local10] 在线
[2026-04-24 03:32:49] [INFO] [CenterProbe] sh-agent-01 [sh-agent-01] 在线
[2026-04-24 03:32:49] [INFO] [CenterProbe] sh-local10 [sh-local10] 在线
[2026-04-24 03:33:51] [INFO] [CenterProbe] sh-agent-01 [sh-agent-01] 在线
[2026-04-24 03:33:51] [INFO] [CenterProbe] sh-local10 [sh-local10] 在线
[2026-04-24 03:34:53] [INFO] [CenterProbe] sh-agent-01 [sh-agent-01] 在线
[2026-04-24 03:34:53] [INFO] [CenterProbe] sh-local10 [sh-local10] 在线
[2026-04-24 03:35:55] [INFO] [CenterProbe] sh-agent-01 [sh-agent-01] 在线
[2026-04-24 03:35:55] [INFO] [CenterProbe] sh-local10 [sh-local10] 在线
[2026-04-24 03:36:56] [INFO] [CenterProbe] sh-agent-01 [sh-agent-01] 在线
[2026-04-24 03:36:56] [INFO] [CenterProbe] sh-local10 [sh-local10] 在线
[2026-04-24 03:37:58] [INFO] [CenterProbe] sh-agent-01 [sh-agent-01] 在线
[2026-04-24 03:37:58] [INFO] [CenterProbe] sh-local10 [sh-local10] 在线
[2026-04-24 03:39:00] [INFO] [CenterProbe] sh-agent-01 [sh-agent-01] 在线
[2026-04-24 03:39:00] [INFO] [CenterProbe] sh-local10 [sh-local10] 在线
[2026-04-24 03:40:02] [INFO] [CenterProbe] sh-agent-01 [sh-agent-01] 在线
[2026-04-24 03:40:02] [INFO] [CenterProbe] sh-local10 [sh-local10] 在线
[2026-04-24 03:41:04] [INFO] [CenterProbe] sh-agent-01 [sh-agent-01] 在线
[2026-04-24 03:41:04] [INFO] [CenterProbe] sh-local10 [sh-local10] 在线
[2026-04-24 03:42:06] [INFO] [CenterProbe] sh-agent-01 [sh-agent-01] 在线
[2026-04-24 03:42:06] [INFO] [CenterProbe] sh-local10 [sh-local10] 在线
[2026-04-24 03:43:08] [INFO] [CenterProbe] sh-agent-01 [sh-agent-01] 在线
[2026-04-24 03:43:08] [INFO] [CenterProbe] sh-local10 [sh-local10] 在线
[2026-04-24 03:44:09] [INFO] [CenterProbe] sh-agent-01 [sh-agent-01] 在线
[2026-04-24 03:44:09] [INFO] [CenterProbe] sh-local10 [sh-local10] 在线
[2026-04-24 03:45:11] [INFO] [CenterProbe] sh-agent-01 [sh-agent-01] 在线
[2026-04-24 03:45:11] [INFO] [CenterProbe] sh-local10 [sh-local10] 在线
[2026-04-24 03:46:13] [INFO] [CenterProbe] sh-agent-01 [sh-agent-01] 在线
[2026-04-24 03:46:13] [INFO] [CenterProbe] sh-local10 [sh-local10] 在线
[2026-04-24 03:47:15] [INFO] [CenterProbe] sh-agent-01 [sh-agent-01] 在线
[2026-04-24 03:47:15] [INFO] [CenterProbe] sh-local10 [sh-local10] 在线
[2026-04-24 03:48:17] [INFO] [CenterProbe] sh-agent-01 [sh-agent-01] 在线
[2026-04-24 03:48:17] [INFO] [CenterProbe] sh-local10 [sh-local10] 在线
[2026-04-24 03:49:19] [INFO] [CenterProbe] sh-agent-01 [sh-agent-01] 在线
[2026-04-24 03:49:19] [INFO] [CenterProbe] sh-local10 [sh-local10] 在线
[2026-04-24 03:50:21] [INFO] [CenterProbe] sh-agent-01 [sh-agent-01] 在线
[2026-04-24 03:50:21] [INFO] [CenterProbe] sh-local10 [sh-local10] 在线
[2026-04-24 03:51:22] [INFO] [CenterProbe] sh-agent-01 [sh-agent-01] 在线
[2026-04-24 03:51:22] [INFO] [CenterProbe] sh-local10 [sh-local10] 在线
[2026-04-24 03:52:24] [INFO] [CenterProbe] sh-agent-01 [sh-agent-01] 在线
[2026-04-24 03:52:24] [INFO] [CenterProbe] sh-local10 [sh-local10] 在线
[2026-04-24 03:53:27] [INFO] [CenterProbe] sh-agent-01 [sh-agent-01] 在线
[2026-04-24 03:53:27] [INFO] [CenterProbe] sh-local10 [sh-local10] 在线
[2026-04-24 03:54:29] [INFO] [CenterProbe] sh-agent-01 [sh-agent-01] 在线
[2026-04-24 03:54:29] [INFO] [CenterProbe] sh-local10 [sh-local10] 在线
[2026-04-24 03:55:31] [INFO] [CenterProbe] sh-agent-01 [sh-agent-01] 在线
[2026-04-24 03:55:31] [INFO] [CenterProbe] sh-local10 [sh-local10] 在线
[2026-04-24 03:56:33] [INFO] [CenterProbe] sh-agent-01 [sh-agent-01] 在线
[2026-04-24 03:56:33] [INFO] [CenterProbe] sh-local10 [sh-local10] 在线
[2026-04-24 03:57:34] [INFO] [CenterProbe] sh-agent-01 [sh-agent-01] 在线
[2026-04-24 03:57:34] [INFO] [CenterProbe] sh-local10 [sh-local10] 在线
[2026-04-24 03:58:36] [INFO] [CenterProbe] sh-agent-01 [sh-agent-01] 在线
[2026-04-24 03:58:36] [INFO] [CenterProbe] sh-local10 [sh-local10] 在线
[2026-04-24 03:59:38] [INFO] [CenterProbe] sh-agent-01 [sh-agent-01] 在线
[2026-04-24 03:59:38] [INFO] [CenterProbe] sh-local10 [sh-local10] 在线
[2026-04-24 04:00:40] [INFO] [CenterProbe] sh-agent-01 [sh-agent-01] 在线
[2026-04-24 04:00:40] [INFO] [CenterProbe] sh-local10 [sh-local10] 在线
[2026-04-24 04:01:42] [INFO] [CenterProbe] sh-agent-01 [sh-agent-01] 在线
[2026-04-24 04:01:42] [INFO] [CenterProbe] sh-local10 [sh-local10] 在线
[2026-04-24 04:02:44] [INFO] [CenterProbe] sh-agent-01 [sh-agent-01] 在线
[2026-04-24 04:02:44] [INFO] [CenterProbe] sh-local10 [sh-local10] 在线
[2026-04-24 04:03:46] [INFO] [CenterProbe] sh-agent-01 [sh-agent-01] 在线
[2026-04-24 04:03:46] [INFO] [CenterProbe] sh-local10 [sh-local10] 在线
[2026-04-24 04:04:47] [INFO] [CenterProbe] sh-agent-01 [sh-agent-01] 在线
[2026-04-24 04:04:48] [INFO] [CenterProbe] sh-local10 [sh-local10] 在线
[2026-04-24 04:05:50] [INFO] [CenterProbe] sh-agent-01 [sh-agent-01] 在线
[2026-04-24 04:05:50] [INFO] [CenterProbe] sh-local10 [sh-local10] 在线
[2026-04-24 04:06:51] [INFO] [CenterProbe] sh-agent-01 [sh-agent-01] 在线
[2026-04-24 04:06:51] [INFO] [CenterProbe] sh-local10 [sh-local10] 在线
[2026-04-24 04:07:53] [INFO] [CenterProbe] sh-agent-01 [sh-agent-01] 在线
[2026-04-24 04:07:53] [INFO] [CenterProbe] sh-local10 [sh-local10] 在线
[2026-04-24 04:08:53] [INFO] [CenterProbe] sh-agent-01 [sh-agent-01] 在线
[2026-04-24 04:08:53] [INFO] [CenterProbe] sh-local10 [sh-local10] 在线
[2026-04-24 04:09:55] [INFO] [CenterProbe] sh-agent-01 [sh-agent-01] 在线
[2026-04-24 04:09:55] [INFO] [CenterProbe] sh-local10 [sh-local10] 在线
[2026-04-24 04:10:56] [INFO] [CenterProbe] sh-agent-01 [sh-agent-01] 在线
[2026-04-24 04:10:56] [INFO] [CenterProbe] sh-local10 [sh-local10] 在线
[2026-04-24 04:11:58] [INFO] [CenterProbe] sh-agent-01 [sh-agent-01] 在线
[2026-04-24 04:11:58] [INFO] [CenterProbe] sh-local10 [sh-local10] 在线
[2026-04-24 04:12:59] [INFO] [CenterProbe] sh-agent-01 [sh-agent-01] 在线
[2026-04-24 04:13:00] [INFO] [CenterProbe] sh-local10 [sh-local10] 在线
[2026-04-24 04:14:01] [INFO] [CenterProbe] sh-agent-01 [sh-agent-01] 在线
[2026-04-24 04:14:02] [INFO] [CenterProbe] sh-local10 [sh-local10] 在线
[2026-04-24 04:15:03] [INFO] [CenterProbe] sh-agent-01 [sh-agent-01] 在线
[2026-04-24 04:15:03] [INFO] [CenterProbe] sh-local10 [sh-local10] 在线
[2026-04-24 04:16:04] [INFO] [CenterProbe] sh-agent-01 [sh-agent-01] 在线
[2026-04-24 04:16:04] [INFO] [CenterProbe] sh-local10 [sh-local10] 在线
[2026-04-24 04:17:06] [INFO] [CenterProbe] sh-agent-01 [sh-agent-01] 在线
[2026-04-24 04:17:06] [INFO] [CenterProbe] sh-local10 [sh-local10] 在线
[2026-04-24 04:18:08] [INFO] [CenterProbe] sh-agent-01 [sh-agent-01] 在线
[2026-04-24 04:18:08] [INFO] [CenterProbe] sh-local10 [sh-local10] 在线
[2026-04-24 04:19:10] [INFO] [CenterProbe] sh-agent-01 [sh-agent-01] 在线
[2026-04-24 04:19:10] [INFO] [CenterProbe] sh-local10 [sh-local10] 在线
[2026-04-24 04:20:12] [INFO] [CenterProbe] sh-agent-01 [sh-agent-01] 在线
[2026-04-24 04:20:12] [INFO] [CenterProbe] sh-local10 [sh-local10] 在线
[2026-04-24 04:21:14] [INFO] [CenterProbe] sh-agent-01 [sh-agent-01] 在线
[2026-04-24 04:21:14] [INFO] [CenterProbe] sh-local10 [sh-local10] 在线
[2026-04-24 04:22:16] [INFO] [CenterProbe] sh-agent-01 [sh-agent-01] 在线
[2026-04-24 04:22:16] [INFO] [CenterProbe] sh-local10 [sh-local10] 在线
[2026-04-24 04:23:17] [INFO] [CenterProbe] sh-agent-01 [sh-agent-01] 在线
[2026-04-24 04:23:17] [INFO] [CenterProbe] sh-local10 [sh-local10] 在线
[2026-04-24 04:24:19] [INFO] [CenterProbe] sh-agent-01 [sh-agent-01] 在线
[2026-04-24 04:24:19] [INFO] [CenterProbe] sh-local10 [sh-local10] 在线
[2026-04-24 04:25:21] [INFO] [CenterProbe] sh-agent-01 [sh-agent-01] 在线
[2026-04-24 04:25:21] [INFO] [CenterProbe] sh-local10 [sh-local10] 在线
[2026-04-24 04:26:22] [INFO] [CenterProbe] sh-agent-01 [sh-agent-01] 在线
[2026-04-24 04:26:22] [INFO] [CenterProbe] sh-local10 [sh-local10] 在线
[2026-04-24 04:27:24] [INFO] [CenterProbe] sh-agent-01 [sh-agent-01] 在线
[2026-04-24 04:27:24] [INFO] [CenterProbe] sh-local10 [sh-local10] 在线
[2026-04-24 04:28:26] [INFO] [CenterProbe] sh-agent-01 [sh-agent-01] 在线
[2026-04-24 04:28:26] [INFO] [CenterProbe] sh-local10 [sh-local10] 在线
[2026-04-24 04:29:28] [INFO] [CenterProbe] sh-agent-01 [sh-agent-01] 在线
[2026-04-24 04:29:28] [INFO] [CenterProbe] sh-local10 [sh-local10] 在线
[2026-04-24 04:30:30] [INFO] [CenterProbe] sh-agent-01 [sh-agent-01] 在线
[2026-04-24 04:30:30] [INFO] [CenterProbe] sh-local10 [sh-local10] 在线
[2026-04-24 04:31:32] [INFO] [CenterProbe] sh-agent-01 [sh-agent-01] 在线
[2026-04-24 04:31:32] [INFO] [CenterProbe] sh-local10 [sh-local10] 在线
[2026-04-24 04:32:34] [INFO] [CenterProbe] sh-agent-01 [sh-agent-01] 在线
[2026-04-24 04:32:34] [INFO] [CenterProbe] sh-local10 [sh-local10] 在线
[2026-04-24 04:33:35] [INFO] [CenterProbe] sh-agent-01 [sh-agent-01] 在线
[2026-04-24 04:33:35] [INFO] [CenterProbe] sh-local10 [sh-local10] 在线
[2026-04-24 04:34:37] [INFO] [CenterProbe] sh-agent-01 [sh-agent-01] 在线
[2026-04-24 04:34:38] [INFO] [CenterProbe] sh-local10 [sh-local10] 在线
[2026-04-24 04:35:39] [INFO] [CenterProbe] sh-agent-01 [sh-agent-01] 在线
[2026-04-24 04:35:39] [INFO] [CenterProbe] sh-local10 [sh-local10] 在线
[2026-04-24 04:36:40] [INFO] [CenterProbe] sh-agent-01 [sh-agent-01] 在线
[2026-04-24 04:36:40] [INFO] [CenterProbe] sh-local10 [sh-local10] 在线
[2026-04-24 04:37:41] [INFO] [CenterProbe] sh-agent-01 [sh-agent-01] 在线
[2026-04-24 04:37:41] [INFO] [CenterProbe] sh-local10 [sh-local10] 在线
[2026-04-24 04:38:43] [INFO] [CenterProbe] sh-agent-01 [sh-agent-01] 在线
[2026-04-24 04:38:43] [INFO] [CenterProbe] sh-local10 [sh-local10] 在线
[2026-04-24 04:39:45] [INFO] [CenterProbe] sh-agent-01 [sh-agent-01] 在线
[2026-04-24 04:39:45] [INFO] [CenterProbe] sh-local10 [sh-local10] 在线
[2026-04-24 04:40:45] [INFO] [CenterProbe] sh-agent-01 [sh-agent-01] 在线
[2026-04-24 04:40:45] [INFO] [CenterProbe] sh-local10 [sh-local10] 在线
[2026-04-24 04:41:47] [INFO] [CenterProbe] sh-agent-01 [sh-agent-01] 在线
[2026-04-24 04:41:47] [INFO] [CenterProbe] sh-local10 [sh-local10] 在线
[2026-04-24 04:42:48] [INFO] [CenterProbe] sh-agent-01 [sh-agent-01] 在线
[2026-04-24 04:42:48] [INFO] [CenterProbe] sh-local10 [sh-local10] 在线
[2026-04-24 04:43:50] [INFO] [CenterProbe] sh-agent-01 [sh-agent-01] 在线
[2026-04-24 04:43:50] [INFO] [CenterProbe] sh-local10 [sh-local10] 在线
[2026-04-24 04:44:51] [INFO] [CenterProbe] sh-agent-01 [sh-agent-01] 在线
[2026-04-24 04:44:52] [INFO] [CenterProbe] sh-local10 [sh-local10] 在线
[2026-04-24 04:45:53] [INFO] [CenterProbe] sh-agent-01 [sh-agent-01] 在线
[2026-04-24 04:45:53] [INFO] [CenterProbe] sh-local10 [sh-local10] 在线
[2026-04-24 04:46:55] [INFO] [CenterProbe] sh-agent-01 [sh-agent-01] 在线
[2026-04-24 04:46:55] [INFO] [CenterProbe] sh-local10 [sh-local10] 在线
[2026-04-24 04:47:56] [INFO] [CenterProbe] sh-agent-01 [sh-agent-01] 在线
[2026-04-24 04:47:56] [INFO] [CenterProbe] sh-local10 [sh-local10] 在线
[2026-04-24 04:48:58] [INFO] [CenterProbe] sh-agent-01 [sh-agent-01] 在线
[2026-04-24 04:48:58] [INFO] [CenterProbe] sh-local10 [sh-local10] 在线
[2026-04-24 04:50:00] [INFO] [CenterProbe] sh-agent-01 [sh-agent-01] 在线
[2026-04-24 04:50:00] [INFO] [CenterProbe] sh-local10 [sh-local10] 在线
[2026-04-24 04:51:02] [INFO] [CenterProbe] sh-agent-01 [sh-agent-01] 在线
[2026-04-24 04:51:02] [INFO] [CenterProbe] sh-local10 [sh-local10] 在线
[2026-04-24 04:52:04] [INFO] [CenterProbe] sh-agent-01 [sh-agent-01] 在线
[2026-04-24 04:52:04] [INFO] [CenterProbe] sh-local10 [sh-local10] 在线
[2026-04-24 04:53:06] [INFO] [CenterProbe] sh-agent-01 [sh-agent-01] 在线
[2026-04-24 04:53:06] [INFO] [CenterProbe] sh-local10 [sh-local10] 在线
[2026-04-24 04:54:08] [INFO] [CenterProbe] sh-agent-01 [sh-agent-01] 在线
[2026-04-24 04:54:08] [INFO] [CenterProbe] sh-local10 [sh-local10] 在线
[2026-04-24 04:55:09] [INFO] [CenterProbe] sh-agent-01 [sh-agent-01] 在线
[2026-04-24 04:55:09] [INFO] [CenterProbe] sh-local10 [sh-local10] 在线
[2026-04-24 04:56:11] [INFO] [CenterProbe] sh-agent-01 [sh-agent-01] 在线
[2026-04-24 04:56:11] [INFO] [CenterProbe] sh-local10 [sh-local10] 在线
[2026-04-24 04:57:13] [INFO] [CenterProbe] sh-agent-01 [sh-agent-01] 在线
[2026-04-24 04:57:13] [INFO] [CenterProbe] sh-local10 [sh-local10] 在线
[2026-04-24 04:58:15] [INFO] [CenterProbe] sh-agent-01 [sh-agent-01] 在线
[2026-04-24 04:58:15] [INFO] [CenterProbe] sh-local10 [sh-local10] 在线
[2026-04-24 04:59:17] [INFO] [CenterProbe] sh-agent-01 [sh-agent-01] 在线
[2026-04-24 04:59:17] [INFO] [CenterProbe] sh-local10 [sh-local10] 在线
[2026-04-24 05:00:19] [INFO] [CenterProbe] sh-agent-01 [sh-agent-01] 在线
[2026-04-24 05:00:19] [INFO] [CenterProbe] sh-local10 [sh-local10] 在线
[2026-04-24 05:01:21] [INFO] [CenterProbe] sh-agent-01 [sh-agent-01] 在线
[2026-04-24 05:01:21] [INFO] [CenterProbe] sh-local10 [sh-local10] 在线
[2026-04-24 05:02:22] [INFO] [CenterProbe] sh-agent-01 [sh-agent-01] 在线
[2026-04-24 05:02:22] [INFO] [CenterProbe] sh-local10 [sh-local10] 在线
[2026-04-24 05:03:24] [INFO] [CenterProbe] sh-agent-01 [sh-agent-01] 在线
[2026-04-24 05:03:24] [INFO] [CenterProbe] sh-local10 [sh-local10] 在线
[2026-04-24 05:04:27] [INFO] [CenterProbe] sh-agent-01 [sh-agent-01] 在线
[2026-04-24 05:04:27] [INFO] [CenterProbe] sh-local10 [sh-local10] 在线
[2026-04-24 05:05:29] [INFO] [CenterProbe] sh-agent-01 [sh-agent-01] 在线
[2026-04-24 05:05:29] [INFO] [CenterProbe] sh-local10 [sh-local10] 在线
[2026-04-24 05:06:32] [INFO] [CenterProbe] sh-agent-01 [sh-agent-01] 在线
[2026-04-24 05:06:32] [INFO] [CenterProbe] sh-local10 [sh-local10] 在线
[2026-04-24 05:07:34] [INFO] [CenterProbe] sh-agent-01 [sh-agent-01] 在线
[2026-04-24 05:07:34] [INFO] [CenterProbe] sh-local10 [sh-local10] 在线
[2026-04-24 05:08:36] [INFO] [CenterProbe] sh-agent-01 [sh-agent-01] 在线
[2026-04-24 05:08:36] [INFO] [CenterProbe] sh-local10 [sh-local10] 在线
[2026-04-24 05:09:37] [INFO] [CenterProbe] sh-agent-01 [sh-agent-01] 在线
[2026-04-24 05:09:37] [INFO] [CenterProbe] sh-local10 [sh-local10] 在线
[2026-04-24 05:10:39] [INFO] [CenterProbe] sh-agent-01 [sh-agent-01] 在线
[2026-04-24 05:10:39] [INFO] [CenterProbe] sh-local10 [sh-local10] 在线
[2026-04-24 05:11:41] [INFO] [CenterProbe] sh-agent-01 [sh-agent-01] 在线
[2026-04-24 05:11:42] [INFO] [CenterProbe] sh-local10 [sh-local10] 在线
[2026-04-24 05:12:43] [INFO] [CenterProbe] sh-agent-01 [sh-agent-01] 在线
[2026-04-24 05:12:43] [INFO] [CenterProbe] sh-local10 [sh-local10] 在线
[2026-04-24 05:13:45] [INFO] [CenterProbe] sh-agent-01 [sh-agent-01] 在线
[2026-04-24 05:13:45] [INFO] [CenterProbe] sh-local10 [sh-local10] 在线
[2026-04-24 05:14:48] [INFO] [CenterProbe] sh-agent-01 [sh-agent-01] 在线
[2026-04-24 05:14:48] [INFO] [CenterProbe] sh-local10 [sh-local10] 在线
[2026-04-24 05:15:50] [INFO] [CenterProbe] sh-agent-01 [sh-agent-01] 在线
[2026-04-24 05:15:50] [INFO] [CenterProbe] sh-local10 [sh-local10] 在线
[2026-04-24 05:16:52] [INFO] [CenterProbe] sh-agent-01 [sh-agent-01] 在线
[2026-04-24 05:16:52] [INFO] [CenterProbe] sh-local10 [sh-local10] 在线
[2026-04-24 05:17:54] [INFO] [CenterProbe] sh-agent-01 [sh-agent-01] 在线
[2026-04-24 05:17:54] [INFO] [CenterProbe] sh-local10 [sh-local10] 在线
[2026-04-24 05:18:57] [INFO] [CenterProbe] sh-agent-01 [sh-agent-01] 在线
[2026-04-24 05:18:57] [INFO] [CenterProbe] sh-local10 [sh-local10] 在线
[2026-04-24 05:19:58] [INFO] [CenterProbe] sh-agent-01 [sh-agent-01] 在线
[2026-04-24 05:19:58] [INFO] [CenterProbe] sh-local10 [sh-local10] 在线
[2026-04-24 05:21:00] [INFO] [CenterProbe] sh-agent-01 [sh-agent-01] 在线
[2026-04-24 05:21:00] [INFO] [CenterProbe] sh-local10 [sh-local10] 在线
[2026-04-24 05:22:03] [INFO] [CenterProbe] sh-agent-01 [sh-agent-01] 在线
[2026-04-24 05:22:03] [INFO] [CenterProbe] sh-local10 [sh-local10] 在线
[2026-04-24 05:23:06] [INFO] [CenterProbe] sh-agent-01 [sh-agent-01] 在线
[2026-04-24 05:23:06] [INFO] [CenterProbe] sh-local10 [sh-local10] 在线
[2026-04-24 05:24:08] [INFO] [CenterProbe] sh-agent-01 [sh-agent-01] 在线
[2026-04-24 05:24:08] [INFO] [CenterProbe] sh-local10 [sh-local10] 在线
[2026-04-24 05:25:10] [INFO] [CenterProbe] sh-agent-01 [sh-agent-01] 在线
[2026-04-24 05:25:10] [INFO] [CenterProbe] sh-local10 [sh-local10] 在线
[2026-04-24 05:26:13] [INFO] [CenterProbe] sh-agent-01 [sh-agent-01] 在线
[2026-04-24 05:26:13] [INFO] [CenterProbe] sh-local10 [sh-local10] 在线
[2026-04-24 05:27:14] [INFO] [CenterProbe] sh-agent-01 [sh-agent-01] 在线
[2026-04-24 05:27:14] [INFO] [CenterProbe] sh-local10 [sh-local10] 在线
[2026-04-24 05:28:16] [INFO] [CenterProbe] sh-agent-01 [sh-agent-01] 在线
[2026-04-24 05:28:16] [INFO] [CenterProbe] sh-local10 [sh-local10] 在线
[2026-04-24 05:29:19] [INFO] [CenterProbe] sh-agent-01 [sh-agent-01] 在线
[2026-04-24 05:29:19] [INFO] [CenterProbe] sh-local10 [sh-local10] 在线
[2026-04-24 05:30:21] [INFO] [CenterProbe] sh-agent-01 [sh-agent-01] 在线
[2026-04-24 05:30:21] [INFO] [CenterProbe] sh-local10 [sh-local10] 在线
[2026-04-24 05:31:24] [INFO] [CenterProbe] sh-agent-01 [sh-agent-01] 在线
[2026-04-24 05:31:24] [INFO] [CenterProbe] sh-local10 [sh-local10] 在线
[2026-04-24 05:32:26] [INFO] [CenterProbe] sh-agent-01 [sh-agent-01] 在线
[2026-04-24 05:32:26] [INFO] [CenterProbe] sh-local10 [sh-local10] 在线
[2026-04-24 05:33:29] [INFO] [CenterProbe] sh-agent-01 [sh-agent-01] 在线
[2026-04-24 05:33:29] [INFO] [CenterProbe] sh-local10 [sh-local10] 在线
[2026-04-24 05:34:30] [INFO] [CenterProbe] sh-agent-01 [sh-agent-01] 在线
[2026-04-24 05:34:30] [INFO] [CenterProbe] sh-local10 [sh-local10] 在线
[2026-04-24 05:35:33] [INFO] [CenterProbe] sh-agent-01 [sh-agent-01] 在线
[2026-04-24 05:35:33] [INFO] [CenterProbe] sh-local10 [sh-local10] 在线
[2026-04-24 05:36:35] [INFO] [CenterProbe] sh-agent-01 [sh-agent-01] 在线
[2026-04-24 05:36:35] [INFO] [CenterProbe] sh-local10 [sh-local10] 在线
[2026-04-24 05:37:37] [INFO] [CenterProbe] sh-agent-01 [sh-agent-01] 在线
[2026-04-24 05:37:37] [INFO] [CenterProbe] sh-local10 [sh-local10] 在线
[2026-04-24 05:38:38] [INFO] [CenterProbe] sh-agent-01 [sh-agent-01] 在线
[2026-04-24 05:38:38] [INFO] [CenterProbe] sh-local10 [sh-local10] 在线
[2026-04-24 05:39:40] [INFO] [CenterProbe] sh-agent-01 [sh-agent-01] 在线
[2026-04-24 05:39:40] [INFO] [CenterProbe] sh-local10 [sh-local10] 在线
[2026-04-24 05:40:41] [INFO] [CenterProbe] sh-agent-01 [sh-agent-01] 在线
[2026-04-24 05:40:42] [INFO] [CenterProbe] sh-local10 [sh-local10] 在线
[2026-04-24 05:41:42] [INFO] [CenterProbe] sh-agent-01 [sh-agent-01] 在线
[2026-04-24 05:41:42] [INFO] [CenterProbe] sh-local10 [sh-local10] 在线
[2026-04-24 05:42:43] [INFO] [CenterProbe] sh-agent-01 [sh-agent-01] 在线
[2026-04-24 05:42:43] [INFO] [CenterProbe] sh-local10 [sh-local10] 在线
[2026-04-24 05:43:45] [INFO] [CenterProbe] sh-agent-01 [sh-agent-01] 在线
[2026-04-24 05:43:45] [INFO] [CenterProbe] sh-local10 [sh-local10] 在线
[2026-04-24 05:44:46] [INFO] [CenterProbe] sh-agent-01 [sh-agent-01] 在线
[2026-04-24 05:44:46] [INFO] [CenterProbe] sh-local10 [sh-local10] 在线
[2026-04-24 05:45:48] [INFO] [CenterProbe] sh-agent-01 [sh-agent-01] 在线
[2026-04-24 05:45:48] [INFO] [CenterProbe] sh-local10 [sh-local10] 在线
[2026-04-24 05:46:49] [INFO] [CenterProbe] sh-agent-01 [sh-agent-01] 在线
[2026-04-24 05:46:50] [INFO] [CenterProbe] sh-local10 [sh-local10] 在线
[2026-04-24 05:47:51] [INFO] [CenterProbe] sh-agent-01 [sh-agent-01] 在线
[2026-04-24 05:47:51] [INFO] [CenterProbe] sh-local10 [sh-local10] 在线
[2026-04-24 05:48:52] [INFO] [CenterProbe] sh-agent-01 [sh-agent-01] 在线
[2026-04-24 05:48:52] [INFO] [CenterProbe] sh-local10 [sh-local10] 在线
[2026-04-24 05:49:54] [INFO] [CenterProbe] sh-agent-01 [sh-agent-01] 在线
[2026-04-24 05:49:54] [INFO] [CenterProbe] sh-local10 [sh-local10] 在线
[2026-04-24 05:50:56] [INFO] [CenterProbe] sh-agent-01 [sh-agent-01] 在线
[2026-04-24 05:50:56] [INFO] [CenterProbe] sh-local10 [sh-local10] 在线
[2026-04-24 05:51:58] [INFO] [CenterProbe] sh-agent-01 [sh-agent-01] 在线
[2026-04-24 05:51:58] [INFO] [CenterProbe] sh-local10 [sh-local10] 在线
[2026-04-24 05:53:00] [INFO] [CenterProbe] sh-agent-01 [sh-agent-01] 在线
[2026-04-24 05:53:00] [INFO] [CenterProbe] sh-local10 [sh-local10] 在线
[2026-04-24 05:54:02] [INFO] [CenterProbe] sh-agent-01 [sh-agent-01] 在线
[2026-04-24 05:54:03] [INFO] [CenterProbe] sh-local10 [sh-local10] 在线
[2026-04-24 05:55:04] [INFO] [CenterProbe] sh-agent-01 [sh-agent-01] 在线
[2026-04-24 05:55:05] [INFO] [CenterProbe] sh-local10 [sh-local10] 在线
[2026-04-24 05:56:05] [INFO] [CenterProbe] sh-agent-01 [sh-agent-01] 在线
[2026-04-24 05:56:06] [INFO] [CenterProbe] sh-local10 [sh-local10] 在线
[2026-04-24 05:57:08] [INFO] [CenterProbe] sh-agent-01 [sh-agent-01] 在线
[2026-04-24 05:57:08] [INFO] [CenterProbe] sh-local10 [sh-local10] 在线
[2026-04-24 05:58:10] [INFO] [CenterProbe] sh-agent-01 [sh-agent-01] 在线
[2026-04-24 05:58:10] [INFO] [CenterProbe] sh-local10 [sh-local10] 在线
[2026-04-24 05:59:12] [INFO] [CenterProbe] sh-agent-01 [sh-agent-01] 在线
[2026-04-24 05:59:12] [INFO] [CenterProbe] sh-local10 [sh-local10] 在线
[2026-04-24 06:00:13] [INFO] [CenterProbe] sh-agent-01 [sh-agent-01] 在线
[2026-04-24 06:00:13] [INFO] [CenterProbe] sh-local10 [sh-local10] 在线
[2026-04-24 06:01:15] [INFO] [CenterProbe] sh-agent-01 [sh-agent-01] 在线
[2026-04-24 06:01:15] [INFO] [CenterProbe] sh-local10 [sh-local10] 在线
[2026-04-24 06:02:17] [INFO] [CenterProbe] sh-agent-01 [sh-agent-01] 在线
[2026-04-24 06:02:17] [INFO] [CenterProbe] sh-local10 [sh-local10] 在线
[2026-04-24 06:03:19] [INFO] [CenterProbe] sh-agent-01 [sh-agent-01] 在线
[2026-04-24 06:03:20] [INFO] [CenterProbe] sh-local10 [sh-local10] 在线
[2026-04-24 06:04:22] [INFO] [CenterProbe] sh-agent-01 [sh-agent-01] 在线
[2026-04-24 06:04:22] [INFO] [CenterProbe] sh-local10 [sh-local10] 在线
[2026-04-24 06:05:24] [INFO] [CenterProbe] sh-agent-01 [sh-agent-01] 在线
[2026-04-24 06:05:25] [INFO] [CenterProbe] sh-local10 [sh-local10] 在线
[2026-04-24 06:06:26] [INFO] [CenterProbe] sh-agent-01 [sh-agent-01] 在线
[2026-04-24 06:06:26] [INFO] [CenterProbe] sh-local10 [sh-local10] 在线
[2026-04-24 06:07:28] [INFO] [CenterProbe] sh-agent-01 [sh-agent-01] 在线
[2026-04-24 06:07:28] [INFO] [CenterProbe] sh-local10 [sh-local10] 在线
[2026-04-24 06:08:31] [INFO] [CenterProbe] sh-agent-01 [sh-agent-01] 在线
[2026-04-24 06:08:31] [INFO] [CenterProbe] sh-local10 [sh-local10] 在线
[2026-04-24 06:09:33] [INFO] [CenterProbe] sh-agent-01 [sh-agent-01] 在线
[2026-04-24 06:09:34] [INFO] [CenterProbe] sh-local10 [sh-local10] 在线
[2026-04-24 06:10:36] [INFO] [CenterProbe] sh-agent-01 [sh-agent-01] 在线
[2026-04-24 06:10:36] [INFO] [CenterProbe] sh-local10 [sh-local10] 在线
[2026-04-24 06:11:39] [INFO] [CenterProbe] sh-agent-01 [sh-agent-01] 在线
[2026-04-24 06:11:39] [INFO] [CenterProbe] sh-local10 [sh-local10] 在线
[2026-04-24 06:12:41] [INFO] [CenterProbe] sh-agent-01 [sh-agent-01] 在线
[2026-04-24 06:12:41] [INFO] [CenterProbe] sh-local10 [sh-local10] 在线
[2026-04-24 06:13:43] [INFO] [CenterProbe] sh-agent-01 [sh-agent-01] 在线
[2026-04-24 06:13:43] [INFO] [CenterProbe] sh-local10 [sh-local10] 在线
[2026-04-24 06:14:46] [INFO] [CenterProbe] sh-agent-01 [sh-agent-01] 在线
[2026-04-24 06:14:46] [INFO] [CenterProbe] sh-local10 [sh-local10] 在线
[2026-04-24 06:15:48] [INFO] [CenterProbe] sh-agent-01 [sh-agent-01] 在线
[2026-04-24 06:15:48] [INFO] [CenterProbe] sh-local10 [sh-local10] 在线
[2026-04-24 06:16:50] [INFO] [CenterProbe] sh-agent-01 [sh-agent-01] 在线
[2026-04-24 06:16:50] [INFO] [CenterProbe] sh-local10 [sh-local10] 在线
[2026-04-24 06:17:53] [INFO] [CenterProbe] sh-agent-01 [sh-agent-01] 在线
[2026-04-24 06:17:53] [INFO] [CenterProbe] sh-local10 [sh-local10] 在线
[2026-04-24 06:18:55] [INFO] [CenterProbe] sh-agent-01 [sh-agent-01] 在线
[2026-04-24 06:18:55] [INFO] [CenterProbe] sh-local10 [sh-local10] 在线
[2026-04-24 06:19:58] [INFO] [CenterProbe] sh-agent-01 [sh-agent-01] 在线
[2026-04-24 06:19:58] [INFO] [CenterProbe] sh-local10 [sh-local10] 在线
[2026-04-24 06:21:00] [INFO] [CenterProbe] sh-agent-01 [sh-agent-01] 在线
[2026-04-24 06:21:01] [INFO] [CenterProbe] sh-local10 [sh-local10] 在线
[2026-04-24 06:22:02] [INFO] [CenterProbe] sh-agent-01 [sh-agent-01] 在线
[2026-04-24 06:22:02] [INFO] [CenterProbe] sh-local10 [sh-local10] 在线
[2026-04-24 06:23:04] [INFO] [CenterProbe] sh-agent-01 [sh-agent-01] 在线
[2026-04-24 06:23:04] [INFO] [CenterProbe] sh-local10 [sh-local10] 在线
[2026-04-24 06:24:07] [INFO] [CenterProbe] sh-agent-01 [sh-agent-01] 在线
[2026-04-24 06:24:07] [INFO] [CenterProbe] sh-local10 [sh-local10] 在线
[2026-04-24 06:25:09] [INFO] [CenterProbe] sh-agent-01 [sh-agent-01] 在线
[2026-04-24 06:25:09] [INFO] [CenterProbe] sh-local10 [sh-local10] 在线
[2026-04-24 06:26:12] [INFO] [CenterProbe] sh-agent-01 [sh-agent-01] 在线
[2026-04-24 06:26:12] [INFO] [CenterProbe] sh-local10 [sh-local10] 在线
[2026-04-24 06:27:14] [INFO] [CenterProbe] sh-agent-01 [sh-agent-01] 在线
[2026-04-24 06:27:14] [INFO] [CenterProbe] sh-local10 [sh-local10] 在线
[2026-04-24 06:28:15] [INFO] [CenterProbe] sh-agent-01 [sh-agent-01] 在线
[2026-04-24 06:28:15] [INFO] [CenterProbe] sh-local10 [sh-local10] 在线
[2026-04-24 06:29:18] [INFO] [CenterProbe] sh-agent-01 [sh-agent-01] 在线
[2026-04-24 06:29:18] [INFO] [CenterProbe] sh-local10 [sh-local10] 在线
[2026-04-24 06:30:21] [INFO] [CenterProbe] sh-agent-01 [sh-agent-01] 在线
[2026-04-24 06:30:21] [INFO] [CenterProbe] sh-local10 [sh-local10] 在线
[2026-04-24 06:31:23] [INFO] [CenterProbe] sh-agent-01 [sh-agent-01] 在线
[2026-04-24 06:31:23] [INFO] [CenterProbe] sh-local10 [sh-local10] 在线
[2026-04-24 06:32:24] [INFO] [CenterProbe] sh-agent-01 [sh-agent-01] 在线
[2026-04-24 06:32:25] [INFO] [CenterProbe] sh-local10 [sh-local10] 在线
[2026-04-24 06:33:27] [INFO] [CenterProbe] sh-agent-01 [sh-agent-01] 在线
[2026-04-24 06:33:27] [INFO] [CenterProbe] sh-local10 [sh-local10] 在线
[2026-04-24 06:34:30] [INFO] [CenterProbe] sh-agent-01 [sh-agent-01] 在线
[2026-04-24 06:34:30] [INFO] [CenterProbe] sh-local10 [sh-local10] 在线
[2026-04-24 06:35:32] [INFO] [CenterProbe] sh-agent-01 [sh-agent-01] 在线
[2026-04-24 06:35:32] [INFO] [CenterProbe] sh-local10 [sh-local10] 在线
[2026-04-24 06:36:35] [INFO] [CenterProbe] sh-agent-01 [sh-agent-01] 在线
[2026-04-24 06:36:35] [INFO] [CenterProbe] sh-local10 [sh-local10] 在线
[2026-04-24 06:37:38] [INFO] [CenterProbe] sh-agent-01 [sh-agent-01] 在线
[2026-04-24 06:37:38] [INFO] [CenterProbe] sh-local10 [sh-local10] 在线
[2026-04-24 06:38:41] [INFO] [CenterProbe] sh-agent-01 [sh-agent-01] 在线
[2026-04-24 06:38:41] [INFO] [CenterProbe] sh-local10 [sh-local10] 在线
[2026-04-24 06:39:43] [INFO] [CenterProbe] sh-agent-01 [sh-agent-01] 在线
[2026-04-24 06:39:43] [INFO] [CenterProbe] sh-local10 [sh-local10] 在线
[2026-04-24 06:40:45] [INFO] [CenterProbe] sh-agent-01 [sh-agent-01] 在线
[2026-04-24 06:40:45] [INFO] [CenterProbe] sh-local10 [sh-local10] 在线
[2026-04-24 06:41:48] [INFO] [CenterProbe] sh-agent-01 [sh-agent-01] 在线
[2026-04-24 06:41:48] [INFO] [CenterProbe] sh-local10 [sh-local10] 在线
[2026-04-24 06:42:50] [INFO] [CenterProbe] sh-agent-01 [sh-agent-01] 在线
[2026-04-24 06:42:50] [INFO] [CenterProbe] sh-local10 [sh-local10] 在线
[2026-04-24 06:43:53] [INFO] [CenterProbe] sh-agent-01 [sh-agent-01] 在线
[2026-04-24 06:43:53] [INFO] [CenterProbe] sh-local10 [sh-local10] 在线
[2026-04-24 06:44:56] [INFO] [CenterProbe] sh-agent-01 [sh-agent-01] 在线
[2026-04-24 06:44:56] [INFO] [CenterProbe] sh-local10 [sh-local10] 在线
[2026-04-24 06:45:57] [INFO] [CenterProbe] sh-agent-01 [sh-agent-01] 在线
[2026-04-24 06:45:57] [INFO] [CenterProbe] sh-local10 [sh-local10] 在线
[2026-04-24 06:47:00] [INFO] [CenterProbe] sh-agent-01 [sh-agent-01] 在线
[2026-04-24 06:47:00] [INFO] [CenterProbe] sh-local10 [sh-local10] 在线
[2026-04-24 06:48:03] [INFO] [CenterProbe] sh-agent-01 [sh-agent-01] 在线
[2026-04-24 06:48:03] [INFO] [CenterProbe] sh-local10 [sh-local10] 在线
[2026-04-24 06:49:05] [INFO] [CenterProbe] sh-agent-01 [sh-agent-01] 在线
[2026-04-24 06:49:05] [INFO] [CenterProbe] sh-local10 [sh-local10] 在线
[2026-04-24 06:50:08] [INFO] [CenterProbe] sh-agent-01 [sh-agent-01] 在线
[2026-04-24 06:50:08] [INFO] [CenterProbe] sh-local10 [sh-local10] 在线
[2026-04-24 06:51:09] [INFO] [CenterProbe] sh-agent-01 [sh-agent-01] 在线
[2026-04-24 06:51:09] [INFO] [CenterProbe] sh-local10 [sh-local10] 在线
[2026-04-24 06:52:12] [INFO] [CenterProbe] sh-agent-01 [sh-agent-01] 在线
[2026-04-24 06:52:12] [INFO] [CenterProbe] sh-local10 [sh-local10] 在线
[2026-04-24 06:53:15] [INFO] [CenterProbe] sh-agent-01 [sh-agent-01] 在线
[2026-04-24 06:53:15] [INFO] [CenterProbe] sh-local10 [sh-local10] 在线
[2026-04-24 06:54:18] [INFO] [CenterProbe] sh-agent-01 [sh-agent-01] 在线
[2026-04-24 06:54:18] [INFO] [CenterProbe] sh-local10 [sh-local10] 在线
[2026-04-24 06:55:21] [INFO] [CenterProbe] sh-agent-01 [sh-agent-01] 在线
[2026-04-24 06:55:21] [INFO] [CenterProbe] sh-local10 [sh-local10] 在线
[2026-04-24 06:56:24] [INFO] [CenterProbe] sh-agent-01 [sh-agent-01] 在线
[2026-04-24 06:56:24] [INFO] [CenterProbe] sh-local10 [sh-local10] 在线
[2026-04-24 06:57:27] [INFO] [CenterProbe] sh-agent-01 [sh-agent-01] 在线
[2026-04-24 06:57:27] [INFO] [CenterProbe] sh-local10 [sh-local10] 在线
[2026-04-24 06:58:28] [INFO] [CenterProbe] sh-agent-01 [sh-agent-01] 在线
[2026-04-24 06:58:28] [INFO] [CenterProbe] sh-local10 [sh-local10] 在线
[2026-04-24 06:59:31] [INFO] [CenterProbe] sh-agent-01 [sh-agent-01] 在线
[2026-04-24 06:59:31] [INFO] [CenterProbe] sh-local10 [sh-local10] 在线
[2026-04-24 07:00:34] [INFO] [CenterProbe] sh-agent-01 [sh-agent-01] 在线
[2026-04-24 07:00:34] [INFO] [CenterProbe] sh-local10 [sh-local10] 在线
[2026-04-24 07:01:36] [INFO] [CenterProbe] sh-agent-01 [sh-agent-01] 在线
[2026-04-24 07:01:37] [INFO] [CenterProbe] sh-local10 [sh-local10] 在线
[2026-04-24 07:02:39] [INFO] [CenterProbe] sh-agent-01 [sh-agent-01] 在线
[2026-04-24 07:02:39] [INFO] [CenterProbe] sh-local10 [sh-local10] 在线
[2026-04-24 07:03:42] [INFO] [CenterProbe] sh-agent-01 [sh-agent-01] 在线
[2026-04-24 07:03:42] [INFO] [CenterProbe] sh-local10 [sh-local10] 在线
[2026-04-24 07:04:45] [INFO] [CenterProbe] sh-agent-01 [sh-agent-01] 在线
[2026-04-24 07:04:45] [INFO] [CenterProbe] sh-local10 [sh-local10] 在线
[2026-04-24 07:05:46] [INFO] [CenterProbe] sh-agent-01 [sh-agent-01] 在线
[2026-04-24 07:05:47] [INFO] [CenterProbe] sh-local10 [sh-local10] 在线
[2026-04-24 07:06:49] [INFO] [CenterProbe] sh-agent-01 [sh-agent-01] 在线
[2026-04-24 07:06:49] [INFO] [CenterProbe] sh-local10 [sh-local10] 在线
[2026-04-24 07:07:52] [INFO] [CenterProbe] sh-agent-01 [sh-agent-01] 在线
[2026-04-24 07:07:52] [INFO] [CenterProbe] sh-local10 [sh-local10] 在线
[2026-04-24 07:08:53] [INFO] [CenterProbe] sh-agent-01 [sh-agent-01] 在线
[2026-04-24 07:08:53] [INFO] [CenterProbe] sh-local10 [sh-local10] 在线
[2026-04-24 07:09:55] [INFO] [CenterProbe] sh-agent-01 [sh-agent-01] 在线
[2026-04-24 07:09:55] [INFO] [CenterProbe] sh-local10 [sh-local10] 在线
[2026-04-24 07:10:57] [INFO] [CenterProbe] sh-agent-01 [sh-agent-01] 在线
[2026-04-24 07:10:57] [INFO] [CenterProbe] sh-local10 [sh-local10] 在线
[2026-04-24 07:11:58] [INFO] [CenterProbe] sh-agent-01 [sh-agent-01] 在线
[2026-04-24 07:11:58] [INFO] [CenterProbe] sh-local10 [sh-local10] 在线
[2026-04-24 07:13:00] [INFO] [CenterProbe] sh-agent-01 [sh-agent-01] 在线
[2026-04-24 07:13:00] [INFO] [CenterProbe] sh-local10 [sh-local10] 在线
[2026-04-24 07:14:02] [INFO] [CenterProbe] sh-agent-01 [sh-agent-01] 在线
[2026-04-24 07:14:02] [INFO] [CenterProbe] sh-local10 [sh-local10] 在线
[2026-04-24 07:15:04] [INFO] [CenterProbe] sh-agent-01 [sh-agent-01] 在线
[2026-04-24 07:15:04] [INFO] [CenterProbe] sh-local10 [sh-local10] 在线
[2026-04-24 07:16:05] [INFO] [CenterProbe] sh-agent-01 [sh-agent-01] 在线
[2026-04-24 07:16:05] [INFO] [CenterProbe] sh-local10 [sh-local10] 在线
[2026-04-24 07:17:08] [INFO] [CenterProbe] sh-agent-01 [sh-agent-01] 在线
[2026-04-24 07:17:08] [INFO] [CenterProbe] sh-local10 [sh-local10] 在线
[2026-04-24 07:18:10] [INFO] [CenterProbe] sh-agent-01 [sh-agent-01] 在线
[2026-04-24 07:18:10] [INFO] [CenterProbe] sh-local10 [sh-local10] 在线
[2026-04-24 07:19:12] [INFO] [CenterProbe] sh-agent-01 [sh-agent-01] 在线
[2026-04-24 07:19:12] [INFO] [CenterProbe] sh-local10 [sh-local10] 在线
[2026-04-24 07:20:14] [INFO] [CenterProbe] sh-agent-01 [sh-agent-01] 在线
[2026-04-24 07:20:14] [INFO] [CenterProbe] sh-local10 [sh-local10] 在线
[2026-04-24 07:21:16] [INFO] [CenterProbe] sh-agent-01 [sh-agent-01] 在线
[2026-04-24 07:21:16] [INFO] [CenterProbe] sh-local10 [sh-local10] 在线
[2026-04-24 07:22:17] [INFO] [CenterProbe] sh-agent-01 [sh-agent-01] 在线
[2026-04-24 07:22:17] [INFO] [CenterProbe] sh-local10 [sh-local10] 在线
[2026-04-24 07:23:20] [INFO] [CenterProbe] sh-agent-01 [sh-agent-01] 在线
[2026-04-24 07:23:20] [INFO] [CenterProbe] sh-local10 [sh-local10] 在线
[2026-04-24 07:24:22] [INFO] [CenterProbe] sh-agent-01 [sh-agent-01] 在线
[2026-04-24 07:24:22] [INFO] [CenterProbe] sh-local10 [sh-local10] 在线
[2026-04-24 07:25:24] [INFO] [CenterProbe] sh-agent-01 [sh-agent-01] 在线
[2026-04-24 07:25:24] [INFO] [CenterProbe] sh-local10 [sh-local10] 在线
[2026-04-24 07:26:26] [INFO] [CenterProbe] sh-agent-01 [sh-agent-01] 在线
[2026-04-24 07:26:27] [INFO] [CenterProbe] sh-local10 [sh-local10] 在线
[2026-04-24 07:27:29] [INFO] [CenterProbe] sh-agent-01 [sh-agent-01] 在线
[2026-04-24 07:27:29] [INFO] [CenterProbe] sh-local10 [sh-local10] 在线
[2026-04-24 07:28:30] [INFO] [CenterProbe] sh-agent-01 [sh-agent-01] 在线
[2026-04-24 07:28:30] [INFO] [CenterProbe] sh-local10 [sh-local10] 在线
[2026-04-24 07:29:33] [INFO] [CenterProbe] sh-agent-01 [sh-agent-01] 在线
[2026-04-24 07:29:33] [INFO] [CenterProbe] sh-local10 [sh-local10] 在线
[2026-04-24 07:30:35] [INFO] [CenterProbe] sh-agent-01 [sh-agent-01] 在线
[2026-04-24 07:30:35] [INFO] [CenterProbe] sh-local10 [sh-local10] 在线
[2026-04-24 07:31:36] [INFO] [CenterProbe] sh-agent-01 [sh-agent-01] 在线
[2026-04-24 07:31:36] [INFO] [CenterProbe] sh-local10 [sh-local10] 在线
[2026-04-24 07:32:38] [INFO] [CenterProbe] sh-agent-01 [sh-agent-01] 在线
[2026-04-24 07:32:38] [INFO] [CenterProbe] sh-local10 [sh-local10] 在线
[2026-04-24 07:33:41] [INFO] [CenterProbe] sh-agent-01 [sh-agent-01] 在线
[2026-04-24 07:33:41] [INFO] [CenterProbe] sh-local10 [sh-local10] 在线
[2026-04-24 07:34:42] [INFO] [CenterProbe] sh-agent-01 [sh-agent-01] 在线
[2026-04-24 07:34:42] [INFO] [CenterProbe] sh-local10 [sh-local10] 在线
[2026-04-24 07:35:45] [INFO] [CenterProbe] sh-agent-01 [sh-agent-01] 在线
[2026-04-24 07:35:45] [INFO] [CenterProbe] sh-local10 [sh-local10] 在线
[2026-04-24 07:36:47] [INFO] [CenterProbe] sh-agent-01 [sh-agent-01] 在线
[2026-04-24 07:36:47] [INFO] [CenterProbe] sh-local10 [sh-local10] 在线
[2026-04-24 07:37:49] [INFO] [CenterProbe] sh-agent-01 [sh-agent-01] 在线
[2026-04-24 07:37:50] [INFO] [CenterProbe] sh-local10 [sh-local10] 在线
[2026-04-24 07:38:51] [INFO] [CenterProbe] sh-agent-01 [sh-agent-01] 在线
[2026-04-24 07:38:51] [INFO] [CenterProbe] sh-local10 [sh-local10] 在线
[2026-04-24 07:39:53] [INFO] [CenterProbe] sh-agent-01 [sh-agent-01] 在线
[2026-04-24 07:39:53] [INFO] [CenterProbe] sh-local10 [sh-local10] 在线
[2026-04-24 07:40:54] [INFO] [CenterProbe] sh-agent-01 [sh-agent-01] 在线
[2026-04-24 07:40:54] [INFO] [CenterProbe] sh-local10 [sh-local10] 在线
[2026-04-24 07:41:56] [INFO] [CenterProbe] sh-agent-01 [sh-agent-01] 在线
[2026-04-24 07:41:56] [INFO] [CenterProbe] sh-local10 [sh-local10] 在线
[2026-04-24 07:42:58] [INFO] [CenterProbe] sh-agent-01 [sh-agent-01] 在线
[2026-04-24 07:42:58] [INFO] [CenterProbe] sh-local10 [sh-local10] 在线
[2026-04-24 07:44:00] [INFO] [CenterProbe] sh-agent-01 [sh-agent-01] 在线
[2026-04-24 07:44:00] [INFO] [CenterProbe] sh-local10 [sh-local10] 在线
[2026-04-24 07:45:03] [INFO] [CenterProbe] sh-agent-01 [sh-agent-01] 在线
[2026-04-24 07:45:03] [INFO] [CenterProbe] sh-local10 [sh-local10] 在线
[2026-04-24 07:46:05] [INFO] [CenterProbe] sh-agent-01 [sh-agent-01] 在线
[2026-04-24 07:46:05] [INFO] [CenterProbe] sh-local10 [sh-local10] 在线
[2026-04-24 07:47:08] [INFO] [CenterProbe] sh-agent-01 [sh-agent-01] 在线
[2026-04-24 07:47:08] [INFO] [CenterProbe] sh-local10 [sh-local10] 在线
[2026-04-24 07:48:09] [INFO] [CenterProbe] sh-agent-01 [sh-agent-01] 在线
[2026-04-24 07:48:10] [INFO] [CenterProbe] sh-local10 [sh-local10] 在线
[2026-04-24 07:49:12] [INFO] [CenterProbe] sh-agent-01 [sh-agent-01] 在线
[2026-04-24 07:49:12] [INFO] [CenterProbe] sh-local10 [sh-local10] 在线
[2026-04-24 07:50:15] [INFO] [CenterProbe] sh-agent-01 [sh-agent-01] 在线
[2026-04-24 07:50:15] [INFO] [CenterProbe] sh-local10 [sh-local10] 在线
[2026-04-24 07:51:18] [INFO] [CenterProbe] sh-agent-01 [sh-agent-01] 在线
[2026-04-24 07:51:18] [INFO] [CenterProbe] sh-local10 [sh-local10] 在线
[2026-04-24 07:52:21] [INFO] [CenterProbe] sh-agent-01 [sh-agent-01] 在线
[2026-04-24 07:52:21] [INFO] [CenterProbe] sh-local10 [sh-local10] 在线
[2026-04-24 07:53:24] [INFO] [CenterProbe] sh-agent-01 [sh-agent-01] 在线
[2026-04-24 07:53:24] [INFO] [CenterProbe] sh-local10 [sh-local10] 在线
[2026-04-24 07:54:26] [INFO] [CenterProbe] sh-agent-01 [sh-agent-01] 在线
[2026-04-24 07:54:26] [INFO] [CenterProbe] sh-local10 [sh-local10] 在线
[2026-04-24 07:55:27] [INFO] [CenterProbe] sh-agent-01 [sh-agent-01] 在线
[2026-04-24 07:55:28] [INFO] [CenterProbe] sh-local10 [sh-local10] 在线
[2026-04-24 07:56:30] [INFO] [CenterProbe] sh-agent-01 [sh-agent-01] 在线
[2026-04-24 07:56:30] [INFO] [CenterProbe] sh-local10 [sh-local10] 在线
[2026-04-24 07:57:33] [INFO] [CenterProbe] sh-agent-01 [sh-agent-01] 在线
[2026-04-24 07:57:33] [INFO] [CenterProbe] sh-local10 [sh-local10] 在线
[2026-04-24 07:58:35] [INFO] [CenterProbe] sh-agent-01 [sh-agent-01] 在线
[2026-04-24 07:58:35] [INFO] [CenterProbe] sh-local10 [sh-local10] 在线
[2026-04-24 07:59:38] [INFO] [CenterProbe] sh-agent-01 [sh-agent-01] 在线
[2026-04-24 07:59:38] [INFO] [CenterProbe] sh-local10 [sh-local10] 在线
[2026-04-24 08:00:41] [INFO] [CenterProbe] sh-agent-01 [sh-agent-01] 在线
[2026-04-24 08:00:41] [INFO] [CenterProbe] sh-local10 [sh-local10] 在线
[2026-04-24 08:01:44] [INFO] [CenterProbe] sh-agent-01 [sh-agent-01] 在线
[2026-04-24 08:01:44] [INFO] [CenterProbe] sh-local10 [sh-local10] 在线
[2026-04-24 08:02:45] [INFO] [CenterProbe] sh-agent-01 [sh-agent-01] 在线
[2026-04-24 08:02:45] [INFO] [CenterProbe] sh-local10 [sh-local10] 在线
[2026-04-24 08:03:48] [INFO] [CenterProbe] sh-agent-01 [sh-agent-01] 在线
[2026-04-24 08:03:48] [INFO] [CenterProbe] sh-local10 [sh-local10] 在线
[2026-04-24 08:04:51] [INFO] [CenterProbe] sh-agent-01 [sh-agent-01] 在线
[2026-04-24 08:04:51] [INFO] [CenterProbe] sh-local10 [sh-local10] 在线
[2026-04-24 08:05:54] [INFO] [CenterProbe] sh-agent-01 [sh-agent-01] 在线
[2026-04-24 08:05:54] [INFO] [CenterProbe] sh-local10 [sh-local10] 在线
[2026-04-24 08:06:58] [INFO] [CenterProbe] sh-agent-01 [sh-agent-01] 在线
[2026-04-24 08:06:58] [INFO] [CenterProbe] sh-local10 [sh-local10] 在线
[2026-04-24 08:08:01] [INFO] [CenterProbe] sh-agent-01 [sh-agent-01] 在线
[2026-04-24 08:08:01] [INFO] [CenterProbe] sh-local10 [sh-local10] 在线
[2026-04-24 08:09:04] [INFO] [CenterProbe] sh-agent-01 [sh-agent-01] 在线
[2026-04-24 08:09:04] [INFO] [CenterProbe] sh-local10 [sh-local10] 在线
[2026-04-24 08:10:06] [INFO] [CenterProbe] sh-agent-01 [sh-agent-01] 在线
[2026-04-24 08:10:06] [INFO] [CenterProbe] sh-local10 [sh-local10] 在线
[2026-04-24 08:11:09] [INFO] [CenterProbe] sh-agent-01 [sh-agent-01] 在线
[2026-04-24 08:11:09] [INFO] [CenterProbe] sh-local10 [sh-local10] 在线
[2026-04-24 08:12:12] [INFO] [CenterProbe] sh-agent-01 [sh-agent-01] 在线
[2026-04-24 08:12:12] [INFO] [CenterProbe] sh-local10 [sh-local10] 在线
[2026-04-24 08:13:15] [INFO] [CenterProbe] sh-agent-01 [sh-agent-01] 在线
[2026-04-24 08:13:15] [INFO] [CenterProbe] sh-local10 [sh-local10] 在线
[2026-04-24 08:14:18] [INFO] [CenterProbe] sh-agent-01 [sh-agent-01] 在线
[2026-04-24 08:14:18] [INFO] [CenterProbe] sh-local10 [sh-local10] 在线
[2026-04-24 08:15:21] [INFO] [CenterProbe] sh-agent-01 [sh-agent-01] 在线
[2026-04-24 08:15:21] [INFO] [CenterProbe] sh-local10 [sh-local10] 在线
[2026-04-24 08:16:22] [INFO] [CenterProbe] sh-agent-01 [sh-agent-01] 在线
[2026-04-24 08:16:22] [INFO] [CenterProbe] sh-local10 [sh-local10] 在线
[2026-04-24 08:17:25] [INFO] [CenterProbe] sh-agent-01 [sh-agent-01] 在线
[2026-04-24 08:17:25] [INFO] [CenterProbe] sh-local10 [sh-local10] 在线
[2026-04-24 08:18:28] [INFO] [CenterProbe] sh-agent-01 [sh-agent-01] 在线
[2026-04-24 08:18:28] [INFO] [CenterProbe] sh-local10 [sh-local10] 在线
[2026-04-24 08:19:30] [INFO] [CenterProbe] sh-agent-01 [sh-agent-01] 在线
[2026-04-24 08:19:30] [INFO] [CenterProbe] sh-local10 [sh-local10] 在线
[2026-04-24 08:20:33] [INFO] [CenterProbe] sh-agent-01 [sh-agent-01] 在线
[2026-04-24 08:20:33] [INFO] [CenterProbe] sh-local10 [sh-local10] 在线
[2026-04-24 08:21:36] [INFO] [CenterProbe] sh-agent-01 [sh-agent-01] 在线
[2026-04-24 08:21:37] [INFO] [CenterProbe] sh-local10 [sh-local10] 在线
[2026-04-24 08:22:40] [INFO] [CenterProbe] sh-agent-01 [sh-agent-01] 在线
[2026-04-24 08:22:40] [INFO] [CenterProbe] sh-local10 [sh-local10] 在线
[2026-04-24 08:23:42] [INFO] [CenterProbe] sh-agent-01 [sh-agent-01] 在线
[2026-04-24 08:23:44] [INFO] [CenterProbe] sh-local10 [sh-local10] 在线
[2026-04-24 08:24:45] [INFO] [CenterProbe] sh-agent-01 [sh-agent-01] 在线
[2026-04-24 08:24:45] [INFO] [CenterProbe] sh-local10 [sh-local10] 在线
[2026-04-24 08:25:49] [INFO] [CenterProbe] sh-agent-01 [sh-agent-01] 在线
[2026-04-24 08:25:49] [INFO] [CenterProbe] sh-local10 [sh-local10] 在线
[2026-04-24 08:26:52] [INFO] [CenterProbe] sh-agent-01 [sh-agent-01] 在线
[2026-04-24 08:26:52] [INFO] [CenterProbe] sh-local10 [sh-local10] 在线
[2026-04-24 08:27:56] [INFO] [CenterProbe] sh-agent-01 [sh-agent-01] 在线
[2026-04-24 08:27:56] [INFO] [CenterProbe] sh-local10 [sh-local10] 在线
[2026-04-24 08:28:59] [INFO] [CenterProbe] sh-agent-01 [sh-agent-01] 在线
[2026-04-24 08:28:59] [INFO] [CenterProbe] sh-local10 [sh-local10] 在线
[2026-04-24 08:30:02] [INFO] [CenterProbe] sh-agent-01 [sh-agent-01] 在线
[2026-04-24 08:30:03] [INFO] [CenterProbe] sh-local10 [sh-local10] 在线
[2026-04-24 08:31:06] [INFO] [CenterProbe] sh-agent-01 [sh-agent-01] 在线
[2026-04-24 08:31:06] [INFO] [CenterProbe] sh-local10 [sh-local10] 在线
[2026-04-24 08:32:07] [INFO] [CenterProbe] sh-agent-01 [sh-agent-01] 在线
[2026-04-24 08:32:08] [INFO] [CenterProbe] sh-local10 [sh-local10] 在线
[2026-04-24 08:33:11] [INFO] [CenterProbe] sh-agent-01 [sh-agent-01] 在线
[2026-04-24 08:33:11] [INFO] [CenterProbe] sh-local10 [sh-local10] 在线
[2026-04-24 08:34:15] [INFO] [CenterProbe] sh-agent-01 [sh-agent-01] 在线
[2026-04-24 08:34:15] [INFO] [CenterProbe] sh-local10 [sh-local10] 在线
[2026-04-24 08:35:17] [INFO] [CenterProbe] sh-agent-01 [sh-agent-01] 在线
[2026-04-24 08:35:17] [INFO] [CenterProbe] sh-local10 [sh-local10] 在线
[2026-04-24 08:36:20] [INFO] [CenterProbe] sh-agent-01 [sh-agent-01] 在线
[2026-04-24 08:36:20] [INFO] [CenterProbe] sh-local10 [sh-local10] 在线
[2026-04-24 08:37:23] [INFO] [CenterProbe] sh-agent-01 [sh-agent-01] 在线
[2026-04-24 08:37:23] [INFO] [CenterProbe] sh-local10 [sh-local10] 在线
[2026-04-24 08:38:27] [INFO] [CenterProbe] sh-agent-01 [sh-agent-01] 在线
[2026-04-24 08:38:27] [INFO] [CenterProbe] sh-local10 [sh-local10] 在线
[2026-04-24 08:39:30] [INFO] [CenterProbe] sh-agent-01 [sh-agent-01] 在线
[2026-04-24 08:39:30] [INFO] [CenterProbe] sh-local10 [sh-local10] 在线
[2026-04-24 08:40:34] [INFO] [CenterProbe] sh-agent-01 [sh-agent-01] 在线
[2026-04-24 08:40:34] [INFO] [CenterProbe] sh-local10 [sh-local10] 在线
[2026-04-24 08:41:37] [INFO] [CenterProbe] sh-agent-01 [sh-agent-01] 在线
[2026-04-24 08:41:37] [INFO] [CenterProbe] sh-local10 [sh-local10] 在线
[2026-04-24 08:42:39] [INFO] [CenterProbe] sh-agent-01 [sh-agent-01] 在线
[2026-04-24 08:42:39] [INFO] [CenterProbe] sh-local10 [sh-local10] 在线
[2026-04-24 08:43:42] [INFO] [CenterProbe] sh-agent-01 [sh-agent-01] 在线
[2026-04-24 08:43:42] [INFO] [CenterProbe] sh-local10 [sh-local10] 在线
[2026-04-24 08:44:46] [INFO] [CenterProbe] sh-agent-01 [sh-agent-01] 在线
[2026-04-24 08:44:46] [INFO] [CenterProbe] sh-local10 [sh-local10] 在线
[2026-04-24 08:45:49] [INFO] [CenterProbe] sh-agent-01 [sh-agent-01] 在线
[2026-04-24 08:45:49] [INFO] [CenterProbe] sh-local10 [sh-local10] 在线
[2026-04-24 08:46:52] [INFO] [CenterProbe] sh-agent-01 [sh-agent-01] 在线
[2026-04-24 08:46:52] [INFO] [CenterProbe] sh-local10 [sh-local10] 在线
[2026-04-24 08:47:55] [INFO] [CenterProbe] sh-agent-01 [sh-agent-01] 在线
[2026-04-24 08:47:55] [INFO] [CenterProbe] sh-local10 [sh-local10] 在线
[2026-04-24 08:48:58] [INFO] [CenterProbe] sh-agent-01 [sh-agent-01] 在线
[2026-04-24 08:48:58] [INFO] [CenterProbe] sh-local10 [sh-local10] 在线
[2026-04-24 08:50:00] [INFO] [CenterProbe] sh-agent-01 [sh-agent-01] 在线
[2026-04-24 08:50:00] [INFO] [CenterProbe] sh-local10 [sh-local10] 在线
[2026-04-24 08:51:03] [INFO] [CenterProbe] sh-agent-01 [sh-agent-01] 在线
[2026-04-24 08:51:03] [INFO] [CenterProbe] sh-local10 [sh-local10] 在线
[2026-04-24 08:52:06] [INFO] [CenterProbe] sh-agent-01 [sh-agent-01] 在线
[2026-04-24 08:52:06] [INFO] [CenterProbe] sh-local10 [sh-local10] 在线
[2026-04-24 08:53:09] [INFO] [CenterProbe] sh-agent-01 [sh-agent-01] 在线
[2026-04-24 08:53:09] [INFO] [CenterProbe] sh-local10 [sh-local10] 在线
[2026-04-24 08:54:12] [INFO] [CenterProbe] sh-agent-01 [sh-agent-01] 在线
[2026-04-24 08:54:12] [INFO] [CenterProbe] sh-local10 [sh-local10] 在线
[2026-04-24 08:55:16] [INFO] [CenterProbe] sh-agent-01 [sh-agent-01] 在线
[2026-04-24 08:55:16] [INFO] [CenterProbe] sh-local10 [sh-local10] 在线
[2026-04-24 08:56:19] [INFO] [CenterProbe] sh-agent-01 [sh-agent-01] 在线
[2026-04-24 08:56:19] [INFO] [CenterProbe] sh-local10 [sh-local10] 在线
[2026-04-24 08:57:21] [INFO] [CenterProbe] sh-agent-01 [sh-agent-01] 在线
[2026-04-24 08:57:21] [INFO] [CenterProbe] sh-local10 [sh-local10] 在线
[2026-04-24 08:58:24] [INFO] [CenterProbe] sh-agent-01 [sh-agent-01] 在线
[2026-04-24 08:58:24] [INFO] [CenterProbe] sh-local10 [sh-local10] 在线
[2026-04-24 08:59:28] [INFO] [CenterProbe] sh-agent-01 [sh-agent-01] 在线
[2026-04-24 08:59:28] [INFO] [CenterProbe] sh-local10 [sh-local10] 在线
[2026-04-24 09:00:31] [INFO] [CenterProbe] sh-agent-01 [sh-agent-01] 在线
[2026-04-24 09:00:32] [INFO] [CenterProbe] sh-local10 [sh-local10] 在线
[2026-04-24 09:01:35] [INFO] [CenterProbe] sh-agent-01 [sh-agent-01] 在线
[2026-04-24 09:01:35] [INFO] [CenterProbe] sh-local10 [sh-local10] 在线
[2026-04-24 09:02:39] [INFO] [CenterProbe] sh-agent-01 [sh-agent-01] 在线
[2026-04-24 09:02:39] [INFO] [CenterProbe] sh-local10 [sh-local10] 在线
[2026-04-24 09:03:42] [INFO] [CenterProbe] sh-agent-01 [sh-agent-01] 在线
[2026-04-24 09:03:42] [INFO] [CenterProbe] sh-local10 [sh-local10] 在线
[2026-04-24 09:04:44] [INFO] [CenterProbe] sh-agent-01 [sh-agent-01] 在线
[2026-04-24 09:04:44] [INFO] [CenterProbe] sh-local10 [sh-local10] 在线
[2026-04-24 09:05:48] [INFO] [CenterProbe] sh-agent-01 [sh-agent-01] 在线
[2026-04-24 09:05:48] [INFO] [CenterProbe] sh-local10 [sh-local10] 在线
[2026-04-24 09:06:51] [INFO] [CenterProbe] sh-agent-01 [sh-agent-01] 在线
[2026-04-24 09:06:51] [INFO] [CenterProbe] sh-local10 [sh-local10] 在线
[2026-04-24 09:07:54] [INFO] [CenterProbe] sh-agent-01 [sh-agent-01] 在线
[2026-04-24 09:07:55] [INFO] [CenterProbe] sh-local10 [sh-local10] 在线
[2026-04-24 09:08:58] [INFO] [CenterProbe] sh-agent-01 [sh-agent-01] 在线
[2026-04-24 09:08:58] [INFO] [CenterProbe] sh-local10 [sh-local10] 在线
[2026-04-24 09:10:01] [INFO] [CenterProbe] sh-agent-01 [sh-agent-01] 在线
[2026-04-24 09:10:02] [INFO] [CenterProbe] sh-local10 [sh-local10] 在线
[2026-04-24 09:11:05] [INFO] [CenterProbe] sh-agent-01 [sh-agent-01] 在线
[2026-04-24 09:11:05] [INFO] [CenterProbe] sh-local10 [sh-local10] 在线
[2026-04-24 09:12:07] [INFO] [CenterProbe] sh-agent-01 [sh-agent-01] 在线
[2026-04-24 09:12:07] [INFO] [CenterProbe] sh-local10 [sh-local10] 在线
[2026-04-24 09:13:10] [INFO] [CenterProbe] sh-agent-01 [sh-agent-01] 在线
[2026-04-24 09:13:10] [INFO] [CenterProbe] sh-local10 [sh-local10] 在线
[2026-04-24 09:14:14] [INFO] [CenterProbe] sh-agent-01 [sh-agent-01] 在线
[2026-04-24 09:14:14] [INFO] [CenterProbe] sh-local10 [sh-local10] 在线
[2026-04-24 09:15:17] [INFO] [CenterProbe] sh-agent-01 [sh-agent-01] 在线
[2026-04-24 09:15:18] [INFO] [CenterProbe] sh-local10 [sh-local10] 在线
[2026-04-24 09:16:21] [INFO] [CenterProbe] sh-agent-01 [sh-agent-01] 在线
[2026-04-24 09:16:21] [INFO] [CenterProbe] sh-local10 [sh-local10] 在线
[2026-04-24 09:17:24] [INFO] [CenterProbe] sh-agent-01 [sh-agent-01] 在线
[2026-04-24 09:17:25] [INFO] [CenterProbe] sh-local10 [sh-local10] 在线
[2026-04-24 09:18:28] [INFO] [CenterProbe] sh-agent-01 [sh-agent-01] 在线
[2026-04-24 09:18:28] [INFO] [CenterProbe] sh-local10 [sh-local10] 在线
[2026-04-24 09:19:29] [INFO] [CenterProbe] sh-agent-01 [sh-agent-01] 在线
[2026-04-24 09:19:30] [INFO] [CenterProbe] sh-local10 [sh-local10] 在线
[2026-04-24 09:20:33] [INFO] [CenterProbe] sh-agent-01 [sh-agent-01] 在线
[2026-04-24 09:20:33] [INFO] [CenterProbe] sh-local10 [sh-local10] 在线
[2026-04-24 09:21:36] [INFO] [CenterProbe] sh-agent-01 [sh-agent-01] 在线
[2026-04-24 09:21:36] [INFO] [CenterProbe] sh-local10 [sh-local10] 在线
[2026-04-24 09:22:39] [INFO] [CenterProbe] sh-agent-01 [sh-agent-01] 在线
[2026-04-24 09:22:40] [INFO] [CenterProbe] sh-local10 [sh-local10] 在线
[2026-04-24 09:23:43] [INFO] [CenterProbe] sh-agent-01 [sh-agent-01] 在线
[2026-04-24 09:23:43] [INFO] [CenterProbe] sh-local10 [sh-local10] 在线
[2026-04-24 09:24:47] [INFO] [CenterProbe] sh-agent-01 [sh-agent-01] 在线
[2026-04-24 09:24:47] [INFO] [CenterProbe] sh-local10 [sh-local10] 在线
[2026-04-24 09:25:51] [INFO] [CenterProbe] sh-agent-01 [sh-agent-01] 在线
[2026-04-24 09:25:51] [INFO] [CenterProbe] sh-local10 [sh-local10] 在线
[2026-04-24 09:26:53] [INFO] [CenterProbe] sh-agent-01 [sh-agent-01] 在线
[2026-04-24 09:26:53] [INFO] [CenterProbe] sh-local10 [sh-local10] 在线
[2026-04-24 09:27:56] [INFO] [CenterProbe] sh-agent-01 [sh-agent-01] 在线
[2026-04-24 09:27:57] [INFO] [CenterProbe] sh-local10 [sh-local10] 在线
[2026-04-24 09:29:00] [INFO] [CenterProbe] sh-agent-01 [sh-agent-01] 在线
[2026-04-24 09:29:00] [INFO] [CenterProbe] sh-local10 [sh-local10] 在线
[2026-04-24 09:30:04] [INFO] [CenterProbe] sh-agent-01 [sh-agent-01] 在线
[2026-04-24 09:30:04] [INFO] [CenterProbe] sh-local10 [sh-local10] 在线
[2026-04-24 09:31:07] [INFO] [CenterProbe] sh-agent-01 [sh-agent-01] 在线
[2026-04-24 09:31:07] [INFO] [CenterProbe] sh-local10 [sh-local10] 在线
[2026-04-24 09:32:11] [INFO] [CenterProbe] sh-agent-01 [sh-agent-01] 在线
[2026-04-24 09:32:11] [INFO] [CenterProbe] sh-local10 [sh-local10] 在线
[2026-04-24 09:33:14] [INFO] [CenterProbe] sh-agent-01 [sh-agent-01] 在线
[2026-04-24 09:33:15] [INFO] [CenterProbe] sh-local10 [sh-local10] 在线
[2026-04-24 09:34:16] [INFO] [CenterProbe] sh-agent-01 [sh-agent-01] 在线
[2026-04-24 09:34:16] [INFO] [CenterProbe] sh-local10 [sh-local10] 在线
[2026-04-24 09:35:20] [INFO] [CenterProbe] sh-agent-01 [sh-agent-01] 在线
[2026-04-24 09:35:20] [INFO] [CenterProbe] sh-local10 [sh-local10] 在线
[2026-04-24 09:36:24] [INFO] [CenterProbe] sh-agent-01 [sh-agent-01] 在线
[2026-04-24 09:36:24] [INFO] [CenterProbe] sh-local10 [sh-local10] 在线
[2026-04-24 09:37:28] [INFO] [CenterProbe] sh-agent-01 [sh-agent-01] 在线
[2026-04-24 09:37:28] [INFO] [CenterProbe] sh-local10 [sh-local10] 在线
[2026-04-24 09:38:31] [INFO] [CenterProbe] sh-agent-01 [sh-agent-01] 在线
[2026-04-24 09:38:32] [INFO] [CenterProbe] sh-local10 [sh-local10] 在线
[2026-04-24 09:39:35] [INFO] [CenterProbe] sh-agent-01 [sh-agent-01] 在线
[2026-04-24 09:39:35] [INFO] [CenterProbe] sh-local10 [sh-local10] 在线
[2026-04-24 09:40:39] [INFO] [CenterProbe] sh-agent-01 [sh-agent-01] 在线
[2026-04-24 09:40:39] [INFO] [CenterProbe] sh-local10 [sh-local10] 在线
[2026-04-24 09:41:41] [INFO] [CenterProbe] sh-agent-01 [sh-agent-01] 在线
[2026-04-24 09:41:41] [INFO] [CenterProbe] sh-local10 [sh-local10] 在线
[2026-04-24 09:42:44] [INFO] [CenterProbe] sh-agent-01 [sh-agent-01] 在线
[2026-04-24 09:42:45] [INFO] [CenterProbe] sh-local10 [sh-local10] 在线
[2026-04-24 09:43:48] [INFO] [CenterProbe] sh-agent-01 [sh-agent-01] 在线
[2026-04-24 09:43:48] [INFO] [CenterProbe] sh-local10 [sh-local10] 在线
[2026-04-24 09:44:52] [INFO] [CenterProbe] sh-agent-01 [sh-agent-01] 在线
[2026-04-24 09:44:52] [INFO] [CenterProbe] sh-local10 [sh-local10] 在线
[2026-04-24 09:45:56] [INFO] [CenterProbe] sh-agent-01 [sh-agent-01] 在线
[2026-04-24 09:45:56] [INFO] [CenterProbe] sh-local10 [sh-local10] 在线
[2026-04-24 09:47:00] [INFO] [CenterProbe] sh-agent-01 [sh-agent-01] 在线
[2026-04-24 09:47:00] [INFO] [CenterProbe] sh-local10 [sh-local10] 在线
[2026-04-24 09:48:04] [INFO] [CenterProbe] sh-agent-01 [sh-agent-01] 在线
[2026-04-24 09:48:04] [INFO] [CenterProbe] sh-local10 [sh-local10] 在线
[2026-04-24 09:49:05] [INFO] [CenterProbe] sh-agent-01 [sh-agent-01] 在线
[2026-04-24 09:49:05] [INFO] [CenterProbe] sh-local10 [sh-local10] 在线
[2026-04-24 09:50:09] [INFO] [CenterProbe] sh-agent-01 [sh-agent-01] 在线
[2026-04-24 09:50:09] [INFO] [CenterProbe] sh-local10 [sh-local10] 在线
[2026-04-24 09:51:13] [INFO] [CenterProbe] sh-agent-01 [sh-agent-01] 在线
[2026-04-24 09:51:13] [INFO] [CenterProbe] sh-local10 [sh-local10] 在线
[2026-04-24 09:52:17] [INFO] [CenterProbe] sh-agent-01 [sh-agent-01] 在线
[2026-04-24 09:52:17] [INFO] [CenterProbe] sh-local10 [sh-local10] 在线
[2026-04-24 09:53:20] [INFO] [CenterProbe] sh-agent-01 [sh-agent-01] 在线
[2026-04-24 09:53:20] [INFO] [CenterProbe] sh-local10 [sh-local10] 在线
[2026-04-24 09:54:24] [INFO] [CenterProbe] sh-agent-01 [sh-agent-01] 在线
[2026-04-24 09:54:24] [INFO] [CenterProbe] sh-local10 [sh-local10] 在线
[2026-04-24 09:55:27] [INFO] [CenterProbe] sh-agent-01 [sh-agent-01] 在线
[2026-04-24 09:55:27] [INFO] [CenterProbe] sh-local10 [sh-local10] 在线
[2026-04-24 09:56:29] [INFO] [CenterProbe] sh-agent-01 [sh-agent-01] 在线
[2026-04-24 09:56:29] [INFO] [CenterProbe] sh-local10 [sh-local10] 在线
[2026-04-24 09:57:33] [INFO] [CenterProbe] sh-agent-01 [sh-agent-01] 在线
[2026-04-24 09:57:33] [INFO] [CenterProbe] sh-local10 [sh-local10] 在线
[2026-04-24 09:58:36] [INFO] [CenterProbe] sh-agent-01 [sh-agent-01] 在线
[2026-04-24 09:58:36] [INFO] [CenterProbe] sh-local10 [sh-local10] 在线
[2026-04-24 09:59:40] [INFO] [CenterProbe] sh-agent-01 [sh-agent-01] 在线
[2026-04-24 09:59:40] [INFO] [CenterProbe] sh-local10 [sh-local10] 在线
[2026-04-24 10:00:44] [INFO] [CenterProbe] sh-agent-01 [sh-agent-01] 在线
[2026-04-24 10:00:44] [INFO] [CenterProbe] sh-local10 [sh-local10] 在线
[2026-04-24 10:01:48] [INFO] [CenterProbe] sh-agent-01 [sh-agent-01] 在线
[2026-04-24 10:01:48] [INFO] [CenterProbe] sh-local10 [sh-local10] 在线
[2026-04-24 10:02:52] [INFO] [CenterProbe] sh-agent-01 [sh-agent-01] 在线
[2026-04-24 10:02:52] [INFO] [CenterProbe] sh-local10 [sh-local10] 在线
[2026-04-24 10:03:54] [INFO] [CenterProbe] sh-agent-01 [sh-agent-01] 在线
[2026-04-24 10:03:54] [INFO] [CenterProbe] sh-local10 [sh-local10] 在线
[2026-04-24 10:04:57] [INFO] [CenterProbe] sh-local10 [sh-local10] 在线
[2026-04-24 10:04:57] [INFO] [CenterProbe] sh-agent-01 [sh-agent-01] 在线
[2026-04-24 10:06:01] [INFO] [CenterProbe] sh-agent-01 [sh-agent-01] 在线
[2026-04-24 10:06:01] [INFO] [CenterProbe] sh-local10 [sh-local10] 在线
[2026-04-24 10:07:05] [INFO] [CenterProbe] sh-agent-01 [sh-agent-01] 在线
[2026-04-24 10:07:05] [INFO] [CenterProbe] sh-local10 [sh-local10] 在线
[2026-04-24 10:08:09] [INFO] [CenterProbe] sh-agent-01 [sh-agent-01] 在线
[2026-04-24 10:08:09] [INFO] [CenterProbe] sh-local10 [sh-local10] 在线
[2026-04-24 10:09:13] [INFO] [CenterProbe] sh-agent-01 [sh-agent-01] 在线
[2026-04-24 10:09:13] [INFO] [CenterProbe] sh-local10 [sh-local10] 在线
[2026-04-24 10:10:16] [INFO] [CenterProbe] sh-agent-01 [sh-agent-01] 在线
[2026-04-24 10:10:17] [INFO] [CenterProbe] sh-local10 [sh-local10] 在线
[2026-04-24 10:11:18] [INFO] [CenterProbe] sh-agent-01 [sh-agent-01] 在线
[2026-04-24 10:11:18] [INFO] [CenterProbe] sh-local10 [sh-local10] 在线
[2026-04-24 10:12:23] [INFO] [CenterProbe] sh-agent-01 [sh-agent-01] 在线
[2026-04-24 10:12:23] [INFO] [CenterProbe] sh-local10 [sh-local10] 在线
[2026-04-24 10:13:27] [INFO] [CenterProbe] sh-agent-01 [sh-agent-01] 在线
[2026-04-24 10:13:27] [INFO] [CenterProbe] sh-local10 [sh-local10] 在线
[2026-04-24 10:14:30] [INFO] [CenterProbe] sh-agent-01 [sh-agent-01] 在线
[2026-04-24 10:14:30] [INFO] [CenterProbe] sh-local10 [sh-local10] 在线
[2026-04-24 10:15:32] [INFO] [CenterProbe] sh-agent-01 [sh-agent-01] 在线
[2026-04-24 10:15:32] [INFO] [CenterProbe] sh-local10 [sh-local10] 在线
[2026-04-24 10:16:36] [INFO] [CenterProbe] sh-agent-01 [sh-agent-01] 在线
[2026-04-24 10:16:36] [INFO] [CenterProbe] sh-local10 [sh-local10] 在线
[2026-04-24 10:17:39] [INFO] [CenterProbe] sh-agent-01 [sh-agent-01] 在线
[2026-04-24 10:17:39] [INFO] [CenterProbe] sh-local10 [sh-local10] 在线
[2026-04-24 10:18:41] [INFO] [CenterProbe] sh-agent-01 [sh-agent-01] 在线
[2026-04-24 10:18:41] [INFO] [CenterProbe] sh-local10 [sh-local10] 在线
[2026-04-24 10:19:44] [INFO] [CenterProbe] sh-agent-01 [sh-agent-01] 在线
[2026-04-24 10:19:44] [INFO] [CenterProbe] sh-local10 [sh-local10] 在线
[2026-04-24 10:20:46] [INFO] [CenterProbe] sh-agent-01 [sh-agent-01] 在线
[2026-04-24 10:20:46] [INFO] [CenterProbe] sh-local10 [sh-local10] 在线
[2026-04-24 10:21:48] [INFO] [CenterProbe] sh-agent-01 [sh-agent-01] 在线
[2026-04-24 10:21:48] [INFO] [CenterProbe] sh-local10 [sh-local10] 在线
[2026-04-24 10:22:50] [INFO] [CenterProbe] sh-agent-01 [sh-agent-01] 在线
[2026-04-24 10:22:50] [INFO] [CenterProbe] sh-local10 [sh-local10] 在线
[2026-04-24 10:23:53] [INFO] [CenterProbe] sh-agent-01 [sh-agent-01] 在线
[2026-04-24 10:23:53] [INFO] [CenterProbe] sh-local10 [sh-local10] 在线
[2026-04-24 10:24:56] [INFO] [CenterProbe] sh-agent-01 [sh-agent-01] 在线
[2026-04-24 10:24:56] [INFO] [CenterProbe] sh-local10 [sh-local10] 在线
[2026-04-24 10:25:59] [INFO] [CenterProbe] sh-agent-01 [sh-agent-01] 在线
[2026-04-24 10:25:59] [INFO] [CenterProbe] sh-local10 [sh-local10] 在线
[2026-04-24 10:27:00] [INFO] [CenterProbe] sh-agent-01 [sh-agent-01] 在线
[2026-04-24 10:27:00] [INFO] [CenterProbe] sh-local10 [sh-local10] 在线
[2026-04-24 10:28:03] [INFO] [CenterProbe] sh-agent-01 [sh-agent-01] 在线
[2026-04-24 10:28:03] [INFO] [CenterProbe] sh-local10 [sh-local10] 在线
[2026-04-24 10:29:07] [INFO] [CenterProbe] sh-agent-01 [sh-agent-01] 在线
[2026-04-24 10:29:07] [INFO] [CenterProbe] sh-local10 [sh-local10] 在线
[2026-04-24 10:30:10] [INFO] [CenterProbe] sh-agent-01 [sh-agent-01] 在线
[2026-04-24 10:30:10] [INFO] [CenterProbe] sh-local10 [sh-local10] 在线
[2026-04-24 10:31:13] [INFO] [CenterProbe] sh-agent-01 [sh-agent-01] 在线
[2026-04-24 10:31:13] [INFO] [CenterProbe] sh-local10 [sh-local10] 在线
[2026-04-24 10:32:16] [INFO] [CenterProbe] sh-agent-01 [sh-agent-01] 在线
[2026-04-24 10:32:16] [INFO] [CenterProbe] sh-local10 [sh-local10] 在线
[2026-04-24 10:33:19] [INFO] [CenterProbe] sh-agent-01 [sh-agent-01] 在线
[2026-04-24 10:33:19] [INFO] [CenterProbe] sh-local10 [sh-local10] 在线
[2026-04-24 10:34:21] [INFO] [CenterProbe] sh-agent-01 [sh-agent-01] 在线
[2026-04-24 10:34:21] [INFO] [CenterProbe] sh-local10 [sh-local10] 在线
[2026-04-24 10:35:24] [INFO] [CenterProbe] sh-agent-01 [sh-agent-01] 在线
[2026-04-24 10:35:24] [INFO] [CenterProbe] sh-local10 [sh-local10] 在线
[2026-04-24 10:36:26] [INFO] [CenterProbe] sh-agent-01 [sh-agent-01] 在线
[2026-04-24 10:36:26] [INFO] [CenterProbe] sh-local10 [sh-local10] 在线
[2026-04-24 10:37:29] [INFO] [CenterProbe] sh-agent-01 [sh-agent-01] 在线
[2026-04-24 10:37:29] [INFO] [CenterProbe] sh-local10 [sh-local10] 在线
[2026-04-24 10:38:32] [INFO] [CenterProbe] sh-agent-01 [sh-agent-01] 在线
[2026-04-24 10:38:33] [INFO] [CenterProbe] sh-local10 [sh-local10] 在线
[2026-04-24 10:39:36] [INFO] [CenterProbe] sh-agent-01 [sh-agent-01] 在线
[2026-04-24 10:39:36] [INFO] [CenterProbe] sh-local10 [sh-local10] 在线
[2026-04-24 10:40:38] [INFO] [CenterProbe] sh-agent-01 [sh-agent-01] 在线
[2026-04-24 10:40:38] [INFO] [CenterProbe] sh-local10 [sh-local10] 在线
[2026-04-24 10:41:40] [INFO] [CenterProbe] sh-agent-01 [sh-agent-01] 在线
[2026-04-24 10:41:40] [INFO] [CenterProbe] sh-local10 [sh-local10] 在线
[2026-04-24 10:42:43] [INFO] [CenterProbe] sh-agent-01 [sh-agent-01] 在线
[2026-04-24 10:42:43] [INFO] [CenterProbe] sh-local10 [sh-local10] 在线
[2026-04-24 10:43:46] [INFO] [CenterProbe] sh-agent-01 [sh-agent-01] 在线
[2026-04-24 10:43:46] [INFO] [CenterProbe] sh-local10 [sh-local10] 在线
[2026-04-24 10:44:49] [INFO] [CenterProbe] sh-agent-01 [sh-agent-01] 在线
[2026-04-24 10:44:49] [INFO] [CenterProbe] sh-local10 [sh-local10] 在线
[2026-04-24 10:45:52] [INFO] [CenterProbe] sh-agent-01 [sh-agent-01] 在线
[2026-04-24 10:45:52] [INFO] [CenterProbe] sh-local10 [sh-local10] 在线
[2026-04-24 10:46:55] [INFO] [CenterProbe] sh-agent-01 [sh-agent-01] 在线
[2026-04-24 10:46:55] [INFO] [CenterProbe] sh-local10 [sh-local10] 在线
[2026-04-24 10:47:56] [INFO] [CenterProbe] sh-agent-01 [sh-agent-01] 在线
[2026-04-24 10:47:56] [INFO] [CenterProbe] sh-local10 [sh-local10] 在线
[2026-04-24 10:48:59] [INFO] [CenterProbe] sh-agent-01 [sh-agent-01] 在线
[2026-04-24 10:48:59] [INFO] [CenterProbe] sh-local10 [sh-local10] 在线
[2026-04-24 10:50:02] [INFO] [CenterProbe] sh-agent-01 [sh-agent-01] 在线
[2026-04-24 10:50:02] [INFO] [CenterProbe] sh-local10 [sh-local10] 在线
[2026-04-24 10:51:05] [INFO] [CenterProbe] sh-agent-01 [sh-agent-01] 在线
[2026-04-24 10:51:05] [INFO] [CenterProbe] sh-local10 [sh-local10] 在线
[2026-04-24 10:52:08] [INFO] [CenterProbe] sh-agent-01 [sh-agent-01] 在线
[2026-04-24 10:52:08] [INFO] [CenterProbe] sh-local10 [sh-local10] 在线
[2026-04-24 10:53:11] [INFO] [CenterProbe] sh-agent-01 [sh-agent-01] 在线
[2026-04-24 10:53:11] [INFO] [CenterProbe] sh-local10 [sh-local10] 在线
[2026-04-24 10:54:14] [INFO] [CenterProbe] sh-agent-01 [sh-agent-01] 在线
[2026-04-24 10:54:14] [INFO] [CenterProbe] sh-local10 [sh-local10] 在线
[2026-04-24 10:55:15] [INFO] [CenterProbe] sh-agent-01 [sh-agent-01] 在线
[2026-04-24 10:55:15] [INFO] [CenterProbe] sh-local10 [sh-local10] 在线
[2026-04-24 10:56:18] [INFO] [CenterProbe] sh-agent-01 [sh-agent-01] 在线
[2026-04-24 10:56:18] [INFO] [CenterProbe] sh-local10 [sh-local10] 在线
[2026-04-24 10:57:22] [INFO] [CenterProbe] sh-agent-01 [sh-agent-01] 在线
[2026-04-24 10:57:22] [INFO] [CenterProbe] sh-local10 [sh-local10] 在线
[2026-04-24 10:58:25] [INFO] [CenterProbe] sh-agent-01 [sh-agent-01] 在线
[2026-04-24 10:58:25] [INFO] [CenterProbe] sh-local10 [sh-local10] 在线
[2026-04-24 10:59:28] [INFO] [CenterProbe] sh-agent-01 [sh-agent-01] 在线
[2026-04-24 10:59:29] [INFO] [CenterProbe] sh-local10 [sh-local10] 在线
[2026-04-24 11:00:32] [INFO] [CenterProbe] sh-agent-01 [sh-agent-01] 在线
[2026-04-24 11:00:32] [INFO] [CenterProbe] sh-local10 [sh-local10] 在线
[2026-04-24 11:01:35] [INFO] [CenterProbe] sh-agent-01 [sh-agent-01] 在线
[2026-04-24 11:01:35] [INFO] [CenterProbe] sh-local10 [sh-local10] 在线
[2026-04-24 11:02:37] [INFO] [CenterProbe] sh-agent-01 [sh-agent-01] 在线
[2026-04-24 11:02:37] [INFO] [CenterProbe] sh-local10 [sh-local10] 在线
[2026-04-24 11:03:41] [INFO] [CenterProbe] sh-agent-01 [sh-agent-01] 在线
[2026-04-24 11:03:41] [INFO] [CenterProbe] sh-local10 [sh-local10] 在线
[2026-04-24 11:04:44] [INFO] [CenterProbe] sh-agent-01 [sh-agent-01] 在线
[2026-04-24 11:04:44] [INFO] [CenterProbe] sh-local10 [sh-local10] 在线
[2026-04-24 11:05:48] [INFO] [CenterProbe] sh-agent-01 [sh-agent-01] 在线
[2026-04-24 11:05:48] [INFO] [CenterProbe] sh-local10 [sh-local10] 在线
[2026-04-24 11:06:52] [INFO] [CenterProbe] sh-agent-01 [sh-agent-01] 在线
[2026-04-24 11:06:52] [INFO] [CenterProbe] sh-local10 [sh-local10] 在线
[2026-04-24 11:07:56] [INFO] [CenterProbe] sh-agent-01 [sh-agent-01] 在线
[2026-04-24 11:07:56] [INFO] [CenterProbe] sh-local10 [sh-local10] 在线
[2026-04-24 11:09:00] [INFO] [CenterProbe] sh-agent-01 [sh-agent-01] 在线
[2026-04-24 11:09:01] [INFO] [CenterProbe] sh-local10 [sh-local10] 在线
[2026-04-24 11:10:02] [INFO] [CenterProbe] sh-agent-01 [sh-agent-01] 在线
[2026-04-24 11:10:02] [INFO] [CenterProbe] sh-local10 [sh-local10] 在线
[2026-04-24 11:11:06] [INFO] [CenterProbe] sh-agent-01 [sh-agent-01] 在线
[2026-04-24 11:11:06] [INFO] [CenterProbe] sh-local10 [sh-local10] 在线
[2026-04-24 11:12:09] [INFO] [CenterProbe] sh-agent-01 [sh-agent-01] 在线
[2026-04-24 11:12:10] [INFO] [CenterProbe] sh-local10 [sh-local10] 在线
[2026-04-24 11:13:13] [INFO] [CenterProbe] sh-agent-01 [sh-agent-01] 在线
[2026-04-24 11:13:13] [INFO] [CenterProbe] sh-local10 [sh-local10] 在线
[2026-04-24 11:14:17] [INFO] [CenterProbe] sh-agent-01 [sh-agent-01] 在线
[2026-04-24 11:14:17] [INFO] [CenterProbe] sh-local10 [sh-local10] 在线
[2026-04-24 11:15:21] [INFO] [CenterProbe] sh-agent-01 [sh-agent-01] 在线
[2026-04-24 11:15:21] [INFO] [CenterProbe] sh-local10 [sh-local10] 在线
[2026-04-24 11:16:24] [INFO] [CenterProbe] sh-agent-01 [sh-agent-01] 在线
[2026-04-24 11:16:24] [INFO] [CenterProbe] sh-local10 [sh-local10] 在线
[2026-04-24 11:17:27] [INFO] [CenterProbe] sh-agent-01 [sh-agent-01] 在线
[2026-04-24 11:17:27] [INFO] [CenterProbe] sh-local10 [sh-local10] 在线
[2026-04-24 11:18:30] [INFO] [CenterProbe] sh-agent-01 [sh-agent-01] 在线
[2026-04-24 11:18:30] [INFO] [CenterProbe] sh-local10 [sh-local10] 在线
[2026-04-24 11:19:34] [INFO] [CenterProbe] sh-agent-01 [sh-agent-01] 在线
[2026-04-24 11:19:34] [INFO] [CenterProbe] sh-local10 [sh-local10] 在线
[2026-04-24 11:20:38] [INFO] [CenterProbe] sh-agent-01 [sh-agent-01] 在线
[2026-04-24 11:20:38] [INFO] [CenterProbe] sh-local10 [sh-local10] 在线
[2026-04-24 11:21:42] [INFO] [CenterProbe] sh-agent-01 [sh-agent-01] 在线
[2026-04-24 11:21:42] [INFO] [CenterProbe] sh-local10 [sh-local10] 在线
[2026-04-24 11:22:46] [INFO] [CenterProbe] sh-agent-01 [sh-agent-01] 在线
[2026-04-24 11:22:46] [INFO] [CenterProbe] sh-local10 [sh-local10] 在线
[2026-04-24 11:23:50] [INFO] [CenterProbe] sh-agent-01 [sh-agent-01] 在线
[2026-04-24 11:23:50] [INFO] [CenterProbe] sh-local10 [sh-local10] 在线
[2026-04-24 11:24:53] [INFO] [CenterProbe] sh-agent-01 [sh-agent-01] 在线
[2026-04-24 11:24:55] [INFO] [CenterProbe] sh-local10 [sh-local10] 在线
[2026-04-24 11:25:57] [INFO] [CenterProbe] sh-agent-01 [sh-agent-01] 在线
[2026-04-24 11:25:57] [INFO] [CenterProbe] sh-local10 [sh-local10] 在线
[2026-04-24 11:27:01] [INFO] [CenterProbe] sh-agent-01 [sh-agent-01] 在线
[2026-04-24 11:27:01] [INFO] [CenterProbe] sh-local10 [sh-local10] 在线
[2026-04-24 11:28:06] [INFO] [CenterProbe] sh-agent-01 [sh-agent-01] 在线
[2026-04-24 11:28:06] [INFO] [CenterProbe] sh-local10 [sh-local10] 在线
[2026-04-24 11:29:10] [INFO] [CenterProbe] sh-agent-01 [sh-agent-01] 在线
[2026-04-24 11:29:10] [INFO] [CenterProbe] sh-local10 [sh-local10] 在线
[2026-04-24 11:30:14] [INFO] [CenterProbe] sh-agent-01 [sh-agent-01] 在线
[2026-04-24 11:30:14] [INFO] [CenterProbe] sh-local10 [sh-local10] 在线
[2026-04-24 11:31:17] [INFO] [CenterProbe] sh-agent-01 [sh-agent-01] 在线
[2026-04-24 11:31:17] [INFO] [CenterProbe] sh-local10 [sh-local10] 在线
[2026-04-24 11:32:19] [INFO] [CenterProbe] sh-agent-01 [sh-agent-01] 在线
[2026-04-24 11:32:19] [INFO] [CenterProbe] sh-local10 [sh-local10] 在线
[2026-04-24 11:33:23] [INFO] [CenterProbe] sh-agent-01 [sh-agent-01] 在线
[2026-04-24 11:33:23] [INFO] [CenterProbe] sh-local10 [sh-local10] 在线
[2026-04-24 11:34:27] [INFO] [CenterProbe] sh-agent-01 [sh-agent-01] 在线
[2026-04-24 11:34:27] [INFO] [CenterProbe] sh-local10 [sh-local10] 在线
[2026-04-24 11:35:31] [INFO] [CenterProbe] sh-agent-01 [sh-agent-01] 在线
[2026-04-24 11:35:31] [INFO] [CenterProbe] sh-local10 [sh-local10] 在线
[2026-04-24 11:36:35] [INFO] [CenterProbe] sh-agent-01 [sh-agent-01] 在线
[2026-04-24 11:36:35] [INFO] [CenterProbe] sh-local10 [sh-local10] 在线
[2026-04-24 11:37:39] [INFO] [CenterProbe] sh-agent-01 [sh-agent-01] 在线
[2026-04-24 11:37:39] [INFO] [CenterProbe] sh-local10 [sh-local10] 在线
[2026-04-24 11:38:44] [INFO] [CenterProbe] sh-agent-01 [sh-agent-01] 在线
[2026-04-24 11:38:44] [INFO] [CenterProbe] sh-local10 [sh-local10] 在线
[2026-04-24 11:39:46] [INFO] [CenterProbe] sh-agent-01 [sh-agent-01] 在线
[2026-04-24 11:39:46] [INFO] [CenterProbe] sh-local10 [sh-local10] 在线
[2026-04-24 11:40:50] [INFO] [CenterProbe] sh-agent-01 [sh-agent-01] 在线
[2026-04-24 11:40:50] [INFO] [CenterProbe] sh-local10 [sh-local10] 在线
[2026-04-24 11:41:54] [INFO] [CenterProbe] sh-agent-01 [sh-agent-01] 在线
[2026-04-24 11:41:54] [INFO] [CenterProbe] sh-local10 [sh-local10] 在线
[2026-04-24 11:42:58] [INFO] [CenterProbe] sh-agent-01 [sh-agent-01] 在线
[2026-04-24 11:42:58] [INFO] [CenterProbe] sh-local10 [sh-local10] 在线
[2026-04-24 11:44:03] [INFO] [CenterProbe] sh-agent-01 [sh-agent-01] 在线
[2026-04-24 11:44:03] [INFO] [CenterProbe] sh-local10 [sh-local10] 在线
[2026-04-24 11:45:07] [INFO] [CenterProbe] sh-agent-01 [sh-agent-01] 在线
[2026-04-24 11:45:07] [INFO] [CenterProbe] sh-local10 [sh-local10] 在线
[2026-04-24 11:46:10] [INFO] [CenterProbe] sh-agent-01 [sh-agent-01] 在线
[2026-04-24 11:46:11] [INFO] [CenterProbe] sh-local10 [sh-local10] 在线
[2026-04-24 11:47:12] [INFO] [CenterProbe] sh-agent-01 [sh-agent-01] 在线
[2026-04-24 11:47:12] [INFO] [CenterProbe] sh-local10 [sh-local10] 在线
[2026-04-24 11:48:16] [INFO] [CenterProbe] sh-agent-01 [sh-agent-01] 在线
[2026-04-24 11:48:16] [INFO] [CenterProbe] sh-local10 [sh-local10] 在线
[2026-04-24 11:49:20] [INFO] [CenterProbe] sh-agent-01 [sh-agent-01] 在线
[2026-04-24 11:49:20] [INFO] [CenterProbe] sh-local10 [sh-local10] 在线
[2026-04-24 11:50:24] [INFO] [CenterProbe] sh-agent-01 [sh-agent-01] 在线
[2026-04-24 11:50:24] [INFO] [CenterProbe] sh-local10 [sh-local10] 在线
[2026-04-24 11:51:29] [INFO] [CenterProbe] sh-agent-01 [sh-agent-01] 在线
[2026-04-24 11:51:29] [INFO] [CenterProbe] sh-local10 [sh-local10] 在线
[2026-04-24 11:52:33] [INFO] [CenterProbe] sh-agent-01 [sh-agent-01] 在线
[2026-04-24 11:52:33] [INFO] [CenterProbe] sh-local10 [sh-local10] 在线
[2026-04-24 11:53:37] [INFO] [CenterProbe] sh-agent-01 [sh-agent-01] 在线
[2026-04-24 11:53:37] [INFO] [CenterProbe] sh-local10 [sh-local10] 在线
[2026-04-24 11:54:40] [INFO] [CenterProbe] sh-agent-01 [sh-agent-01] 在线
[2026-04-24 11:54:40] [INFO] [CenterProbe] sh-local10 [sh-local10] 在线
[2026-04-24 11:55:44] [INFO] [CenterProbe] sh-agent-01 [sh-agent-01] 在线
[2026-04-24 11:55:44] [INFO] [CenterProbe] sh-local10 [sh-local10] 在线
[2026-04-24 11:56:48] [INFO] [CenterProbe] sh-agent-01 [sh-agent-01] 在线
[2026-04-24 11:56:48] [INFO] [CenterProbe] sh-local10 [sh-local10] 在线
[2026-04-24 11:57:52] [INFO] [CenterProbe] sh-agent-01 [sh-agent-01] 在线
[2026-04-24 11:57:52] [INFO] [CenterProbe] sh-local10 [sh-local10] 在线
[2026-04-24 11:58:56] [INFO] [CenterProbe] sh-agent-01 [sh-agent-01] 在线
[2026-04-24 11:58:56] [INFO] [CenterProbe] sh-local10 [sh-local10] 在线
[2026-04-24 12:00:00] [INFO] [CenterProbe] sh-agent-01 [sh-agent-01] 在线
[2026-04-24 12:00:00] [INFO] [CenterProbe] sh-local10 [sh-local10] 在线
[2026-04-24 12:01:04] [INFO] [CenterProbe] sh-agent-01 [sh-agent-01] 在线
[2026-04-24 12:01:04] [INFO] [CenterProbe] sh-local10 [sh-local10] 在线
[2026-04-24 12:02:06] [INFO] [CenterProbe] sh-agent-01 [sh-agent-01] 在线
[2026-04-24 12:02:06] [INFO] [CenterProbe] sh-local10 [sh-local10] 在线
[2026-04-24 12:03:10] [INFO] [CenterProbe] sh-agent-01 [sh-agent-01] 在线
[2026-04-24 12:03:10] [INFO] [CenterProbe] sh-local10 [sh-local10] 在线
[2026-04-24 12:04:14] [INFO] [CenterProbe] sh-agent-01 [sh-agent-01] 在线
[2026-04-24 12:04:15] [INFO] [CenterProbe] sh-local10 [sh-local10] 在线
[2026-04-24 12:05:19] [INFO] [CenterProbe] sh-agent-01 [sh-agent-01] 在线
[2026-04-24 12:05:19] [INFO] [CenterProbe] sh-local10 [sh-local10] 在线
[2026-04-24 12:06:23] [INFO] [CenterProbe] sh-agent-01 [sh-agent-01] 在线
[2026-04-24 12:06:23] [INFO] [CenterProbe] sh-local10 [sh-local10] 在线
[2026-04-24 12:07:27] [INFO] [CenterProbe] sh-agent-01 [sh-agent-01] 在线
[2026-04-24 12:07:27] [INFO] [CenterProbe] sh-local10 [sh-local10] 在线
[2026-04-24 12:08:32] [INFO] [CenterProbe] sh-agent-01 [sh-agent-01] 在线
[2026-04-24 12:08:32] [INFO] [CenterProbe] sh-local10 [sh-local10] 在线
[2026-04-24 12:09:34] [INFO] [CenterProbe] sh-agent-01 [sh-agent-01] 在线
[2026-04-24 12:09:34] [INFO] [CenterProbe] sh-local10 [sh-local10] 在线
[2026-04-24 12:10:38] [INFO] [CenterProbe] sh-agent-01 [sh-agent-01] 在线
[2026-04-24 12:10:38] [INFO] [CenterProbe] sh-local10 [sh-local10] 在线
[2026-04-24 12:11:43] [INFO] [CenterProbe] sh-agent-01 [sh-agent-01] 在线
[2026-04-24 12:11:43] [INFO] [CenterProbe] sh-local10 [sh-local10] 在线
[2026-04-24 12:12:48] [INFO] [CenterProbe] sh-agent-01 [sh-agent-01] 在线
[2026-04-24 12:12:48] [INFO] [CenterProbe] sh-local10 [sh-local10] 在线
[2026-04-24 12:13:52] [INFO] [CenterProbe] sh-agent-01 [sh-agent-01] 在线
[2026-04-24 12:13:52] [INFO] [CenterProbe] sh-local10 [sh-local10] 在线
[2026-04-24 12:14:56] [INFO] [CenterProbe] sh-agent-01 [sh-agent-01] 在线
[2026-04-24 12:14:56] [INFO] [CenterProbe] sh-local10 [sh-local10] 在线
[2026-04-24 12:16:01] [INFO] [CenterProbe] sh-agent-01 [sh-agent-01] 在线
[2026-04-24 12:16:01] [INFO] [CenterProbe] sh-local10 [sh-local10] 在线
[2026-04-24 12:17:03] [INFO] [CenterProbe] sh-agent-01 [sh-agent-01] 在线
[2026-04-24 12:17:03] [INFO] [CenterProbe] sh-local10 [sh-local10] 在线
[2026-04-24 12:18:07] [INFO] [CenterProbe] sh-agent-01 [sh-agent-01] 在线
[2026-04-24 12:18:07] [INFO] [CenterProbe] sh-local10 [sh-local10] 在线
[2026-04-24 12:19:11] [INFO] [CenterProbe] sh-agent-01 [sh-agent-01] 在线
[2026-04-24 12:19:11] [INFO] [CenterProbe] sh-local10 [sh-local10] 在线
[2026-04-24 12:20:16] [INFO] [CenterProbe] sh-agent-01 [sh-agent-01] 在线
[2026-04-24 12:20:16] [INFO] [CenterProbe] sh-local10 [sh-local10] 在线
[2026-04-24 12:21:20] [INFO] [CenterProbe] sh-agent-01 [sh-agent-01] 在线
[2026-04-24 12:21:20] [INFO] [CenterProbe] sh-local10 [sh-local10] 在线
[2026-04-24 12:22:25] [INFO] [CenterProbe] sh-agent-01 [sh-agent-01] 在线
[2026-04-24 12:22:25] [INFO] [CenterProbe] sh-local10 [sh-local10] 在线
[2026-04-24 12:23:29] [INFO] [CenterProbe] sh-agent-01 [sh-agent-01] 在线
[2026-04-24 12:23:30] [INFO] [CenterProbe] sh-local10 [sh-local10] 在线
[2026-04-24 12:24:32] [INFO] [CenterProbe] sh-agent-01 [sh-agent-01] 在线
[2026-04-24 12:24:32] [INFO] [CenterProbe] sh-local10 [sh-local10] 在线
[2026-04-24 12:25:36] [INFO] [CenterProbe] sh-agent-01 [sh-agent-01] 在线
[2026-04-24 12:25:36] [INFO] [CenterProbe] sh-local10 [sh-local10] 在线
[2026-04-24 12:26:41] [INFO] [CenterProbe] sh-agent-01 [sh-agent-01] 在线
[2026-04-24 12:26:41] [INFO] [CenterProbe] sh-local10 [sh-local10] 在线
[2026-04-24 12:27:46] [INFO] [CenterProbe] sh-agent-01 [sh-agent-01] 在线
[2026-04-24 12:27:46] [INFO] [CenterProbe] sh-local10 [sh-local10] 在线
[2026-04-24 12:28:50] [INFO] [CenterProbe] sh-agent-01 [sh-agent-01] 在线
[2026-04-24 12:28:50] [INFO] [CenterProbe] sh-local10 [sh-local10] 在线
[2026-04-24 12:29:54] [INFO] [CenterProbe] sh-agent-01 [sh-agent-01] 在线
[2026-04-24 12:29:55] [INFO] [CenterProbe] sh-local10 [sh-local10] 在线
[2026-04-24 12:30:59] [INFO] [CenterProbe] sh-agent-01 [sh-agent-01] 在线
[2026-04-24 12:30:59] [INFO] [CenterProbe] sh-local10 [sh-local10] 在线
[2026-04-24 12:32:01] [INFO] [CenterProbe] sh-agent-01 [sh-agent-01] 在线
[2026-04-24 12:32:01] [INFO] [CenterProbe] sh-local10 [sh-local10] 在线
[2026-04-24 12:33:06] [INFO] [CenterProbe] sh-agent-01 [sh-agent-01] 在线
[2026-04-24 12:33:06] [INFO] [CenterProbe] sh-local10 [sh-local10] 在线
[2026-04-24 12:34:10] [INFO] [CenterProbe] sh-agent-01 [sh-agent-01] 在线
[2026-04-24 12:34:10] [INFO] [CenterProbe] sh-local10 [sh-local10] 在线
[2026-04-24 12:35:15] [INFO] [CenterProbe] sh-agent-01 [sh-agent-01] 在线
[2026-04-24 12:35:15] [INFO] [CenterProbe] sh-local10 [sh-local10] 在线
[2026-04-24 12:36:19] [INFO] [CenterProbe] sh-agent-01 [sh-agent-01] 在线
[2026-04-24 12:36:19] [INFO] [CenterProbe] sh-local10 [sh-local10] 在线
[2026-04-24 12:37:24] [INFO] [CenterProbe] sh-agent-01 [sh-agent-01] 在线
[2026-04-24 12:37:24] [INFO] [CenterProbe] sh-local10 [sh-local10] 在线
[2026-04-24 12:38:29] [INFO] [CenterProbe] sh-agent-01 [sh-agent-01] 在线
[2026-04-24 12:38:29] [INFO] [CenterProbe] sh-local10 [sh-local10] 在线
[2026-04-24 12:39:31] [INFO] [CenterProbe] sh-agent-01 [sh-agent-01] 在线
[2026-04-24 12:39:31] [INFO] [CenterProbe] sh-local10 [sh-local10] 在线
[2026-04-24 12:40:36] [INFO] [CenterProbe] sh-agent-01 [sh-agent-01] 在线
[2026-04-24 12:40:36] [INFO] [CenterProbe] sh-local10 [sh-local10] 在线
[2026-04-24 12:41:40] [INFO] [CenterProbe] sh-agent-01 [sh-agent-01] 在线
[2026-04-24 12:41:40] [INFO] [CenterProbe] sh-local10 [sh-local10] 在线
[2026-04-24 12:42:45] [INFO] [CenterProbe] sh-agent-01 [sh-agent-01] 在线
[2026-04-24 12:42:45] [INFO] [CenterProbe] sh-local10 [sh-local10] 在线
[2026-04-24 12:43:49] [INFO] [CenterProbe] sh-agent-01 [sh-agent-01] 在线
[2026-04-24 12:43:49] [INFO] [CenterProbe] sh-local10 [sh-local10] 在线
[2026-04-24 12:44:53] [INFO] [CenterProbe] sh-agent-01 [sh-agent-01] 在线
[2026-04-24 12:44:54] [INFO] [CenterProbe] sh-local10 [sh-local10] 在线
[2026-04-24 12:45:56] [INFO] [CenterProbe] sh-agent-01 [sh-agent-01] 在线
[2026-04-24 12:45:56] [INFO] [CenterProbe] sh-local10 [sh-local10] 在线
[2026-04-24 12:47:01] [INFO] [CenterProbe] sh-agent-01 [sh-agent-01] 在线
[2026-04-24 12:47:01] [INFO] [CenterProbe] sh-local10 [sh-local10] 在线
[2026-04-24 12:48:03] [INFO] [CenterProbe] sh-agent-01 [sh-agent-01] 在线
[2026-04-24 12:48:03] [INFO] [CenterProbe] sh-local10 [sh-local10] 在线
[2026-04-24 12:49:09] [INFO] [CenterProbe] sh-agent-01 [sh-agent-01] 在线
[2026-04-24 12:49:09] [INFO] [CenterProbe] sh-local10 [sh-local10] 在线
[2026-04-24 12:50:12] [INFO] [CenterProbe] sh-agent-01 [sh-agent-01] 在线
[2026-04-24 12:50:13] [INFO] [CenterProbe] sh-local10 [sh-local10] 在线
[2026-04-24 12:51:17] [INFO] [CenterProbe] sh-agent-01 [sh-agent-01] 在线
[2026-04-24 12:51:17] [INFO] [CenterProbe] sh-local10 [sh-local10] 在线
[2026-04-24 12:52:22] [INFO] [CenterProbe] sh-agent-01 [sh-agent-01] 在线
[2026-04-24 12:52:22] [INFO] [CenterProbe] sh-local10 [sh-local10] 在线
[2026-04-24 12:53:26] [INFO] [CenterProbe] sh-agent-01 [sh-agent-01] 在线
[2026-04-24 12:53:26] [INFO] [CenterProbe] sh-local10 [sh-local10] 在线
[2026-04-24 12:54:28] [INFO] [CenterProbe] sh-agent-01 [sh-agent-01] 在线
[2026-04-24 12:54:28] [INFO] [CenterProbe] sh-local10 [sh-local10] 在线
[2026-04-24 12:55:33] [INFO] [CenterProbe] sh-agent-01 [sh-agent-01] 在线
[2026-04-24 12:55:33] [INFO] [CenterProbe] sh-local10 [sh-local10] 在线
[2026-04-24 12:56:37] [INFO] [CenterProbe] sh-agent-01 [sh-agent-01] 在线
[2026-04-24 12:56:37] [INFO] [CenterProbe] sh-local10 [sh-local10] 在线
[2026-04-24 12:57:42] [INFO] [CenterProbe] sh-agent-01 [sh-agent-01] 在线
[2026-04-24 12:57:42] [INFO] [CenterProbe] sh-local10 [sh-local10] 在线
[2026-04-24 12:58:46] [INFO] [CenterProbe] sh-agent-01 [sh-agent-01] 在线
[2026-04-24 12:58:46] [INFO] [CenterProbe] sh-local10 [sh-local10] 在线
[2026-04-24 12:59:48] [INFO] [CenterProbe] sh-agent-01 [sh-agent-01] 在线
[2026-04-24 12:59:48] [INFO] [CenterProbe] sh-local10 [sh-local10] 在线
[2026-04-24 13:00:49] [INFO] [CenterProbe] sh-agent-01 [sh-agent-01] 在线
[2026-04-24 13:00:50] [INFO] [CenterProbe] sh-local10 [sh-local10] 在线
[2026-04-24 13:01:51] [INFO] [CenterProbe] sh-agent-01 [sh-agent-01] 在线
[2026-04-24 13:01:51] [INFO] [CenterProbe] sh-local10 [sh-local10] 在线
[2026-04-24 13:02:52] [INFO] [CenterProbe] sh-agent-01 [sh-agent-01] 在线
[2026-04-24 13:02:52] [INFO] [CenterProbe] sh-local10 [sh-local10] 在线
[2026-04-24 13:03:53] [INFO] [CenterProbe] sh-agent-01 [sh-agent-01] 在线
[2026-04-24 13:03:54] [INFO] [CenterProbe] sh-local10 [sh-local10] 在线
[2026-04-24 13:04:55] [INFO] [CenterProbe] sh-agent-01 [sh-agent-01] 在线
[2026-04-24 13:04:55] [INFO] [CenterProbe] sh-local10 [sh-local10] 在线
[2026-04-24 13:05:56] [INFO] [CenterProbe] sh-local10 [sh-local10] 在线
[2026-04-24 13:05:56] [INFO] [CenterProbe] sh-agent-01 [sh-agent-01] 在线
[2026-04-24 13:06:57] [INFO] [CenterProbe] sh-agent-01 [sh-agent-01] 在线
[2026-04-24 13:06:58] [INFO] [CenterProbe] sh-local10 [sh-local10] 在线
[2026-04-24 13:07:59] [INFO] [CenterProbe] sh-agent-01 [sh-agent-01] 在线
[2026-04-24 13:07:59] [INFO] [CenterProbe] sh-local10 [sh-local10] 在线
[2026-04-24 13:08:59] [INFO] [CenterProbe] sh-agent-01 [sh-agent-01] 在线
[2026-04-24 13:08:59] [INFO] [CenterProbe] sh-local10 [sh-local10] 在线
[2026-04-24 13:10:00] [INFO] [CenterProbe] sh-agent-01 [sh-agent-01] 在线
[2026-04-24 13:10:01] [INFO] [CenterProbe] sh-local10 [sh-local10] 在线
[2026-04-24 13:11:02] [INFO] [CenterProbe] sh-agent-01 [sh-agent-01] 在线
[2026-04-24 13:11:02] [INFO] [CenterProbe] sh-local10 [sh-local10] 在线
[2026-04-24 13:12:03] [INFO] [CenterProbe] sh-agent-01 [sh-agent-01] 在线
[2026-04-24 13:12:03] [INFO] [CenterProbe] sh-local10 [sh-local10] 在线
[2026-04-24 13:13:04] [INFO] [CenterProbe] sh-agent-01 [sh-agent-01] 在线
[2026-04-24 13:13:04] [INFO] [CenterProbe] sh-local10 [sh-local10] 在线
[2026-04-24 13:14:05] [INFO] [CenterProbe] sh-agent-01 [sh-agent-01] 在线
[2026-04-24 13:14:05] [INFO] [CenterProbe] sh-local10 [sh-local10] 在线
[2026-04-24 13:15:06] [INFO] [CenterProbe] sh-agent-01 [sh-agent-01] 在线
[2026-04-24 13:15:06] [INFO] [CenterProbe] sh-local10 [sh-local10] 在线
[2026-04-24 13:16:07] [INFO] [CenterProbe] sh-agent-01 [sh-agent-01] 在线
[2026-04-24 13:16:07] [INFO] [CenterProbe] sh-local10 [sh-local10] 在线
[2026-04-24 13:17:08] [INFO] [CenterProbe] sh-agent-01 [sh-agent-01] 在线
[2026-04-24 13:17:08] [INFO] [CenterProbe] sh-local10 [sh-local10] 在线
[2026-04-24 13:18:09] [INFO] [CenterProbe] sh-agent-01 [sh-agent-01] 在线
[2026-04-24 13:18:09] [INFO] [CenterProbe] sh-local10 [sh-local10] 在线
[2026-04-24 13:19:11] [INFO] [CenterProbe] sh-agent-01 [sh-agent-01] 在线
[2026-04-24 13:19:11] [INFO] [CenterProbe] sh-local10 [sh-local10] 在线
[2026-04-24 13:20:11] [INFO] [CenterProbe] sh-agent-01 [sh-agent-01] 在线
[2026-04-24 13:20:11] [INFO] [CenterProbe] sh-local10 [sh-local10] 在线
[2026-04-24 13:21:11] [INFO] [CenterProbe] sh-agent-01 [sh-agent-01] 在线
[2026-04-24 13:21:11] [INFO] [CenterProbe] sh-local10 [sh-local10] 在线
[2026-04-24 13:22:11] [INFO] [CenterProbe] sh-agent-01 [sh-agent-01] 在线
[2026-04-24 13:22:11] [INFO] [CenterProbe] sh-local10 [sh-local10] 在线
[2026-04-24 13:23:11] [INFO] [CenterProbe] sh-agent-01 [sh-agent-01] 在线
[2026-04-24 13:23:11] [INFO] [CenterProbe] sh-local10 [sh-local10] 在线
[2026-04-24 13:24:11] [INFO] [CenterProbe] sh-agent-01 [sh-agent-01] 在线
[2026-04-24 13:24:11] [INFO] [CenterProbe] sh-local10 [sh-local10] 在线
[2026-04-24 13:25:11] [INFO] [CenterProbe] sh-agent-01 [sh-agent-01] 在线
[2026-04-24 13:25:11] [INFO] [CenterProbe] sh-local10 [sh-local10] 在线
[2026-04-24 13:26:11] [INFO] [CenterProbe] sh-agent-01 [sh-agent-01] 在线
[2026-04-24 13:26:11] [INFO] [CenterProbe] sh-local10 [sh-local10] 在线
[2026-04-24 13:27:11] [INFO] [CenterProbe] sh-agent-01 [sh-agent-01] 在线
[2026-04-24 13:27:11] [INFO] [CenterProbe] sh-local10 [sh-local10] 在线
[2026-04-24 13:28:11] [INFO] [CenterProbe] sh-agent-01 [sh-agent-01] 在线
[2026-04-24 13:28:11] [INFO] [CenterProbe] sh-local10 [sh-local10] 在线
[2026-04-24 13:29:11] [INFO] [CenterProbe] sh-agent-01 [sh-agent-01] 在线
[2026-04-24 13:29:11] [INFO] [CenterProbe] sh-local10 [sh-local10] 在线
[2026-04-24 13:30:11] [INFO] [CenterProbe] sh-agent-01 [sh-agent-01] 在线
[2026-04-24 13:30:11] [INFO] [CenterProbe] sh-local10 [sh-local10] 在线
[2026-04-24 13:31:11] [INFO] [CenterProbe] sh-agent-01 [sh-agent-01] 在线
[2026-04-24 13:31:11] [INFO] [CenterProbe] sh-local10 [sh-local10] 在线
[2026-04-24 13:32:11] [INFO] [CenterProbe] sh-agent-01 [sh-agent-01] 在线
[2026-04-24 13:32:11] [INFO] [CenterProbe] sh-local10 [sh-local10] 在线
[2026-04-24 13:33:11] [INFO] [CenterProbe] sh-agent-01 [sh-agent-01] 在线
[2026-04-24 13:33:11] [INFO] [CenterProbe] sh-local10 [sh-local10] 在线
[2026-04-24 13:34:11] [INFO] [CenterProbe] sh-agent-01 [sh-agent-01] 在线
[2026-04-24 13:34:11] [INFO] [CenterProbe] sh-local10 [sh-local10] 在线
[2026-04-24 13:35:11] [INFO] [CenterProbe] sh-agent-01 [sh-agent-01] 在线
[2026-04-24 13:35:11] [INFO] [CenterProbe] sh-local10 [sh-local10] 在线
[2026-04-24 13:36:11] [INFO] [CenterProbe] sh-agent-01 [sh-agent-01] 在线
[2026-04-24 13:36:11] [INFO] [CenterProbe] sh-local10 [sh-local10] 在线
[2026-04-24 13:37:11] [INFO] [CenterProbe] sh-agent-01 [sh-agent-01] 在线
[2026-04-24 13:37:11] [INFO] [CenterProbe] sh-local10 [sh-local10] 在线
[2026-04-24 13:38:11] [INFO] [CenterProbe] sh-agent-01 [sh-agent-01] 在线
[2026-04-24 13:38:11] [INFO] [CenterProbe] sh-local10 [sh-local10] 在线
[2026-04-24 13:39:11] [INFO] [CenterProbe] sh-agent-01 [sh-agent-01] 在线
[2026-04-24 13:39:11] [INFO] [CenterProbe] sh-local10 [sh-local10] 在线
[2026-04-24 13:40:11] [INFO] [CenterProbe] sh-agent-01 [sh-agent-01] 在线
[2026-04-24 13:40:11] [INFO] [CenterProbe] sh-local10 [sh-local10] 在线
[2026-04-24 13:41:11] [INFO] [CenterProbe] sh-agent-01 [sh-agent-01] 在线
[2026-04-24 13:41:11] [INFO] [CenterProbe] sh-local10 [sh-local10] 在线
[2026-04-24 13:42:11] [INFO] [CenterProbe] sh-agent-01 [sh-agent-01] 在线
[2026-04-24 13:42:11] [INFO] [CenterProbe] sh-local10 [sh-local10] 在线
[2026-04-24 13:43:11] [INFO] [CenterProbe] sh-agent-01 [sh-agent-01] 在线
[2026-04-24 13:43:11] [INFO] [CenterProbe] sh-local10 [sh-local10] 在线
[2026-04-24 13:44:11] [INFO] [CenterProbe] sh-agent-01 [sh-agent-01] 在线
[2026-04-24 13:44:11] [INFO] [CenterProbe] sh-local10 [sh-local10] 在线
[2026-04-24 13:45:11] [INFO] [CenterProbe] sh-agent-01 [sh-agent-01] 在线
[2026-04-24 13:45:11] [INFO] [CenterProbe] sh-local10 [sh-local10] 在线
[2026-04-24 13:46:11] [INFO] [CenterProbe] sh-agent-01 [sh-agent-01] 在线
[2026-04-24 13:46:11] [INFO] [CenterProbe] sh-local10 [sh-local10] 在线
[2026-04-24 13:47:11] [INFO] [CenterProbe] sh-agent-01 [sh-agent-01] 在线
[2026-04-24 13:47:11] [INFO] [CenterProbe] sh-local10 [sh-local10] 在线
[2026-04-24 13:48:11] [INFO] [CenterProbe] sh-agent-01 [sh-agent-01] 在线
[2026-04-24 13:48:11] [INFO] [CenterProbe] sh-local10 [sh-local10] 在线
[2026-04-24 13:49:11] [INFO] [CenterProbe] sh-agent-01 [sh-agent-01] 在线
[2026-04-24 13:49:11] [INFO] [CenterProbe] sh-local10 [sh-local10] 在线
[2026-04-24 13:50:11] [INFO] [CenterProbe] sh-agent-01 [sh-agent-01] 在线
[2026-04-24 13:50:11] [INFO] [CenterProbe] sh-local10 [sh-local10] 在线
[2026-04-24 13:51:11] [INFO] [CenterProbe] sh-agent-01 [sh-agent-01] 在线
[2026-04-24 13:51:11] [INFO] [CenterProbe] sh-local10 [sh-local10] 在线
[2026-04-24 13:52:11] [INFO] [CenterProbe] sh-agent-01 [sh-agent-01] 在线
[2026-04-24 13:52:11] [INFO] [CenterProbe] sh-local10 [sh-local10] 在线
[2026-04-24 13:53:11] [INFO] [CenterProbe] sh-agent-01 [sh-agent-01] 在线
[2026-04-24 13:53:11] [INFO] [CenterProbe] sh-local10 [sh-local10] 在线
[2026-04-24 13:54:11] [INFO] [CenterProbe] sh-agent-01 [sh-agent-01] 在线
[2026-04-24 13:54:11] [INFO] [CenterProbe] sh-local10 [sh-local10] 在线
[2026-04-24 13:55:11] [INFO] [CenterProbe] sh-agent-01 [sh-agent-01] 在线
[2026-04-24 13:55:11] [INFO] [CenterProbe] sh-local10 [sh-local10] 在线
[2026-04-24 13:56:11] [INFO] [CenterProbe] sh-agent-01 [sh-agent-01] 在线
[2026-04-24 13:56:11] [INFO] [CenterProbe] sh-local10 [sh-local10] 在线
[2026-04-24 13:57:11] [INFO] [CenterProbe] sh-agent-01 [sh-agent-01] 在线
[2026-04-24 13:57:11] [INFO] [CenterProbe] sh-local10 [sh-local10] 在线
[2026-04-24 13:58:11] [INFO] [CenterProbe] sh-agent-01 [sh-agent-01] 在线
[2026-04-24 13:58:11] [INFO] [CenterProbe] sh-local10 [sh-local10] 在线
[2026-04-24 13:59:11] [INFO] [CenterProbe] sh-agent-01 [sh-agent-01] 在线
[2026-04-24 13:59:11] [INFO] [CenterProbe] sh-local10 [sh-local10] 在线
[2026-04-24 14:00:11] [INFO] [CenterProbe] sh-agent-01 [sh-agent-01] 在线
[2026-04-24 14:00:11] [INFO] [CenterProbe] sh-local10 [sh-local10] 在线
[2026-04-24 14:01:11] [INFO] [CenterProbe] sh-agent-01 [sh-agent-01] 在线
[2026-04-24 14:01:11] [INFO] [CenterProbe] sh-local10 [sh-local10] 在线
[2026-04-24 14:02:11] [INFO] [CenterProbe] sh-agent-01 [sh-agent-01] 在线
[2026-04-24 14:02:11] [INFO] [CenterProbe] sh-local10 [sh-local10] 在线
[2026-04-24 14:03:11] [INFO] [CenterProbe] sh-agent-01 [sh-agent-01] 在线
[2026-04-24 14:03:11] [INFO] [CenterProbe] sh-local10 [sh-local10] 在线
[2026-04-24 14:04:11] [INFO] [CenterProbe] sh-agent-01 [sh-agent-01] 在线
[2026-04-24 14:04:11] [INFO] [CenterProbe] sh-local10 [sh-local10] 在线
[2026-04-24 14:05:11] [INFO] [CenterProbe] sh-agent-01 [sh-agent-01] 在线
[2026-04-24 14:05:11] [INFO] [CenterProbe] sh-local10 [sh-local10] 在线
[2026-04-24 14:06:11] [INFO] [CenterProbe] sh-agent-01 [sh-agent-01] 在线
[2026-04-24 14:06:11] [INFO] [CenterProbe] sh-local10 [sh-local10] 在线
[2026-04-24 14:07:11] [INFO] [CenterProbe] sh-agent-01 [sh-agent-01] 在线
[2026-04-24 14:07:11] [INFO] [CenterProbe] sh-local10 [sh-local10] 在线
[2026-04-24 14:08:11] [INFO] [CenterProbe] sh-agent-01 [sh-agent-01] 在线
[2026-04-24 14:08:11] [INFO] [CenterProbe] sh-local10 [sh-local10] 在线
[2026-04-24 14:09:11] [INFO] [CenterProbe] sh-agent-01 [sh-agent-01] 在线
[2026-04-24 14:09:11] [INFO] [CenterProbe] sh-local10 [sh-local10] 在线
[2026-04-24 14:10:11] [INFO] [CenterProbe] sh-agent-01 [sh-agent-01] 在线
[2026-04-24 14:10:11] [INFO] [CenterProbe] sh-local10 [sh-local10] 在线
[2026-04-24 14:11:11] [INFO] [CenterProbe] sh-agent-01 [sh-agent-01] 在线
[2026-04-24 14:11:11] [INFO] [CenterProbe] sh-local10 [sh-local10] 在线
[2026-04-24 14:12:11] [INFO] [CenterProbe] sh-agent-01 [sh-agent-01] 在线
[2026-04-24 14:12:11] [INFO] [CenterProbe] sh-local10 [sh-local10] 在线
[2026-04-24 14:13:11] [INFO] [CenterProbe] sh-agent-01 [sh-agent-01] 在线
[2026-04-24 14:13:11] [INFO] [CenterProbe] sh-local10 [sh-local10] 在线
[2026-04-24 14:14:11] [INFO] [CenterProbe] sh-agent-01 [sh-agent-01] 在线
[2026-04-24 14:14:11] [INFO] [CenterProbe] sh-local10 [sh-local10] 在线
[2026-04-24 14:15:11] [INFO] [CenterProbe] sh-agent-01 [sh-agent-01] 在线
[2026-04-24 14:15:11] [INFO] [CenterProbe] sh-local10 [sh-local10] 在线
[2026-04-24 14:16:11] [INFO] [CenterProbe] sh-agent-01 [sh-agent-01] 在线
[2026-04-24 14:16:11] [INFO] [CenterProbe] sh-local10 [sh-local10] 在线
[2026-04-24 14:17:11] [INFO] [CenterProbe] sh-agent-01 [sh-agent-01] 在线
[2026-04-24 14:17:11] [INFO] [CenterProbe] sh-local10 [sh-local10] 在线
[2026-04-24 14:18:11] [INFO] [CenterProbe] sh-agent-01 [sh-agent-01] 在线
[2026-04-24 14:18:11] [INFO] [CenterProbe] sh-local10 [sh-local10] 在线
[2026-04-24 14:19:11] [INFO] [CenterProbe] sh-agent-01 [sh-agent-01] 在线
[2026-04-24 14:19:11] [INFO] [CenterProbe] sh-local10 [sh-local10] 在线
[2026-04-24 14:20:11] [INFO] [CenterProbe] sh-agent-01 [sh-agent-01] 在线
[2026-04-24 14:20:11] [INFO] [CenterProbe] sh-local10 [sh-local10] 在线
[2026-04-24 14:21:11] [INFO] [CenterProbe] sh-agent-01 [sh-agent-01] 在线
[2026-04-24 14:21:11] [INFO] [CenterProbe] sh-local10 [sh-local10] 在线
[2026-04-24 14:22:11] [INFO] [CenterProbe] sh-agent-01 [sh-agent-01] 在线
[2026-04-24 14:22:11] [INFO] [CenterProbe] sh-local10 [sh-local10] 在线
[2026-04-24 14:23:11] [INFO] [CenterProbe] sh-agent-01 [sh-agent-01] 在线
[2026-04-24 14:23:11] [INFO] [CenterProbe] sh-local10 [sh-local10] 在线
[2026-04-24 14:24:11] [INFO] [CenterProbe] sh-agent-01 [sh-agent-01] 在线
[2026-04-24 14:24:11] [INFO] [CenterProbe] sh-local10 [sh-local10] 在线
[2026-04-24 14:25:11] [INFO] [CenterProbe] sh-agent-01 [sh-agent-01] 在线
[2026-04-24 14:25:11] [INFO] [CenterProbe] sh-local10 [sh-local10] 在线
[2026-04-24 14:26:11] [INFO] [CenterProbe] sh-agent-01 [sh-agent-01] 在线
[2026-04-24 14:26:11] [INFO] [CenterProbe] sh-local10 [sh-local10] 在线
[2026-04-24 14:27:11] [INFO] [CenterProbe] sh-agent-01 [sh-agent-01] 在线
[2026-04-24 14:27:11] [INFO] [CenterProbe] sh-local10 [sh-local10] 在线
[2026-04-24 14:28:11] [INFO] [CenterProbe] sh-agent-01 [sh-agent-01] 在线
[2026-04-24 14:28:11] [INFO] [CenterProbe] sh-local10 [sh-local10] 在线
[2026-04-24 14:29:11] [INFO] [CenterProbe] sh-agent-01 [sh-agent-01] 在线
[2026-04-24 14:29:11] [INFO] [CenterProbe] sh-local10 [sh-local10] 在线
[2026-04-24 14:30:11] [INFO] [CenterProbe] sh-agent-01 [sh-agent-01] 在线
[2026-04-24 14:30:11] [INFO] [CenterProbe] sh-local10 [sh-local10] 在线
[2026-04-24 14:31:11] [INFO] [CenterProbe] sh-agent-01 [sh-agent-01] 在线
[2026-04-24 14:31:11] [INFO] [CenterProbe] sh-local10 [sh-local10] 在线
[2026-04-24 14:32:11] [INFO] [CenterProbe] sh-agent-01 [sh-agent-01] 在线
[2026-04-24 14:32:11] [INFO] [CenterProbe] sh-local10 [sh-local10] 在线
[2026-04-24 14:33:11] [INFO] [CenterProbe] sh-agent-01 [sh-agent-01] 在线
[2026-04-24 14:33:11] [INFO] [CenterProbe] sh-local10 [sh-local10] 在线
[2026-04-24 14:34:11] [INFO] [CenterProbe] sh-agent-01 [sh-agent-01] 在线
[2026-04-24 14:34:11] [INFO] [CenterProbe] sh-local10 [sh-local10] 在线
[2026-04-24 14:35:11] [INFO] [CenterProbe] sh-agent-01 [sh-agent-01] 在线
[2026-04-24 14:35:11] [INFO] [CenterProbe] sh-local10 [sh-local10] 在线
[2026-04-24 14:36:11] [INFO] [CenterProbe] sh-local10 [sh-local10] 在线
[2026-04-24 14:36:11] [INFO] [CenterProbe] sh-agent-01 [sh-agent-01] 在线
[2026-04-24 14:37:11] [INFO] [CenterProbe] sh-agent-01 [sh-agent-01] 在线
[2026-04-24 14:37:11] [INFO] [CenterProbe] sh-local10 [sh-local10] 在线
[2026-04-24 14:38:11] [INFO] [CenterProbe] sh-agent-01 [sh-agent-01] 在线
[2026-04-24 14:38:11] [INFO] [CenterProbe] sh-local10 [sh-local10] 在线
[2026-04-24 14:39:11] [INFO] [CenterProbe] sh-agent-01 [sh-agent-01] 在线
[2026-04-24 14:39:11] [INFO] [CenterProbe] sh-local10 [sh-local10] 在线
[2026-04-24 14:40:11] [INFO] [CenterProbe] sh-agent-01 [sh-agent-01] 在线
[2026-04-24 14:40:11] [INFO] [CenterProbe] sh-local10 [sh-local10] 在线
[2026-04-24 14:41:11] [INFO] [CenterProbe] sh-agent-01 [sh-agent-01] 在线
[2026-04-24 14:41:11] [INFO] [CenterProbe] sh-local10 [sh-local10] 在线
[2026-04-24 14:42:11] [INFO] [CenterProbe] sh-agent-01 [sh-agent-01] 在线
[2026-04-24 14:42:11] [INFO] [CenterProbe] sh-local10 [sh-local10] 在线
[2026-04-24 14:43:11] [INFO] [CenterProbe] sh-agent-01 [sh-agent-01] 在线
[2026-04-24 14:43:11] [INFO] [CenterProbe] sh-local10 [sh-local10] 在线
[2026-04-24 14:44:11] [INFO] [CenterProbe] sh-agent-01 [sh-agent-01] 在线
[2026-04-24 14:44:11] [INFO] [CenterProbe] sh-local10 [sh-local10] 在线
[2026-04-24 14:45:11] [INFO] [CenterProbe] sh-agent-01 [sh-agent-01] 在线
[2026-04-24 14:45:11] [INFO] [CenterProbe] sh-local10 [sh-local10] 在线
[2026-04-24 14:46:11] [INFO] [CenterProbe] sh-agent-01 [sh-agent-01] 在线
[2026-04-24 14:46:11] [INFO] [CenterProbe] sh-local10 [sh-local10] 在线
[2026-04-24 14:47:11] [INFO] [CenterProbe] sh-agent-01 [sh-agent-01] 在线
[2026-04-24 14:47:11] [INFO] [CenterProbe] sh-local10 [sh-local10] 在线
[2026-04-24 14:48:11] [INFO] [CenterProbe] sh-agent-01 [sh-agent-01] 在线
[2026-04-24 14:48:11] [INFO] [CenterProbe] sh-local10 [sh-local10] 在线
[2026-04-24 14:49:11] [INFO] [CenterProbe] sh-agent-01 [sh-agent-01] 在线
[2026-04-24 14:49:11] [INFO] [CenterProbe] sh-local10 [sh-local10] 在线
[2026-04-24 14:50:11] [INFO] [CenterProbe] sh-agent-01 [sh-agent-01] 在线
[2026-04-24 14:50:11] [INFO] [CenterProbe] sh-local10 [sh-local10] 在线
[2026-04-24 14:51:11] [INFO] [CenterProbe] sh-agent-01 [sh-agent-01] 在线
[2026-04-24 14:51:11] [INFO] [CenterProbe] sh-local10 [sh-local10] 在线
[2026-04-24 14:52:11] [INFO] [CenterProbe] sh-agent-01 [sh-agent-01] 在线
[2026-04-24 14:52:11] [INFO] [CenterProbe] sh-local10 [sh-local10] 在线
[2026-04-24 14:53:11] [INFO] [CenterProbe] sh-agent-01 [sh-agent-01] 在线
[2026-04-24 14:53:11] [INFO] [CenterProbe] sh-local10 [sh-local10] 在线
[2026-04-24 14:54:11] [INFO] [CenterProbe] sh-agent-01 [sh-agent-01] 在线
[2026-04-24 14:54:11] [INFO] [CenterProbe] sh-local10 [sh-local10] 在线
[2026-04-24 14:55:11] [INFO] [CenterProbe] sh-agent-01 [sh-agent-01] 在线
[2026-04-24 14:55:11] [INFO] [CenterProbe] sh-local10 [sh-local10] 在线
[2026-04-24 14:56:11] [INFO] [CenterProbe] sh-agent-01 [sh-agent-01] 在线
[2026-04-24 14:56:11] [INFO] [CenterProbe] sh-local10 [sh-local10] 在线
[2026-04-24 14:57:11] [INFO] [CenterProbe] sh-agent-01 [sh-agent-01] 在线
[2026-04-24 14:57:11] [INFO] [CenterProbe] sh-local10 [sh-local10] 在线
[2026-04-24 14:58:11] [INFO] [CenterProbe] sh-agent-01 [sh-agent-01] 在线
[2026-04-24 14:58:11] [INFO] [CenterProbe] sh-local10 [sh-local10] 在线
[2026-04-24 14:59:11] [INFO] [CenterProbe] sh-agent-01 [sh-agent-01] 在线
[2026-04-24 14:59:11] [INFO] [CenterProbe] sh-local10 [sh-local10] 在线
[2026-04-24 15:00:11] [INFO] [CenterProbe] sh-agent-01 [sh-agent-01] 在线
[2026-04-24 15:00:11] [INFO] [CenterProbe] sh-local10 [sh-local10] 在线
[2026-04-24 15:01:11] [INFO] [CenterProbe] sh-agent-01 [sh-agent-01] 在线
[2026-04-24 15:01:11] [INFO] [CenterProbe] sh-local10 [sh-local10] 在线
[2026-04-24 15:02:11] [INFO] [CenterProbe] sh-agent-01 [sh-agent-01] 在线
[2026-04-24 15:02:11] [INFO] [CenterProbe] sh-local10 [sh-local10] 在线
[2026-04-24 15:03:11] [INFO] [CenterProbe] sh-agent-01 [sh-agent-01] 在线
[2026-04-24 15:03:11] [INFO] [CenterProbe] sh-local10 [sh-local10] 在线
[2026-04-24 15:04:11] [INFO] [CenterProbe] sh-agent-01 [sh-agent-01] 在线
[2026-04-24 15:04:11] [INFO] [CenterProbe] sh-local10 [sh-local10] 在线
[2026-04-24 15:05:11] [INFO] [CenterProbe] sh-agent-01 [sh-agent-01] 在线
[2026-04-24 15:05:11] [INFO] [CenterProbe] sh-local10 [sh-local10] 在线
[2026-04-24 15:06:11] [INFO] [CenterProbe] sh-agent-01 [sh-agent-01] 在线
[2026-04-24 15:06:11] [INFO] [CenterProbe] sh-local10 [sh-local10] 在线
[2026-04-24 15:07:11] [INFO] [CenterProbe] sh-agent-01 [sh-agent-01] 在线
[2026-04-24 15:07:11] [INFO] [CenterProbe] sh-local10 [sh-local10] 在线
[2026-04-24 15:08:11] [INFO] [CenterProbe] sh-agent-01 [sh-agent-01] 在线
[2026-04-24 15:08:11] [INFO] [CenterProbe] sh-local10 [sh-local10] 在线
[2026-04-24 15:09:11] [INFO] [CenterProbe] sh-agent-01 [sh-agent-01] 在线
[2026-04-24 15:09:11] [INFO] [CenterProbe] sh-local10 [sh-local10] 在线
[2026-04-24 15:10:11] [INFO] [CenterProbe] sh-agent-01 [sh-agent-01] 在线
[2026-04-24 15:10:11] [INFO] [CenterProbe] sh-local10 [sh-local10] 在线
[2026-04-24 15:11:11] [INFO] [CenterProbe] sh-agent-01 [sh-agent-01] 在线
[2026-04-24 15:11:11] [INFO] [CenterProbe] sh-local10 [sh-local10] 在线
[2026-04-24 15:12:11] [INFO] [CenterProbe] sh-agent-01 [sh-agent-01] 在线
[2026-04-24 15:12:11] [INFO] [CenterProbe] sh-local10 [sh-local10] 在线
[2026-04-24 15:13:11] [INFO] [CenterProbe] sh-agent-01 [sh-agent-01] 在线
[2026-04-24 15:13:11] [INFO] [CenterProbe] sh-local10 [sh-local10] 在线
[2026-04-24 15:14:11] [INFO] [CenterProbe] sh-agent-01 [sh-agent-01] 在线
[2026-04-24 15:14:11] [INFO] [CenterProbe] sh-local10 [sh-local10] 在线
[2026-04-24 15:15:11] [INFO] [CenterProbe] sh-agent-01 [sh-agent-01] 在线
[2026-04-24 15:15:11] [INFO] [CenterProbe] sh-local10 [sh-local10] 在线
[2026-04-24 15:16:11] [INFO] [CenterProbe] sh-agent-01 [sh-agent-01] 在线
[2026-04-24 15:16:11] [INFO] [CenterProbe] sh-local10 [sh-local10] 在线
[2026-04-24 15:17:11] [INFO] [CenterProbe] sh-agent-01 [sh-agent-01] 在线
[2026-04-24 15:17:11] [INFO] [CenterProbe] sh-local10 [sh-local10] 在线
[2026-04-24 15:18:11] [INFO] [CenterProbe] sh-agent-01 [sh-agent-01] 在线
[2026-04-24 15:18:11] [INFO] [CenterProbe] sh-local10 [sh-local10] 在线
[2026-04-24 15:19:11] [INFO] [CenterProbe] sh-agent-01 [sh-agent-01] 在线
[2026-04-24 15:19:11] [INFO] [CenterProbe] sh-local10 [sh-local10] 在线
[2026-04-24 15:20:11] [INFO] [CenterProbe] sh-agent-01 [sh-agent-01] 在线
[2026-04-24 15:20:11] [INFO] [CenterProbe] sh-local10 [sh-local10] 在线
[2026-04-24 15:21:11] [INFO] [CenterProbe] sh-agent-01 [sh-agent-01] 在线
[2026-04-24 15:21:11] [INFO] [CenterProbe] sh-local10 [sh-local10] 在线
[2026-04-24 15:22:11] [INFO] [CenterProbe] sh-agent-01 [sh-agent-01] 在线
[2026-04-24 15:22:11] [INFO] [CenterProbe] sh-local10 [sh-local10] 在线
[2026-04-24 15:23:11] [INFO] [CenterProbe] sh-agent-01 [sh-agent-01] 在线
[2026-04-24 15:23:11] [INFO] [CenterProbe] sh-local10 [sh-local10] 在线
[2026-04-24 15:24:11] [INFO] [CenterProbe] sh-agent-01 [sh-agent-01] 在线
[2026-04-24 15:24:11] [INFO] [CenterProbe] sh-local10 [sh-local10] 在线
[2026-04-24 15:25:11] [INFO] [CenterProbe] sh-agent-01 [sh-agent-01] 在线
[2026-04-24 15:25:11] [INFO] [CenterProbe] sh-local10 [sh-local10] 在线
[2026-04-24 15:26:11] [INFO] [CenterProbe] sh-agent-01 [sh-agent-01] 在线
[2026-04-24 15:26:11] [INFO] [CenterProbe] sh-local10 [sh-local10] 在线
[2026-04-24 15:27:11] [INFO] [CenterProbe] sh-agent-01 [sh-agent-01] 在线
[2026-04-24 15:27:11] [INFO] [CenterProbe] sh-local10 [sh-local10] 在线
[2026-04-24 15:28:11] [INFO] [CenterProbe] sh-agent-01 [sh-agent-01] 在线
[2026-04-24 15:28:11] [INFO] [CenterProbe] sh-local10 [sh-local10] 在线
[2026-04-24 15:29:11] [INFO] [CenterProbe] sh-agent-01 [sh-agent-01] 在线
[2026-04-24 15:29:11] [INFO] [CenterProbe] sh-local10 [sh-local10] 在线
[2026-04-24 15:30:11] [INFO] [CenterProbe] sh-agent-01 [sh-agent-01] 在线
[2026-04-24 15:30:11] [INFO] [CenterProbe] sh-local10 [sh-local10] 在线
[2026-04-24 15:31:11] [INFO] [CenterProbe] sh-agent-01 [sh-agent-01] 在线
[2026-04-24 15:31:11] [INFO] [CenterProbe] sh-local10 [sh-local10] 在线
[2026-04-24 15:32:11] [INFO] [CenterProbe] sh-agent-01 [sh-agent-01] 在线
[2026-04-24 15:32:11] [INFO] [CenterProbe] sh-local10 [sh-local10] 在线
[2026-04-24 15:33:11] [INFO] [CenterProbe] sh-agent-01 [sh-agent-01] 在线
[2026-04-24 15:33:11] [INFO] [CenterProbe] sh-local10 [sh-local10] 在线
[2026-04-24 15:34:11] [INFO] [CenterProbe] sh-agent-01 [sh-agent-01] 在线
[2026-04-24 15:34:11] [INFO] [CenterProbe] sh-local10 [sh-local10] 在线
[2026-04-24 15:35:11] [INFO] [CenterProbe] sh-agent-01 [sh-agent-01] 在线
[2026-04-24 15:35:11] [INFO] [CenterProbe] sh-local10 [sh-local10] 在线
[2026-04-24 15:36:11] [INFO] [CenterProbe] sh-agent-01 [sh-agent-01] 在线
[2026-04-24 15:36:11] [INFO] [CenterProbe] sh-local10 [sh-local10] 在线
[2026-04-24 15:37:11] [INFO] [CenterProbe] sh-agent-01 [sh-agent-01] 在线
[2026-04-24 15:37:11] [INFO] [CenterProbe] sh-local10 [sh-local10] 在线
[2026-04-24 15:38:11] [INFO] [CenterProbe] sh-agent-01 [sh-agent-01] 在线
[2026-04-24 15:38:11] [INFO] [CenterProbe] sh-local10 [sh-local10] 在线
[2026-04-24 15:39:11] [INFO] [CenterProbe] sh-agent-01 [sh-agent-01] 在线
[2026-04-24 15:39:11] [INFO] [CenterProbe] sh-local10 [sh-local10] 在线
[2026-04-24 15:40:11] [INFO] [CenterProbe] sh-agent-01 [sh-agent-01] 在线
[2026-04-24 15:40:11] [INFO] [CenterProbe] sh-local10 [sh-local10] 在线
[2026-04-24 15:41:11] [INFO] [CenterProbe] sh-agent-01 [sh-agent-01] 在线
[2026-04-24 15:41:11] [INFO] [CenterProbe] sh-local10 [sh-local10] 在线
[2026-04-24 15:42:11] [INFO] [CenterProbe] sh-agent-01 [sh-agent-01] 在线
[2026-04-24 15:42:11] [INFO] [CenterProbe] sh-local10 [sh-local10] 在线
[2026-04-24 15:43:11] [INFO] [CenterProbe] sh-agent-01 [sh-agent-01] 在线
[2026-04-24 15:43:11] [INFO] [CenterProbe] sh-local10 [sh-local10] 在线
[2026-04-24 15:44:11] [INFO] [CenterProbe] sh-agent-01 [sh-agent-01] 在线
[2026-04-24 15:44:11] [INFO] [CenterProbe] sh-local10 [sh-local10] 在线
[2026-04-24 15:45:11] [INFO] [CenterProbe] sh-agent-01 [sh-agent-01] 在线
[2026-04-24 15:45:11] [INFO] [CenterProbe] sh-local10 [sh-local10] 在线
[2026-04-24 15:46:11] [INFO] [CenterProbe] sh-agent-01 [sh-agent-01] 在线
[2026-04-24 15:46:11] [INFO] [CenterProbe] sh-local10 [sh-local10] 在线
[2026-04-24 15:47:11] [INFO] [CenterProbe] sh-agent-01 [sh-agent-01] 在线
[2026-04-24 15:47:11] [INFO] [CenterProbe] sh-local10 [sh-local10] 在线
[2026-04-24 15:48:11] [INFO] [CenterProbe] sh-agent-01 [sh-agent-01] 在线
[2026-04-24 15:48:11] [INFO] [CenterProbe] sh-local10 [sh-local10] 在线
[2026-04-24 15:49:11] [INFO] [CenterProbe] sh-agent-01 [sh-agent-01] 在线
[2026-04-24 15:49:11] [INFO] [CenterProbe] sh-local10 [sh-local10] 在线
[2026-04-24 15:50:11] [INFO] [CenterProbe] sh-agent-01 [sh-agent-01] 在线
[2026-04-24 15:50:11] [INFO] [CenterProbe] sh-local10 [sh-local10] 在线
[2026-04-24 15:51:11] [INFO] [CenterProbe] sh-agent-01 [sh-agent-01] 在线
[2026-04-24 15:51:11] [INFO] [CenterProbe] sh-local10 [sh-local10] 在线
[2026-04-24 15:52:11] [INFO] [CenterProbe] sh-agent-01 [sh-agent-01] 在线
[2026-04-24 15:52:11] [INFO] [CenterProbe] sh-local10 [sh-local10] 在线
[2026-04-24 15:53:11] [INFO] [CenterProbe] sh-agent-01 [sh-agent-01] 在线
[2026-04-24 15:53:11] [INFO] [CenterProbe] sh-local10 [sh-local10] 在线
[2026-04-24 15:54:11] [INFO] [CenterProbe] sh-agent-01 [sh-agent-01] 在线
[2026-04-24 15:54:11] [INFO] [CenterProbe] sh-local10 [sh-local10] 在线
[2026-04-24 15:55:11] [INFO] [CenterProbe] sh-agent-01 [sh-agent-01] 在线
[2026-04-24 15:55:11] [INFO] [CenterProbe] sh-local10 [sh-local10] 在线
[2026-04-24 15:56:11] [INFO] [CenterProbe] sh-agent-01 [sh-agent-01] 在线
[2026-04-24 15:56:11] [INFO] [CenterProbe] sh-local10 [sh-local10] 在线
[2026-04-24 15:57:11] [INFO] [CenterProbe] sh-agent-01 [sh-agent-01] 在线
[2026-04-24 15:57:11] [INFO] [CenterProbe] sh-local10 [sh-local10] 在线
[2026-04-24 15:58:11] [INFO] [CenterProbe] sh-agent-01 [sh-agent-01] 在线
[2026-04-24 15:58:11] [INFO] [CenterProbe] sh-local10 [sh-local10] 在线
[2026-04-24 15:59:11] [INFO] [CenterProbe] sh-agent-01 [sh-agent-01] 在线
[2026-04-24 15:59:11] [INFO] [CenterProbe] sh-local10 [sh-local10] 在线
[2026-04-24 16:00:11] [INFO] [CenterProbe] sh-agent-01 [sh-agent-01] 在线
[2026-04-24 16:00:11] [INFO] [CenterProbe] sh-local10 [sh-local10] 在线
[2026-04-24 16:01:11] [INFO] [CenterProbe] sh-agent-01 [sh-agent-01] 在线
[2026-04-24 16:01:11] [INFO] [CenterProbe] sh-local10 [sh-local10] 在线
[2026-04-24 16:02:11] [INFO] [CenterProbe] sh-agent-01 [sh-agent-01] 在线
[2026-04-24 16:02:11] [INFO] [CenterProbe] sh-local10 [sh-local10] 在线
[2026-04-24 16:03:11] [INFO] [CenterProbe] sh-agent-01 [sh-agent-01] 在线
[2026-04-24 16:03:11] [INFO] [CenterProbe] sh-local10 [sh-local10] 在线
[2026-04-24 16:04:11] [INFO] [CenterProbe] sh-agent-01 [sh-agent-01] 在线
[2026-04-24 16:04:11] [INFO] [CenterProbe] sh-local10 [sh-local10] 在线
[2026-04-24 16:05:11] [INFO] [CenterProbe] sh-agent-01 [sh-agent-01] 在线
[2026-04-24 16:05:11] [INFO] [CenterProbe] sh-local10 [sh-local10] 在线
[2026-04-24 16:06:11] [INFO] [CenterProbe] sh-agent-01 [sh-agent-01] 在线
[2026-04-24 16:06:11] [INFO] [CenterProbe] sh-local10 [sh-local10] 在线
[2026-04-24 16:07:11] [INFO] [CenterProbe] sh-agent-01 [sh-agent-01] 在线
[2026-04-24 16:07:11] [INFO] [CenterProbe] sh-local10 [sh-local10] 在线
[2026-04-24 16:08:11] [INFO] [CenterProbe] sh-agent-01 [sh-agent-01] 在线
[2026-04-24 16:08:11] [INFO] [CenterProbe] sh-local10 [sh-local10] 在线
[2026-04-24 16:09:11] [INFO] [CenterProbe] sh-agent-01 [sh-agent-01] 在线
[2026-04-24 16:09:11] [INFO] [CenterProbe] sh-local10 [sh-local10] 在线
[2026-04-24 16:10:11] [INFO] [CenterProbe] sh-agent-01 [sh-agent-01] 在线
[2026-04-24 16:10:11] [INFO] [CenterProbe] sh-local10 [sh-local10] 在线
[2026-04-24 16:11:11] [INFO] [CenterProbe] sh-agent-01 [sh-agent-01] 在线
[2026-04-24 16:11:11] [INFO] [CenterProbe] sh-local10 [sh-local10] 在线
[2026-04-24 16:12:11] [INFO] [CenterProbe] sh-agent-01 [sh-agent-01] 在线
[2026-04-24 16:12:11] [INFO] [CenterProbe] sh-local10 [sh-local10] 在线
[2026-04-24 16:13:11] [INFO] [CenterProbe] sh-agent-01 [sh-agent-01] 在线
[2026-04-24 16:13:11] [INFO] [CenterProbe] sh-local10 [sh-local10] 在线
[2026-04-24 16:14:11] [INFO] [CenterProbe] sh-agent-01 [sh-agent-01] 在线
[2026-04-24 16:14:11] [INFO] [CenterProbe] sh-local10 [sh-local10] 在线
[2026-04-24 16:15:11] [INFO] [CenterProbe] sh-agent-01 [sh-agent-01] 在线
[2026-04-24 16:15:11] [INFO] [CenterProbe] sh-local10 [sh-local10] 在线
[2026-04-24 16:16:11] [INFO] [CenterProbe] sh-agent-01 [sh-agent-01] 在线
[2026-04-24 16:16:11] [INFO] [CenterProbe] sh-local10 [sh-local10] 在线
[2026-04-24 16:17:11] [INFO] [CenterProbe] sh-agent-01 [sh-agent-01] 在线
[2026-04-24 16:17:11] [INFO] [CenterProbe] sh-local10 [sh-local10] 在线
[2026-04-24 16:18:11] [INFO] [CenterProbe] sh-agent-01 [sh-agent-01] 在线
[2026-04-24 16:18:11] [INFO] [CenterProbe] sh-local10 [sh-local10] 在线
[2026-04-24 16:19:11] [INFO] [CenterProbe] sh-agent-01 [sh-agent-01] 在线
[2026-04-24 16:19:11] [INFO] [CenterProbe] sh-local10 [sh-local10] 在线
[2026-04-24 16:20:11] [INFO] [CenterProbe] sh-agent-01 [sh-agent-01] 在线
[2026-04-24 16:20:11] [INFO] [CenterProbe] sh-local10 [sh-local10] 在线
[2026-04-24 16:21:11] [INFO] [CenterProbe] sh-agent-01 [sh-agent-01] 在线
[2026-04-24 16:21:11] [INFO] [CenterProbe] sh-local10 [sh-local10] 在线
[2026-04-24 16:22:11] [INFO] [CenterProbe] sh-agent-01 [sh-agent-01] 在线
[2026-04-24 16:22:11] [INFO] [CenterProbe] sh-local10 [sh-local10] 在线
[2026-04-24 16:23:11] [INFO] [CenterProbe] sh-local10 [sh-local10] 在线
[2026-04-24 16:23:11] [INFO] [CenterProbe] sh-agent-01 [sh-agent-01] 在线
[2026-04-24 16:24:11] [INFO] [CenterProbe] sh-agent-01 [sh-agent-01] 在线
[2026-04-24 16:24:11] [INFO] [CenterProbe] sh-local10 [sh-local10] 在线
[2026-04-24 16:25:11] [INFO] [CenterProbe] sh-agent-01 [sh-agent-01] 在线
[2026-04-24 16:25:11] [INFO] [CenterProbe] sh-local10 [sh-local10] 在线
[2026-04-24 16:26:11] [INFO] [CenterProbe] sh-agent-01 [sh-agent-01] 在线
[2026-04-24 16:26:11] [INFO] [CenterProbe] sh-local10 [sh-local10] 在线
[2026-04-24 16:27:11] [INFO] [CenterProbe] sh-agent-01 [sh-agent-01] 在线
[2026-04-24 16:27:11] [INFO] [CenterProbe] sh-local10 [sh-local10] 在线
[2026-04-24 16:28:11] [INFO] [CenterProbe] sh-agent-01 [sh-agent-01] 在线
[2026-04-24 16:28:11] [INFO] [CenterProbe] sh-local10 [sh-local10] 在线
[2026-04-24 16:29:11] [INFO] [CenterProbe] sh-agent-01 [sh-agent-01] 在线
[2026-04-24 16:29:11] [INFO] [CenterProbe] sh-local10 [sh-local10] 在线
[2026-04-24 16:30:11] [INFO] [CenterProbe] sh-agent-01 [sh-agent-01] 在线
[2026-04-24 16:30:11] [INFO] [CenterProbe] sh-local10 [sh-local10] 在线
[2026-04-24 16:31:11] [INFO] [CenterProbe] sh-agent-01 [sh-agent-01] 在线
[2026-04-24 16:31:11] [INFO] [CenterProbe] sh-local10 [sh-local10] 在线
[2026-04-24 16:32:11] [INFO] [CenterProbe] sh-agent-01 [sh-agent-01] 在线
[2026-04-24 16:32:11] [INFO] [CenterProbe] sh-local10 [sh-local10] 在线
[2026-04-24 16:33:11] [INFO] [CenterProbe] sh-agent-01 [sh-agent-01] 在线
[2026-04-24 16:33:11] [INFO] [CenterProbe] sh-local10 [sh-local10] 在线
[2026-04-24 16:34:11] [INFO] [CenterProbe] sh-agent-01 [sh-agent-01] 在线
[2026-04-24 16:34:11] [INFO] [CenterProbe] sh-local10 [sh-local10] 在线
[2026-04-24 16:35:11] [INFO] [CenterProbe] sh-agent-01 [sh-agent-01] 在线
[2026-04-24 16:35:11] [INFO] [CenterProbe] sh-local10 [sh-local10] 在线
[2026-04-24 16:36:11] [INFO] [CenterProbe] sh-agent-01 [sh-agent-01] 在线
[2026-04-24 16:36:11] [INFO] [CenterProbe] sh-local10 [sh-local10] 在线
[2026-04-24 16:37:12] [INFO] [CenterProbe] sh-agent-01 [sh-agent-01] 在线
[2026-04-24 16:37:12] [INFO] [CenterProbe] sh-local10 [sh-local10] 在线
[2026-04-24 16:38:12] [INFO] [CenterProbe] sh-agent-01 [sh-agent-01] 在线
[2026-04-24 16:38:12] [INFO] [CenterProbe] sh-local10 [sh-local10] 在线
[2026-04-24 16:39:12] [INFO] [CenterProbe] sh-agent-01 [sh-agent-01] 在线
[2026-04-24 16:39:12] [INFO] [CenterProbe] sh-local10 [sh-local10] 在线
[2026-04-24 16:40:12] [INFO] [CenterProbe] sh-agent-01 [sh-agent-01] 在线
[2026-04-24 16:40:12] [INFO] [CenterProbe] sh-local10 [sh-local10] 在线
[2026-04-24 16:41:12] [INFO] [CenterProbe] sh-agent-01 [sh-agent-01] 在线
[2026-04-24 16:41:12] [INFO] [CenterProbe] sh-local10 [sh-local10] 在线
[2026-04-24 16:42:12] [INFO] [CenterProbe] sh-agent-01 [sh-agent-01] 在线
[2026-04-24 16:42:12] [INFO] [CenterProbe] sh-local10 [sh-local10] 在线
[2026-04-24 16:43:12] [INFO] [CenterProbe] sh-agent-01 [sh-agent-01] 在线
[2026-04-24 16:43:13] [INFO] [CenterProbe] sh-local10 [sh-local10] 在线
[2026-04-24 16:44:13] [INFO] [CenterProbe] sh-agent-01 [sh-agent-01] 在线
[2026-04-24 16:44:13] [INFO] [CenterProbe] sh-local10 [sh-local10] 在线
[2026-04-24 16:45:14] [INFO] [CenterProbe] sh-agent-01 [sh-agent-01] 在线
[2026-04-24 16:45:14] [INFO] [CenterProbe] sh-local10 [sh-local10] 在线
[2026-04-24 16:46:15] [INFO] [CenterProbe] sh-agent-01 [sh-agent-01] 在线
[2026-04-24 16:46:15] [INFO] [CenterProbe] sh-local10 [sh-local10] 在线
[2026-04-24 16:47:15] [INFO] [CenterProbe] sh-agent-01 [sh-agent-01] 在线
[2026-04-24 16:47:15] [INFO] [CenterProbe] sh-local10 [sh-local10] 在线
[2026-04-24 16:48:16] [INFO] [CenterProbe] sh-agent-01 [sh-agent-01] 在线
[2026-04-24 16:48:16] [INFO] [CenterProbe] sh-local10 [sh-local10] 在线
[2026-04-24 16:49:17] [INFO] [CenterProbe] sh-agent-01 [sh-agent-01] 在线
[2026-04-24 16:49:17] [INFO] [CenterProbe] sh-local10 [sh-local10] 在线
[2026-04-24 16:50:17] [INFO] [CenterProbe] sh-agent-01 [sh-agent-01] 在线
[2026-04-24 16:50:17] [INFO] [CenterProbe] sh-local10 [sh-local10] 在线
[2026-04-24 16:51:18] [INFO] [CenterProbe] sh-agent-01 [sh-agent-01] 在线
[2026-04-24 16:51:18] [INFO] [CenterProbe] sh-local10 [sh-local10] 在线
[2026-04-24 16:52:19] [INFO] [CenterProbe] sh-agent-01 [sh-agent-01] 在线
[2026-04-24 16:52:19] [INFO] [CenterProbe] sh-local10 [sh-local10] 在线
[2026-04-24 16:53:20] [INFO] [CenterProbe] sh-agent-01 [sh-agent-01] 在线
[2026-04-24 16:53:20] [INFO] [CenterProbe] sh-local10 [sh-local10] 在线
[2026-04-24 16:54:21] [INFO] [CenterProbe] sh-agent-01 [sh-agent-01] 在线
[2026-04-24 16:54:21] [INFO] [CenterProbe] sh-local10 [sh-local10] 在线
[2026-04-24 16:55:22] [INFO] [CenterProbe] sh-agent-01 [sh-agent-01] 在线
[2026-04-24 16:55:22] [INFO] [CenterProbe] sh-local10 [sh-local10] 在线
[2026-04-24 16:56:23] [INFO] [CenterProbe] sh-agent-01 [sh-agent-01] 在线
[2026-04-24 16:56:23] [INFO] [CenterProbe] sh-local10 [sh-local10] 在线
[2026-04-24 16:57:24] [INFO] [CenterProbe] sh-agent-01 [sh-agent-01] 在线
[2026-04-24 16:57:24] [INFO] [CenterProbe] sh-local10 [sh-local10] 在线
[2026-04-24 16:58:25] [INFO] [CenterProbe] sh-agent-01 [sh-agent-01] 在线
[2026-04-24 16:58:25] [INFO] [CenterProbe] sh-local10 [sh-local10] 在线
[2026-04-24 16:59:26] [INFO] [CenterProbe] sh-agent-01 [sh-agent-01] 在线
[2026-04-24 16:59:26] [INFO] [CenterProbe] sh-local10 [sh-local10] 在线
[2026-04-24 17:00:27] [INFO] [CenterProbe] sh-agent-01 [sh-agent-01] 在线
[2026-04-24 17:00:27] [INFO] [CenterProbe] sh-local10 [sh-local10] 在线
[2026-04-24 17:01:28] [INFO] [CenterProbe] sh-agent-01 [sh-agent-01] 在线
[2026-04-24 17:01:28] [INFO] [CenterProbe] sh-local10 [sh-local10] 在线
[2026-04-24 17:02:29] [INFO] [CenterProbe] sh-agent-01 [sh-agent-01] 在线
[2026-04-24 17:02:29] [INFO] [CenterProbe] sh-local10 [sh-local10] 在线
[2026-04-24 17:03:30] [INFO] [CenterProbe] sh-agent-01 [sh-agent-01] 在线
[2026-04-24 17:03:30] [INFO] [CenterProbe] sh-local10 [sh-local10] 在线
[2026-04-24 17:04:30] [INFO] [CenterProbe] sh-agent-01 [sh-agent-01] 在线
[2026-04-24 17:04:30] [INFO] [CenterProbe] sh-local10 [sh-local10] 在线
[2026-04-24 17:05:31] [INFO] [CenterProbe] sh-agent-01 [sh-agent-01] 在线
[2026-04-24 17:05:31] [INFO] [CenterProbe] sh-local10 [sh-local10] 在线
[2026-04-24 17:06:31] [INFO] [CenterProbe] sh-agent-01 [sh-agent-01] 在线
[2026-04-24 17:06:31] [INFO] [CenterProbe] sh-local10 [sh-local10] 在线
[2026-04-24 17:07:31] [INFO] [CenterProbe] sh-agent-01 [sh-agent-01] 在线
[2026-04-24 17:07:31] [INFO] [CenterProbe] sh-local10 [sh-local10] 在线
[2026-04-24 17:08:31] [INFO] [CenterProbe] sh-agent-01 [sh-agent-01] 在线
[2026-04-24 17:08:31] [INFO] [CenterProbe] sh-local10 [sh-local10] 在线
[2026-04-24 17:09:32] [INFO] [CenterProbe] sh-agent-01 [sh-agent-01] 在线
[2026-04-24 17:09:32] [INFO] [CenterProbe] sh-local10 [sh-local10] 在线
[2026-04-24 17:10:31] [INFO] [CenterProbe] sh-agent-01 [sh-agent-01] 在线
[2026-04-24 17:10:32] [INFO] [CenterProbe] sh-local10 [sh-local10] 在线
[2026-04-24 17:11:32] [INFO] [CenterProbe] sh-agent-01 [sh-agent-01] 在线
[2026-04-24 17:11:32] [INFO] [CenterProbe] sh-local10 [sh-local10] 在线
[2026-04-24 17:12:33] [INFO] [CenterProbe] sh-agent-01 [sh-agent-01] 在线
[2026-04-24 17:12:33] [INFO] [CenterProbe] sh-local10 [sh-local10] 在线
[2026-04-24 17:13:34] [INFO] [CenterProbe] sh-agent-01 [sh-agent-01] 在线
[2026-04-24 17:13:34] [INFO] [CenterProbe] sh-local10 [sh-local10] 在线
[2026-04-24 17:14:35] [INFO] [CenterProbe] sh-agent-01 [sh-agent-01] 在线
[2026-04-24 17:14:35] [INFO] [CenterProbe] sh-local10 [sh-local10] 在线
[2026-04-24 17:15:36] [INFO] [CenterProbe] sh-agent-01 [sh-agent-01] 在线
[2026-04-24 17:15:36] [INFO] [CenterProbe] sh-local10 [sh-local10] 在线
[2026-04-24 17:16:36] [INFO] [CenterProbe] sh-agent-01 [sh-agent-01] 在线
[2026-04-24 17:16:36] [INFO] [CenterProbe] sh-local10 [sh-local10] 在线
[2026-04-24 17:17:37] [INFO] [CenterProbe] sh-agent-01 [sh-agent-01] 在线
[2026-04-24 17:17:37] [INFO] [CenterProbe] sh-local10 [sh-local10] 在线
[2026-04-24 17:18:38] [INFO] [CenterProbe] sh-agent-01 [sh-agent-01] 在线
[2026-04-24 17:18:38] [INFO] [CenterProbe] sh-local10 [sh-local10] 在线
[2026-04-24 17:19:39] [INFO] [CenterProbe] sh-agent-01 [sh-agent-01] 在线
[2026-04-24 17:19:39] [INFO] [CenterProbe] sh-local10 [sh-local10] 在线
[2026-04-24 17:23:04] [INFO] Starting Data Registry server...
[2026-04-24 17:23:04] [INFO] Database(sqlite) initialized successfully
[2026-04-24 17:23:04] [INFO] Default role updated: 管理员
[2026-04-24 17:23:04] [INFO] Default role updated: 数据操作员
[2026-04-24 17:23:04] [INFO] Default role updated: 项目管理员
[2026-04-24 17:23:04] [INFO] Default role updated: 审计账号
[2026-04-24 17:23:04] [INFO] Default role updated: 普通查看者
[2026-04-24 17:23:04] [INFO] Security settings already exist, skipping initialization
[2026-04-24 17:23:04] [INFO] Data initialization completed
[2026-04-24 17:23:04] [INFO] [ApiKeyCache] 缓存已刷新，共 2 个活跃站点
[2026-04-24 17:23:04] [INFO] [StationKeys] 已加载 1 个站点的明文 Key
[2026-04-24 17:23:04] [INFO] [CenterProbe] 启动主动探测循环，间隔: 1m0s
[2026-04-24 17:23:04] [INFO] Server listening on :18421
[2026-04-24 17:23:04] [INFO] [CenterProbe] sh-local10 [sh-local10] 在线
[2026-04-24 17:23:15] [WARN] [CenterProbe] sh-agent-01 [sh-agent-01] 不可达: Get "http://localhost:18422/health": context deadline exceeded (Client.Timeout exceeded while awaiting headers)
[2026-04-24 17:24:16] [INFO] [CenterProbe] sh-local10 [sh-local10] 在线
[2026-04-24 17:24:26] [WARN] [CenterProbe] sh-agent-01 [sh-agent-01] 不可达: Get "http://localhost:18422/health": context deadline exceeded (Client.Timeout exceeded while awaiting headers)
[2026-04-24 17:25:17] [INFO] [CenterProbe] sh-local10 [sh-local10] 在线
[2026-04-24 17:25:27] [WARN] [CenterProbe] sh-agent-01 [sh-agent-01] 不可达: Get "http://localhost:18422/health": context deadline exceeded (Client.Timeout exceeded while awaiting headers)
[2026-04-24 17:26:18] [INFO] [CenterProbe] sh-local10 [sh-local10] 在线
[2026-04-24 17:26:28] [WARN] [CenterProbe] sh-agent-01 [sh-agent-01] 不可达: Get "http://localhost:18422/health": context deadline exceeded (Client.Timeout exceeded while awaiting headers)
[2026-04-24 17:27:19] [INFO] [CenterProbe] sh-local10 [sh-local10] 在线
[2026-04-24 17:27:29] [WARN] [CenterProbe] sh-agent-01 [sh-agent-01] 不可达: Get "http://localhost:18422/health": context deadline exceeded (Client.Timeout exceeded while awaiting headers)
[2026-04-24 17:28:20] [INFO] [CenterProbe] sh-local10 [sh-local10] 在线
[2026-04-24 17:28:31] [WARN] [CenterProbe] sh-agent-01 [sh-agent-01] 不可达: Get "http://localhost:18422/health": context deadline exceeded (Client.Timeout exceeded while awaiting headers)
[2026-04-24 17:29:21] [INFO] [CenterProbe] sh-local10 [sh-local10] 在线
[2026-04-24 17:29:31] [WARN] [CenterProbe] sh-agent-01 [sh-agent-01] 不可达: Get "http://localhost:18422/health": context deadline exceeded (Client.Timeout exceeded while awaiting headers)
[2026-04-24 17:30:22] [INFO] [CenterProbe] sh-local10 [sh-local10] 在线
[2026-04-24 17:30:32] [WARN] [CenterProbe] sh-agent-01 [sh-agent-01] 不可达: Get "http://localhost:18422/health": context deadline exceeded (Client.Timeout exceeded while awaiting headers)
[2026-04-24 17:31:24] [INFO] [CenterProbe] sh-local10 [sh-local10] 在线
[2026-04-24 17:31:33] [WARN] [CenterProbe] sh-agent-01 [sh-agent-01] 不可达: Get "http://localhost:18422/health": context deadline exceeded (Client.Timeout exceeded while awaiting headers)
[2026-04-24 17:32:25] [INFO] [CenterProbe] sh-local10 [sh-local10] 在线
[2026-04-24 17:32:35] [WARN] [CenterProbe] sh-agent-01 [sh-agent-01] 不可达: Get "http://localhost:18422/health": context deadline exceeded (Client.Timeout exceeded while awaiting headers)
[2026-04-24 17:33:26] [INFO] [CenterProbe] sh-local10 [sh-local10] 在线
[2026-04-24 17:33:36] [WARN] [CenterProbe] sh-agent-01 [sh-agent-01] 不可达: Get "http://localhost:18422/health": context deadline exceeded (Client.Timeout exceeded while awaiting headers)
[2026-04-24 17:34:27] [INFO] [CenterProbe] sh-local10 [sh-local10] 在线
[2026-04-24 17:34:37] [WARN] [CenterProbe] sh-agent-01 [sh-agent-01] 不可达: Get "http://localhost:18422/health": context deadline exceeded (Client.Timeout exceeded while awaiting headers)
[2026-04-24 17:35:28] [INFO] [CenterProbe] sh-local10 [sh-local10] 在线
[2026-04-24 17:35:39] [INFO] Starting Data Registry server...
[2026-04-24 17:35:39] [INFO] Database(sqlite) initialized successfully
[2026-04-24 17:35:39] [INFO] Default role updated: 管理员
[2026-04-24 17:35:39] [INFO] Default role updated: 数据操作员
[2026-04-24 17:35:39] [INFO] Default role updated: 项目管理员
[2026-04-24 17:35:39] [INFO] Default role updated: 审计账号
[2026-04-24 17:35:39] [INFO] Default role updated: 普通查看者
[2026-04-24 17:35:39] [INFO] Security settings already exist, skipping initialization
[2026-04-24 17:35:39] [INFO] Data initialization completed
[2026-04-24 17:35:40] [INFO] [ApiKeyCache] 缓存已刷新，共 2 个活跃站点
[2026-04-24 17:35:40] [INFO] [StationKeys] 已加载 1 个站点的明文 Key
[2026-04-24 17:35:40] [INFO] [CenterProbe] 启动主动探测循环，间隔: 1m0s
[2026-04-24 17:35:40] [INFO] Server listening on :18421
[2026-04-24 17:35:40] [INFO] [CenterProbe] sh-local10 [sh-local10] 在线
[2026-04-24 17:35:50] [WARN] [CenterProbe] sh-agent-01 [sh-agent-01] 不可达: Get "http://localhost:18422/health": context deadline exceeded (Client.Timeout exceeded while awaiting headers)
[2026-04-24 17:36:51] [INFO] [CenterProbe] sh-local10 [sh-local10] 在线
[2026-04-24 17:37:01] [WARN] [CenterProbe] sh-agent-01 [sh-agent-01] 不可达: Get "http://localhost:18422/health": context deadline exceeded (Client.Timeout exceeded while awaiting headers)
[2026-04-24 17:37:05] [INFO] Starting Data Registry server...
[2026-04-24 17:37:05] [INFO] Database(sqlite) initialized successfully
[2026-04-24 17:37:06] [INFO] Default role updated: 管理员
[2026-04-24 17:37:06] [INFO] Default role updated: 数据操作员
[2026-04-24 17:37:06] [INFO] Default role updated: 项目管理员
[2026-04-24 17:37:06] [INFO] Default role updated: 审计账号
[2026-04-24 17:37:06] [INFO] Default role updated: 普通查看者
[2026-04-24 17:37:06] [INFO] Security settings already exist, skipping initialization
[2026-04-24 17:37:06] [INFO] Data initialization completed
[2026-04-24 17:37:06] [INFO] [ApiKeyCache] 缓存已刷新，共 2 个活跃站点
[2026-04-24 17:37:06] [INFO] [StationKeys] 已加载 1 个站点的明文 Key
[2026-04-24 17:37:06] [INFO] [CenterProbe] 启动主动探测循环，间隔: 1m0s
[2026-04-24 17:39:32] [INFO] Starting Data Registry server...
[2026-04-24 17:39:32] [INFO] Database(sqlite) initialized successfully
[2026-04-24 17:39:32] [INFO] Default role updated: 管理员
[2026-04-24 17:39:33] [INFO] Default role updated: 数据操作员
[2026-04-24 17:39:33] [INFO] Default role updated: 项目管理员
[2026-04-24 17:39:33] [INFO] Default role updated: 审计账号
[2026-04-24 17:39:33] [INFO] Default role updated: 普通查看者
[2026-04-24 17:39:33] [INFO] Security settings already exist, skipping initialization
[2026-04-24 17:39:33] [INFO] Data initialization completed
[2026-04-24 17:39:33] [INFO] [ApiKeyCache] 缓存已刷新，共 2 个活跃站点
[2026-04-24 17:39:33] [INFO] [StationKeys] 已加载 1 个站点的明文 Key
[2026-04-24 17:39:33] [INFO] [CenterProbe] 启动主动探测循环，间隔: 1m0s
[2026-04-24 17:39:33] [INFO] Server listening on :18421
[2026-04-24 17:39:33] [INFO] [CenterProbe] sh-local10 [sh-local10] 在线
[2026-04-24 17:39:43] [WARN] [CenterProbe] sh-agent-01 [sh-agent-01] 不可达: Get "http://localhost:18422/health": context deadline exceeded (Client.Timeout exceeded while awaiting headers)
[2026-04-24 17:40:44] [INFO] [CenterProbe] sh-local10 [sh-local10] 在线
[2026-04-24 17:40:54] [WARN] [CenterProbe] sh-agent-01 [sh-agent-01] 不可达: Get "http://localhost:18422/health": context deadline exceeded (Client.Timeout exceeded while awaiting headers)
[2026-04-24 17:41:45] [INFO] [CenterProbe] sh-local10 [sh-local10] 在线
[2026-04-24 17:41:55] [WARN] [CenterProbe] sh-agent-01 [sh-agent-01] 不可达: Get "http://localhost:18422/health": context deadline exceeded (Client.Timeout exceeded while awaiting headers)
[2026-04-24 17:42:46] [INFO] [CenterProbe] sh-local10 [sh-local10] 在线
[2026-04-24 17:42:56] [WARN] [CenterProbe] sh-agent-01 [sh-agent-01] 不可达: Get "http://localhost:18422/health": context deadline exceeded (Client.Timeout exceeded while awaiting headers)
[2026-04-24 17:43:47] [INFO] [CenterProbe] sh-local10 [sh-local10] 在线
[2026-04-24 17:43:57] [WARN] [CenterProbe] sh-agent-01 [sh-agent-01] 不可达: Get "http://localhost:18422/health": context deadline exceeded (Client.Timeout exceeded while awaiting headers)
[2026-04-24 17:44:48] [INFO] [CenterProbe] sh-local10 [sh-local10] 在线
[2026-04-24 17:44:58] [WARN] [CenterProbe] sh-agent-01 [sh-agent-01] 不可达: Get "http://localhost:18422/health": context deadline exceeded (Client.Timeout exceeded while awaiting headers)
[2026-04-24 17:45:48] [INFO] [CenterProbe] sh-local10 [sh-local10] 在线
[2026-04-24 17:45:58] [WARN] [CenterProbe] sh-agent-01 [sh-agent-01] 不可达: Get "http://localhost:18422/health": context deadline exceeded (Client.Timeout exceeded while awaiting headers)
[2026-04-24 17:46:49] [INFO] [CenterProbe] sh-local10 [sh-local10] 在线
[2026-04-24 17:46:59] [WARN] [CenterProbe] sh-agent-01 [sh-agent-01] 不可达: Get "http://localhost:18422/health": context deadline exceeded (Client.Timeout exceeded while awaiting headers)
[2026-04-24 17:47:50] [INFO] [CenterProbe] sh-local10 [sh-local10] 在线
[2026-04-24 17:48:00] [WARN] [CenterProbe] sh-agent-01 [sh-agent-01] 不可达: Get "http://localhost:18422/health": context deadline exceeded (Client.Timeout exceeded while awaiting headers)
[2026-04-24 17:48:51] [INFO] [CenterProbe] sh-local10 [sh-local10] 在线
[2026-04-24 17:49:01] [WARN] [CenterProbe] sh-agent-01 [sh-agent-01] 不可达: Get "http://localhost:18422/health": context deadline exceeded (Client.Timeout exceeded while awaiting headers)
[2026-04-24 17:49:52] [INFO] [CenterProbe] sh-local10 [sh-local10] 在线
[2026-04-24 17:50:02] [WARN] [CenterProbe] sh-agent-01 [sh-agent-01] 不可达: Get "http://localhost:18422/health": context deadline exceeded (Client.Timeout exceeded while awaiting headers)
[2026-04-24 17:50:53] [INFO] [CenterProbe] sh-local10 [sh-local10] 在线
[2026-04-24 17:51:03] [WARN] [CenterProbe] sh-agent-01 [sh-agent-01] 不可达: Get "http://localhost:18422/health": context deadline exceeded (Client.Timeout exceeded while awaiting headers)
[2026-04-24 17:51:54] [INFO] [CenterProbe] sh-local10 [sh-local10] 在线
[2026-04-24 17:52:04] [WARN] [CenterProbe] sh-agent-01 [sh-agent-01] 不可达: Get "http://localhost:18422/health": context deadline exceeded (Client.Timeout exceeded while awaiting headers)
[2026-04-24 17:52:55] [INFO] [CenterProbe] sh-local10 [sh-local10] 在线
[2026-04-24 17:53:05] [WARN] [CenterProbe] sh-agent-01 [sh-agent-01] 不可达: Get "http://localhost:18422/health": context deadline exceeded (Client.Timeout exceeded while awaiting headers)
[2026-04-24 17:53:56] [INFO] [CenterProbe] sh-local10 [sh-local10] 在线
[2026-04-24 17:54:06] [WARN] [CenterProbe] sh-agent-01 [sh-agent-01] 不可达: Get "http://localhost:18422/health": context deadline exceeded (Client.Timeout exceeded while awaiting headers)
[2026-04-24 17:54:57] [INFO] [CenterProbe] sh-local10 [sh-local10] 在线
[2026-04-24 17:55:08] [WARN] [CenterProbe] sh-agent-01 [sh-agent-01] 不可达: Get "http://localhost:18422/health": context deadline exceeded (Client.Timeout exceeded while awaiting headers)
[2026-04-24 17:55:58] [INFO] [CenterProbe] sh-local10 [sh-local10] 在线
[2026-04-24 17:56:08] [WARN] [CenterProbe] sh-agent-01 [sh-agent-01] 不可达: Get "http://localhost:18422/health": context deadline exceeded (Client.Timeout exceeded while awaiting headers)
[2026-04-24 17:57:00] [INFO] [CenterProbe] sh-local10 [sh-local10] 在线
[2026-04-24 17:57:09] [WARN] [CenterProbe] sh-agent-01 [sh-agent-01] 不可达: Get "http://localhost:18422/health": context deadline exceeded (Client.Timeout exceeded while awaiting headers)
[2026-04-24 17:58:01] [INFO] [CenterProbe] sh-local10 [sh-local10] 在线
[2026-04-24 17:58:11] [WARN] [CenterProbe] sh-agent-01 [sh-agent-01] 不可达: Get "http://localhost:18422/health": context deadline exceeded (Client.Timeout exceeded while awaiting headers)
[2026-04-24 17:59:02] [INFO] [CenterProbe] sh-local10 [sh-local10] 在线
[2026-04-24 17:59:12] [WARN] [CenterProbe] sh-agent-01 [sh-agent-01] 不可达: Get "http://localhost:18422/health": context deadline exceeded (Client.Timeout exceeded while awaiting headers)
[2026-04-24 18:00:03] [INFO] [CenterProbe] sh-local10 [sh-local10] 在线
[2026-04-24 18:00:13] [WARN] [CenterProbe] sh-agent-01 [sh-agent-01] 不可达: Get "http://localhost:18422/health": context deadline exceeded (Client.Timeout exceeded while awaiting headers)
[2026-04-24 18:01:04] [INFO] [CenterProbe] sh-local10 [sh-local10] 在线
[2026-04-24 18:01:14] [WARN] [CenterProbe] sh-agent-01 [sh-agent-01] 不可达: Get "http://localhost:18422/health": context deadline exceeded (Client.Timeout exceeded while awaiting headers)
[2026-04-24 18:02:05] [INFO] [CenterProbe] sh-local10 [sh-local10] 在线
[2026-04-24 18:02:15] [WARN] [CenterProbe] sh-agent-01 [sh-agent-01] 不可达: Get "http://localhost:18422/health": context deadline exceeded (Client.Timeout exceeded while awaiting headers)
[2026-04-24 18:03:07] [INFO] [CenterProbe] sh-local10 [sh-local10] 在线
[2026-04-24 18:03:16] [WARN] [CenterProbe] sh-agent-01 [sh-agent-01] 不可达: Get "http://localhost:18422/health": context deadline exceeded (Client.Timeout exceeded while awaiting headers)
[2026-04-24 18:04:07] [INFO] [CenterProbe] sh-local10 [sh-local10] 在线
[2026-04-24 18:04:18] [WARN] [CenterProbe] sh-agent-01 [sh-agent-01] 不可达: Get "http://localhost:18422/health": context deadline exceeded (Client.Timeout exceeded while awaiting headers)
[2026-04-24 18:05:09] [INFO] [CenterProbe] sh-local10 [sh-local10] 在线
[2026-04-24 18:05:19] [WARN] [CenterProbe] sh-agent-01 [sh-agent-01] 不可达: Get "http://localhost:18422/health": context deadline exceeded (Client.Timeout exceeded while awaiting headers)
[2026-04-24 18:06:10] [INFO] [CenterProbe] sh-local10 [sh-local10] 在线
[2026-04-24 18:06:20] [WARN] [CenterProbe] sh-agent-01 [sh-agent-01] 不可达: Get "http://localhost:18422/health": context deadline exceeded (Client.Timeout exceeded while awaiting headers)
[2026-04-24 18:07:11] [INFO] [CenterProbe] sh-local10 [sh-local10] 在线
[2026-04-24 18:07:21] [WARN] [CenterProbe] sh-agent-01 [sh-agent-01] 不可达: Get "http://localhost:18422/health": context deadline exceeded (Client.Timeout exceeded while awaiting headers)
[2026-04-24 18:08:12] [INFO] [CenterProbe] sh-local10 [sh-local10] 在线
[2026-04-24 18:08:23] [WARN] [CenterProbe] sh-agent-01 [sh-agent-01] 不可达: Get "http://localhost:18422/health": context deadline exceeded (Client.Timeout exceeded while awaiting headers)
[2026-04-24 18:09:14] [INFO] [CenterProbe] sh-local10 [sh-local10] 在线
[2026-04-24 18:09:24] [WARN] [CenterProbe] sh-agent-01 [sh-agent-01] 不可达: Get "http://localhost:18422/health": context deadline exceeded (Client.Timeout exceeded while awaiting headers)
[2026-04-24 18:10:15] [INFO] [CenterProbe] sh-local10 [sh-local10] 在线
[2026-04-24 18:10:25] [WARN] [CenterProbe] sh-agent-01 [sh-agent-01] 不可达: Get "http://localhost:18422/health": context deadline exceeded (Client.Timeout exceeded while awaiting headers)
[2026-04-24 18:11:16] [INFO] [CenterProbe] sh-local10 [sh-local10] 在线
[2026-04-24 18:11:26] [WARN] [CenterProbe] sh-agent-01 [sh-agent-01] 不可达: Get "http://localhost:18422/health": context deadline exceeded (Client.Timeout exceeded while awaiting headers)
[2026-04-24 18:12:18] [INFO] [CenterProbe] sh-local10 [sh-local10] 在线
[2026-04-24 18:12:27] [WARN] [CenterProbe] sh-agent-01 [sh-agent-01] 不可达: Get "http://localhost:18422/health": context deadline exceeded (Client.Timeout exceeded while awaiting headers)
[2026-04-24 18:13:19] [INFO] [CenterProbe] sh-local10 [sh-local10] 在线
[2026-04-24 18:13:29] [WARN] [CenterProbe] sh-agent-01 [sh-agent-01] 不可达: Get "http://localhost:18422/health": context deadline exceeded (Client.Timeout exceeded while awaiting headers)
[2026-04-24 18:14:20] [INFO] [CenterProbe] sh-local10 [sh-local10] 在线
[2026-04-24 18:14:30] [WARN] [CenterProbe] sh-agent-01 [sh-agent-01] 不可达: Get "http://localhost:18422/health": context deadline exceeded (Client.Timeout exceeded while awaiting headers)
[2026-04-24 18:15:21] [INFO] [CenterProbe] sh-local10 [sh-local10] 在线
[2026-04-24 18:15:31] [WARN] [CenterProbe] sh-agent-01 [sh-agent-01] 不可达: Get "http://localhost:18422/health": context deadline exceeded (Client.Timeout exceeded while awaiting headers)
[2026-04-24 18:16:23] [INFO] [CenterProbe] sh-local10 [sh-local10] 在线
[2026-04-24 18:16:33] [WARN] [CenterProbe] sh-agent-01 [sh-agent-01] 不可达: Get "http://localhost:18422/health": context deadline exceeded (Client.Timeout exceeded while awaiting headers)
[2026-04-24 18:17:24] [INFO] [CenterProbe] sh-local10 [sh-local10] 在线
[2026-04-24 18:17:34] [WARN] [CenterProbe] sh-agent-01 [sh-agent-01] 不可达: Get "http://localhost:18422/health": context deadline exceeded (Client.Timeout exceeded while awaiting headers)
[2026-04-24 18:18:25] [INFO] [CenterProbe] sh-local10 [sh-local10] 在线
[2026-04-24 18:18:36] [WARN] [CenterProbe] sh-agent-01 [sh-agent-01] 不可达: Get "http://localhost:18422/health": context deadline exceeded (Client.Timeout exceeded while awaiting headers)
[2026-04-24 18:19:27] [INFO] [CenterProbe] sh-local10 [sh-local10] 在线
[2026-04-24 18:19:37] [WARN] [CenterProbe] sh-agent-01 [sh-agent-01] 不可达: Get "http://localhost:18422/health": context deadline exceeded (Client.Timeout exceeded while awaiting headers)
[2026-04-24 18:20:28] [INFO] [CenterProbe] sh-local10 [sh-local10] 在线
[2026-04-24 18:20:38] [WARN] [CenterProbe] sh-agent-01 [sh-agent-01] 不可达: Get "http://localhost:18422/health": context deadline exceeded (Client.Timeout exceeded while awaiting headers)
[2026-04-24 18:20:53] [INFO] Starting Data Registry server...
[2026-04-24 18:20:53] [INFO] Database(sqlite) initialized successfully
[2026-04-24 18:20:53] [INFO] Default role updated: 管理员
[2026-04-24 18:20:53] [INFO] Default role updated: 数据操作员
[2026-04-24 18:20:53] [INFO] Default role updated: 项目管理员
[2026-04-24 18:20:53] [INFO] Default role updated: 审计账号
[2026-04-24 18:20:53] [INFO] Default role updated: 普通查看者
[2026-04-24 18:20:53] [INFO] Security settings already exist, skipping initialization
[2026-04-24 18:20:53] [INFO] Data initialization completed
[2026-04-24 18:20:53] [INFO] [ApiKeyCache] 缓存已刷新，共 2 个活跃站点
[2026-04-24 18:20:53] [INFO] [StationKeys] 已加载 1 个站点的明文 Key
[2026-04-24 18:20:53] [INFO] [CenterProbe] 启动主动探测循环，间隔: 1m0s
[2026-04-24 18:20:53] [INFO] Server listening on :18421
[2026-04-24 18:21:30] [INFO] [CenterProbe] sh-local10 [sh-local10] 在线
[2026-04-24 18:21:40] [WARN] [CenterProbe] sh-agent-01 [sh-agent-01] 不可达: Get "http://localhost:18422/health": context deadline exceeded (Client.Timeout exceeded while awaiting headers)
[2026-04-24 18:22:30] [INFO] [CenterProbe] sh-local10 [sh-local10] 在线
[2026-04-24 18:22:41] [WARN] [CenterProbe] sh-agent-01 [sh-agent-01] 不可达: Get "http://localhost:18422/health": context deadline exceeded (Client.Timeout exceeded while awaiting headers)
[2026-04-24 18:23:31] [INFO] [CenterProbe] sh-local10 [sh-local10] 在线
[2026-04-24 18:23:41] [WARN] [CenterProbe] sh-agent-01 [sh-agent-01] 不可达: Get "http://localhost:18422/health": context deadline exceeded (Client.Timeout exceeded while awaiting headers)
[2026-04-24 18:24:33] [INFO] Starting Data Registry server...
[2026-04-24 18:24:33] [INFO] Database(sqlite) initialized successfully
[2026-04-24 18:24:33] [INFO] Default role updated: 管理员
[2026-04-24 18:24:34] [INFO] Default role updated: 数据操作员
[2026-04-24 18:24:34] [INFO] Default role updated: 项目管理员
[2026-04-24 18:24:34] [INFO] Default role updated: 审计账号
[2026-04-24 18:24:34] [INFO] Default role updated: 普通查看者
[2026-04-24 18:24:34] [INFO] Security settings already exist, skipping initialization
[2026-04-24 18:24:34] [INFO] Data initialization completed
[2026-04-24 18:24:34] [INFO] [ApiKeyCache] 缓存已刷新，共 2 个活跃站点
[2026-04-24 18:24:34] [INFO] [StationKeys] 已加载 1 个站点的明文 Key
[2026-04-24 18:24:34] [INFO] [CenterProbe] 启动主动探测循环，间隔: 1m0s
[2026-04-24 18:24:34] [INFO] Server listening on :18421
[2026-04-24 18:24:34] [INFO] [CenterProbe] sh-local10 [sh-local10] 在线
[2026-04-24 18:24:44] [WARN] [CenterProbe] sh-agent-01 [sh-agent-01] 不可达: Get "http://localhost:18422/health": context deadline exceeded (Client.Timeout exceeded while awaiting headers)
[2026-04-24 18:25:45] [INFO] [CenterProbe] sh-local10 [sh-local10] 在线
[2026-04-24 18:25:55] [WARN] [CenterProbe] sh-agent-01 [sh-agent-01] 不可达: Get "http://localhost:18422/health": context deadline exceeded (Client.Timeout exceeded while awaiting headers)
[2026-04-24 18:26:46] [INFO] [CenterProbe] sh-local10 [sh-local10] 在线
[2026-04-24 18:26:56] [WARN] [CenterProbe] sh-agent-01 [sh-agent-01] 不可达: Get "http://localhost:18422/health": context deadline exceeded (Client.Timeout exceeded while awaiting headers)
[2026-04-24 18:27:47] [INFO] [CenterProbe] sh-local10 [sh-local10] 在线
[2026-04-24 18:27:57] [WARN] [CenterProbe] sh-agent-01 [sh-agent-01] 不可达: Get "http://localhost:18422/health": context deadline exceeded (Client.Timeout exceeded while awaiting headers)
[2026-04-24 18:28:48] [INFO] [CenterProbe] sh-local10 [sh-local10] 在线
[2026-04-24 18:28:58] [WARN] [CenterProbe] sh-agent-01 [sh-agent-01] 不可达: Get "http://localhost:18422/health": context deadline exceeded (Client.Timeout exceeded while awaiting headers)
[2026-04-24 18:29:49] [INFO] [CenterProbe] sh-local10 [sh-local10] 在线
[2026-04-24 18:30:00] [WARN] [CenterProbe] sh-agent-01 [sh-agent-01] 不可达: Get "http://localhost:18422/health": context deadline exceeded (Client.Timeout exceeded while awaiting headers)
[2026-04-24 18:30:50] [INFO] [CenterProbe] sh-local10 [sh-local10] 在线
[2026-04-24 18:31:00] [WARN] [CenterProbe] sh-agent-01 [sh-agent-01] 不可达: Get "http://localhost:18422/health": context deadline exceeded (Client.Timeout exceeded while awaiting headers)
[2026-04-24 18:31:52] [INFO] [CenterProbe] sh-local10 [sh-local10] 在线
[2026-04-24 18:32:02] [WARN] [CenterProbe] sh-agent-01 [sh-agent-01] 不可达: Get "http://localhost:18422/health": context deadline exceeded (Client.Timeout exceeded while awaiting headers)
[2026-04-24 18:32:53] [INFO] [CenterProbe] sh-local10 [sh-local10] 在线
[2026-04-24 18:33:03] [WARN] [CenterProbe] sh-agent-01 [sh-agent-01] 不可达: Get "http://localhost:18422/health": context deadline exceeded (Client.Timeout exceeded while awaiting headers)
[2026-04-24 18:33:54] [INFO] [CenterProbe] sh-local10 [sh-local10] 在线
[2026-04-24 18:34:04] [WARN] [CenterProbe] sh-agent-01 [sh-agent-01] 不可达: Get "http://localhost:18422/health": context deadline exceeded (Client.Timeout exceeded while awaiting headers)
[2026-04-24 18:34:56] [INFO] [CenterProbe] sh-local10 [sh-local10] 在线
[2026-04-24 18:35:06] [WARN] [CenterProbe] sh-agent-01 [sh-agent-01] 不可达: Get "http://localhost:18422/health": context deadline exceeded (Client.Timeout exceeded while awaiting headers)
[2026-04-24 18:35:56] [INFO] [CenterProbe] sh-local10 [sh-local10] 在线
[2026-04-24 18:36:07] [WARN] [CenterProbe] sh-agent-01 [sh-agent-01] 不可达: Get "http://localhost:18422/health": context deadline exceeded (Client.Timeout exceeded while awaiting headers)
[2026-04-24 18:36:58] [INFO] [CenterProbe] sh-local10 [sh-local10] 在线
[2026-04-24 18:37:08] [WARN] [CenterProbe] sh-agent-01 [sh-agent-01] 不可达: Get "http://localhost:18422/health": context deadline exceeded (Client.Timeout exceeded while awaiting headers)
[2026-04-24 18:37:59] [INFO] [CenterProbe] sh-local10 [sh-local10] 在线
[2026-04-24 18:38:09] [WARN] [CenterProbe] sh-agent-01 [sh-agent-01] 不可达: Get "http://localhost:18422/health": context deadline exceeded (Client.Timeout exceeded while awaiting headers)
[2026-04-24 18:39:00] [INFO] [CenterProbe] sh-local10 [sh-local10] 在线
[2026-04-24 18:39:10] [WARN] [CenterProbe] sh-agent-01 [sh-agent-01] 不可达: Get "http://localhost:18422/health": context deadline exceeded (Client.Timeout exceeded while awaiting headers)
[2026-04-24 18:40:02] [INFO] [CenterProbe] sh-local10 [sh-local10] 在线
[2026-04-24 18:40:12] [WARN] [CenterProbe] sh-agent-01 [sh-agent-01] 不可达: Get "http://localhost:18422/health": context deadline exceeded (Client.Timeout exceeded while awaiting headers)
[2026-04-24 18:41:03] [INFO] [CenterProbe] sh-local10 [sh-local10] 在线
[2026-04-24 18:41:13] [WARN] [CenterProbe] sh-agent-01 [sh-agent-01] 不可达: Get "http://localhost:18422/health": context deadline exceeded (Client.Timeout exceeded while awaiting headers)
[2026-04-24 18:42:05] [INFO] [CenterProbe] sh-local10 [sh-local10] 在线
[2026-04-24 18:42:15] [WARN] [CenterProbe] sh-agent-01 [sh-agent-01] 不可达: Get "http://localhost:18422/health": context deadline exceeded (Client.Timeout exceeded while awaiting headers)
[2026-04-24 18:43:05] [INFO] [CenterProbe] sh-local10 [sh-local10] 在线
[2026-04-24 18:43:16] [WARN] [CenterProbe] sh-agent-01 [sh-agent-01] 不可达: Get "http://localhost:18422/health": context deadline exceeded (Client.Timeout exceeded while awaiting headers)
[2026-04-24 18:44:07] [INFO] [CenterProbe] sh-local10 [sh-local10] 在线
[2026-04-24 18:44:18] [WARN] [CenterProbe] sh-agent-01 [sh-agent-01] 不可达: Get "http://localhost:18422/health": context deadline exceeded (Client.Timeout exceeded while awaiting headers)
[2026-04-24 18:45:09] [INFO] [CenterProbe] sh-local10 [sh-local10] 在线
[2026-04-24 18:45:19] [WARN] [CenterProbe] sh-agent-01 [sh-agent-01] 不可达: Get "http://localhost:18422/health": context deadline exceeded (Client.Timeout exceeded while awaiting headers)
[2026-04-24 18:46:10] [INFO] [CenterProbe] sh-local10 [sh-local10] 在线
[2026-04-24 18:46:20] [WARN] [CenterProbe] sh-agent-01 [sh-agent-01] 不可达: Get "http://localhost:18422/health": context deadline exceeded (Client.Timeout exceeded while awaiting headers)
[2026-04-24 18:47:12] [INFO] [CenterProbe] sh-local10 [sh-local10] 在线
[2026-04-24 18:47:22] [WARN] [CenterProbe] sh-agent-01 [sh-agent-01] 不可达: Get "http://localhost:18422/health": context deadline exceeded (Client.Timeout exceeded while awaiting headers)
[2026-04-24 18:48:13] [INFO] [CenterProbe] sh-local10 [sh-local10] 在线
[2026-04-24 18:48:23] [WARN] [CenterProbe] sh-agent-01 [sh-agent-01] 不可达: Get "http://localhost:18422/health": context deadline exceeded (Client.Timeout exceeded while awaiting headers)
[2026-04-24 18:49:14] [INFO] [CenterProbe] sh-local10 [sh-local10] 在线
[2026-04-24 18:49:25] [WARN] [CenterProbe] sh-agent-01 [sh-agent-01] 不可达: Get "http://localhost:18422/health": context deadline exceeded (Client.Timeout exceeded while awaiting headers)
[2026-04-24 18:50:16] [INFO] [CenterProbe] sh-local10 [sh-local10] 在线
[2026-04-24 18:50:26] [WARN] [CenterProbe] sh-agent-01 [sh-agent-01] 不可达: Get "http://localhost:18422/health": context deadline exceeded (Client.Timeout exceeded while awaiting headers)
[2026-04-24 18:51:17] [INFO] [CenterProbe] sh-local10 [sh-local10] 在线
[2026-04-24 18:51:27] [WARN] [CenterProbe] sh-agent-01 [sh-agent-01] 不可达: Get "http://localhost:18422/health": context deadline exceeded (Client.Timeout exceeded while awaiting headers)
[2026-04-24 18:52:19] [INFO] [CenterProbe] sh-local10 [sh-local10] 在线
[2026-04-24 18:52:28] [WARN] [CenterProbe] sh-agent-01 [sh-agent-01] 不可达: Get "http://localhost:18422/health": context deadline exceeded (Client.Timeout exceeded while awaiting headers)
[2026-04-24 18:53:20] [INFO] [CenterProbe] sh-local10 [sh-local10] 在线
[2026-04-24 18:53:30] [WARN] [CenterProbe] sh-agent-01 [sh-agent-01] 不可达: Get "http://localhost:18422/health": context deadline exceeded (Client.Timeout exceeded while awaiting headers)
[2026-04-24 18:54:22] [INFO] [CenterProbe] sh-local10 [sh-local10] 在线
[2026-04-24 18:54:32] [WARN] [CenterProbe] sh-agent-01 [sh-agent-01] 不可达: Get "http://localhost:18422/health": context deadline exceeded (Client.Timeout exceeded while awaiting headers)
[2026-04-24 18:55:23] [INFO] [CenterProbe] sh-local10 [sh-local10] 在线
[2026-04-24 18:55:33] [WARN] [CenterProbe] sh-agent-01 [sh-agent-01] 不可达: Get "http://localhost:18422/health": context deadline exceeded (Client.Timeout exceeded while awaiting headers)
[2026-04-24 18:56:24] [INFO] [CenterProbe] sh-local10 [sh-local10] 在线
[2026-04-24 18:56:35] [WARN] [CenterProbe] sh-agent-01 [sh-agent-01] 不可达: Get "http://localhost:18422/health": context deadline exceeded (Client.Timeout exceeded while awaiting headers)
[2026-04-24 18:57:26] [INFO] [CenterProbe] sh-local10 [sh-local10] 在线
[2026-04-24 18:57:36] [WARN] [CenterProbe] sh-agent-01 [sh-agent-01] 不可达: Get "http://localhost:18422/health": context deadline exceeded (Client.Timeout exceeded while awaiting headers)
[2026-04-24 18:58:27] [INFO] [CenterProbe] sh-local10 [sh-local10] 在线
[2026-04-24 18:58:37] [WARN] [CenterProbe] sh-agent-01 [sh-agent-01] 不可达: Get "http://localhost:18422/health": context deadline exceeded (Client.Timeout exceeded while awaiting headers)
[2026-04-24 18:59:29] [INFO] [CenterProbe] sh-local10 [sh-local10] 在线
[2026-04-24 18:59:39] [WARN] [CenterProbe] sh-agent-01 [sh-agent-01] 不可达: Get "http://localhost:18422/health": context deadline exceeded (Client.Timeout exceeded while awaiting headers)
[2026-04-24 19:00:31] [INFO] [CenterProbe] sh-local10 [sh-local10] 在线
[2026-04-24 19:00:40] [WARN] [CenterProbe] sh-agent-01 [sh-agent-01] 不可达: Get "http://localhost:18422/health": context deadline exceeded (Client.Timeout exceeded while awaiting headers)
[2026-04-24 19:01:32] [INFO] [CenterProbe] sh-local10 [sh-local10] 在线
[2026-04-24 19:01:42] [WARN] [CenterProbe] sh-agent-01 [sh-agent-01] 不可达: Get "http://localhost:18422/health": context deadline exceeded (Client.Timeout exceeded while awaiting headers)
[2026-04-24 19:02:34] [INFO] [CenterProbe] sh-local10 [sh-local10] 在线
[2026-04-24 19:02:44] [WARN] [CenterProbe] sh-agent-01 [sh-agent-01] 不可达: Get "http://localhost:18422/health": context deadline exceeded (Client.Timeout exceeded while awaiting headers)
[2026-04-24 19:03:35] [INFO] [CenterProbe] sh-local10 [sh-local10] 在线
[2026-04-24 19:03:46] [WARN] [CenterProbe] sh-agent-01 [sh-agent-01] 不可达: Get "http://localhost:18422/health": context deadline exceeded (Client.Timeout exceeded while awaiting headers)
[2026-04-24 19:04:37] [INFO] [CenterProbe] sh-local10 [sh-local10] 在线
[2026-04-24 19:04:47] [WARN] [CenterProbe] sh-agent-01 [sh-agent-01] 不可达: Get "http://localhost:18422/health": context deadline exceeded (Client.Timeout exceeded while awaiting headers)
[2026-04-24 19:05:38] [INFO] [CenterProbe] sh-local10 [sh-local10] 在线
[2026-04-24 19:05:48] [WARN] [CenterProbe] sh-agent-01 [sh-agent-01] 不可达: Get "http://localhost:18422/health": context deadline exceeded (Client.Timeout exceeded while awaiting headers)
[2026-04-24 19:06:40] [INFO] [CenterProbe] sh-local10 [sh-local10] 在线
[2026-04-24 19:06:50] [WARN] [CenterProbe] sh-agent-01 [sh-agent-01] 不可达: Get "http://localhost:18422/health": context deadline exceeded (Client.Timeout exceeded while awaiting headers)
[2026-04-24 19:07:42] [INFO] [CenterProbe] sh-local10 [sh-local10] 在线
[2026-04-24 19:07:52] [WARN] [CenterProbe] sh-agent-01 [sh-agent-01] 不可达: Get "http://localhost:18422/health": context deadline exceeded (Client.Timeout exceeded while awaiting headers)
[2026-04-24 19:08:43] [INFO] [CenterProbe] sh-local10 [sh-local10] 在线
[2026-04-24 19:08:53] [WARN] [CenterProbe] sh-agent-01 [sh-agent-01] 不可达: Get "http://localhost:18422/health": context deadline exceeded (Client.Timeout exceeded while awaiting headers)
[2026-04-24 19:09:45] [INFO] [CenterProbe] sh-local10 [sh-local10] 在线
[2026-04-24 19:09:55] [WARN] [CenterProbe] sh-agent-01 [sh-agent-01] 不可达: Get "http://localhost:18422/health": context deadline exceeded (Client.Timeout exceeded while awaiting headers)
[2026-04-24 19:10:46] [INFO] [CenterProbe] sh-local10 [sh-local10] 在线
[2026-04-24 19:10:56] [WARN] [CenterProbe] sh-agent-01 [sh-agent-01] 不可达: Get "http://localhost:18422/health": context deadline exceeded (Client.Timeout exceeded while awaiting headers)
[2026-04-24 19:11:48] [INFO] [CenterProbe] sh-local10 [sh-local10] 在线
[2026-04-24 19:11:58] [WARN] [CenterProbe] sh-agent-01 [sh-agent-01] 不可达: Get "http://localhost:18422/health": context deadline exceeded (Client.Timeout exceeded while awaiting headers)
[2026-04-24 19:12:50] [INFO] [CenterProbe] sh-local10 [sh-local10] 在线
[2026-04-24 19:13:00] [WARN] [CenterProbe] sh-agent-01 [sh-agent-01] 不可达: Get "http://localhost:18422/health": context deadline exceeded (Client.Timeout exceeded while awaiting headers)
[2026-04-24 19:13:51] [INFO] [CenterProbe] sh-local10 [sh-local10] 在线
[2026-04-24 22:08:11] [INFO] Starting Data Registry server...
[2026-04-24 22:08:11] [INFO] Database(sqlite) initialized successfully
[2026-04-24 22:08:12] [INFO] Default role updated: 管理员
[2026-04-24 22:08:12] [INFO] Default role updated: 数据操作员
[2026-04-24 22:08:12] [INFO] Default role updated: 项目管理员
[2026-04-24 22:08:12] [INFO] Default role updated: 审计账号
[2026-04-24 22:08:12] [INFO] Default role updated: 普通查看者
[2026-04-24 22:08:12] [INFO] Security settings already exist, skipping initialization
[2026-04-24 22:08:12] [INFO] Data initialization completed
[2026-04-24 22:08:12] [INFO] [ApiKeyCache] 缓存已刷新，共 2 个活跃站点
[2026-04-24 22:08:12] [INFO] [StationKeys] 已加载 1 个站点的明文 Key
[2026-04-24 22:08:12] [INFO] [CenterProbe] 启动主动探测循环，间隔: 1m0s
[2026-04-24 22:08:12] [INFO] Server listening on :18421
[2026-04-24 22:08:12] [INFO] [CenterProbe] sh-local10 [sh-local10] 在线
[2026-04-24 22:08:22] [WARN] [CenterProbe] sh-agent-01 [sh-agent-01] 不可达: Get "http://localhost:18422/health": context deadline exceeded (Client.Timeout exceeded while awaiting headers)
[2026-04-24 22:09:24] [INFO] [CenterProbe] sh-local10 [sh-local10] 在线
[2026-04-24 22:09:33] [WARN] [CenterProbe] sh-agent-01 [sh-agent-01] 不可达: Get "http://localhost:18422/health": context deadline exceeded (Client.Timeout exceeded while awaiting headers)
[2026-04-24 22:10:27] [INFO] [CenterProbe] sh-local10 [sh-local10] 在线
[2026-04-24 22:10:37] [WARN] [CenterProbe] sh-agent-01 [sh-agent-01] 不可达: Get "http://localhost:18422/health": context deadline exceeded (Client.Timeout exceeded while awaiting headers)
[2026-04-24 22:11:30] [INFO] [CenterProbe] sh-local10 [sh-local10] 在线
[2026-04-24 22:11:40] [WARN] [CenterProbe] sh-agent-01 [sh-agent-01] 不可达: Get "http://localhost:18422/health": context deadline exceeded (Client.Timeout exceeded while awaiting headers)
[2026-04-24 22:12:31] [INFO] [CenterProbe] sh-local10 [sh-local10] 在线
[2026-04-24 22:12:42] [WARN] [CenterProbe] sh-agent-01 [sh-agent-01] 不可达: Get "http://localhost:18422/health": context deadline exceeded (Client.Timeout exceeded while awaiting headers)
[2026-04-24 22:13:33] [INFO] [CenterProbe] sh-local10 [sh-local10] 在线
[2026-04-24 22:13:44] [WARN] [CenterProbe] sh-agent-01 [sh-agent-01] 不可达: Get "http://localhost:18422/health": context deadline exceeded (Client.Timeout exceeded while awaiting headers)
[2026-04-24 22:14:36] [INFO] [CenterProbe] sh-local10 [sh-local10] 在线
[2026-04-24 22:14:46] [WARN] [CenterProbe] sh-agent-01 [sh-agent-01] 不可达: Get "http://localhost:18422/health": context deadline exceeded (Client.Timeout exceeded while awaiting headers)
[2026-04-24 22:15:38] [INFO] [CenterProbe] sh-local10 [sh-local10] 在线
[2026-04-24 22:15:48] [WARN] [CenterProbe] sh-agent-01 [sh-agent-01] 不可达: Get "http://localhost:18422/health": context deadline exceeded (Client.Timeout exceeded while awaiting headers)
[2026-04-24 22:16:41] [INFO] [CenterProbe] sh-local10 [sh-local10] 在线
[2026-04-24 22:16:50] [WARN] [CenterProbe] sh-agent-01 [sh-agent-01] 不可达: Get "http://localhost:18422/health": context deadline exceeded (Client.Timeout exceeded while awaiting headers)
[2026-04-24 22:17:43] [INFO] [CenterProbe] sh-local10 [sh-local10] 在线
[2026-04-24 22:17:53] [WARN] [CenterProbe] sh-agent-01 [sh-agent-01] 不可达: Get "http://localhost:18422/health": context deadline exceeded (Client.Timeout exceeded while awaiting headers)
[2026-04-24 22:18:46] [INFO] [CenterProbe] sh-local10 [sh-local10] 在线
[2026-04-24 22:18:55] [WARN] [CenterProbe] sh-agent-01 [sh-agent-01] 不可达: Get "http://localhost:18422/health": context deadline exceeded (Client.Timeout exceeded while awaiting headers)
[2026-04-24 22:19:47] [INFO] [CenterProbe] sh-local10 [sh-local10] 在线
[2026-04-24 22:19:58] [WARN] [CenterProbe] sh-agent-01 [sh-agent-01] 不可达: Get "http://localhost:18422/health": context deadline exceeded (Client.Timeout exceeded while awaiting headers)
[2026-04-24 22:20:50] [INFO] [CenterProbe] sh-local10 [sh-local10] 在线
[2026-04-24 22:21:00] [WARN] [CenterProbe] sh-agent-01 [sh-agent-01] 不可达: Get "http://localhost:18422/health": context deadline exceeded (Client.Timeout exceeded while awaiting headers)
[2026-04-24 22:21:51] [INFO] [CenterProbe] sh-local10 [sh-local10] 在线
[2026-04-24 22:22:01] [WARN] [CenterProbe] sh-agent-01 [sh-agent-01] 不可达: Get "http://localhost:18422/health": context deadline exceeded (Client.Timeout exceeded while awaiting headers)
[2026-04-24 22:22:54] [INFO] [CenterProbe] sh-local10 [sh-local10] 在线
[2026-04-24 22:23:04] [WARN] [CenterProbe] sh-agent-01 [sh-agent-01] 不可达: Get "http://localhost:18422/health": context deadline exceeded (Client.Timeout exceeded while awaiting headers)
[2026-04-24 22:23:56] [INFO] [CenterProbe] sh-local10 [sh-local10] 在线
[2026-04-24 22:24:06] [WARN] [CenterProbe] sh-agent-01 [sh-agent-01] 不可达: Get "http://localhost:18422/health": context deadline exceeded (Client.Timeout exceeded while awaiting headers)
[2026-04-24 22:24:59] [INFO] [CenterProbe] sh-local10 [sh-local10] 在线
[2026-04-24 22:25:09] [WARN] [CenterProbe] sh-agent-01 [sh-agent-01] 不可达: Get "http://localhost:18422/health": context deadline exceeded (Client.Timeout exceeded while awaiting headers)
[2026-04-24 22:26:01] [INFO] [CenterProbe] sh-local10 [sh-local10] 在线
[2026-04-24 22:26:11] [WARN] [CenterProbe] sh-agent-01 [sh-agent-01] 不可达: Get "http://localhost:18422/health": context deadline exceeded (Client.Timeout exceeded while awaiting headers)
[2026-04-24 22:27:03] [INFO] [CenterProbe] sh-local10 [sh-local10] 在线
[2026-04-24 22:27:14] [WARN] [CenterProbe] sh-agent-01 [sh-agent-01] 不可达: Get "http://localhost:18422/health": context deadline exceeded (Client.Timeout exceeded while awaiting headers)
[2026-04-24 22:28:05] [INFO] [CenterProbe] sh-local10 [sh-local10] 在线
[2026-04-24 22:28:17] [WARN] [CenterProbe] sh-agent-01 [sh-agent-01] 不可达: Get "http://localhost:18422/health": context deadline exceeded (Client.Timeout exceeded while awaiting headers)
[2026-04-24 22:29:08] [INFO] [CenterProbe] sh-local10 [sh-local10] 在线
[2026-04-24 22:29:18] [WARN] [CenterProbe] sh-agent-01 [sh-agent-01] 不可达: Get "http://localhost:18422/health": context deadline exceeded (Client.Timeout exceeded while awaiting headers)
[2026-04-24 22:30:11] [INFO] [CenterProbe] sh-local10 [sh-local10] 在线
[2026-04-24 22:30:21] [WARN] [CenterProbe] sh-agent-01 [sh-agent-01] 不可达: Get "http://localhost:18422/health": context deadline exceeded (Client.Timeout exceeded while awaiting headers)
[2026-04-24 22:31:12] [INFO] [CenterProbe] sh-local10 [sh-local10] 在线
[2026-04-24 22:31:23] [WARN] [CenterProbe] sh-agent-01 [sh-agent-01] 不可达: Get "http://localhost:18422/health": context deadline exceeded (Client.Timeout exceeded while awaiting headers)
[2026-04-24 22:32:14] [INFO] [CenterProbe] sh-local10 [sh-local10] 在线
[2026-04-24 22:32:24] [WARN] [CenterProbe] sh-agent-01 [sh-agent-01] 不可达: Get "http://localhost:18422/health": context deadline exceeded (Client.Timeout exceeded while awaiting headers)
[2026-04-24 22:33:15] [INFO] [CenterProbe] sh-local10 [sh-local10] 在线
[2026-04-24 22:33:25] [WARN] [CenterProbe] sh-agent-01 [sh-agent-01] 不可达: Get "http://localhost:18422/health": context deadline exceeded (Client.Timeout exceeded while awaiting headers)
[2026-04-24 22:34:17] [INFO] [CenterProbe] sh-local10 [sh-local10] 在线
[2026-04-24 22:34:27] [WARN] [CenterProbe] sh-agent-01 [sh-agent-01] 不可达: Get "http://localhost:18422/health": context deadline exceeded (Client.Timeout exceeded while awaiting headers)
[2026-04-24 22:35:19] [INFO] [CenterProbe] sh-local10 [sh-local10] 在线
[2026-04-24 22:35:29] [WARN] [CenterProbe] sh-agent-01 [sh-agent-01] 不可达: Get "http://localhost:18422/health": context deadline exceeded (Client.Timeout exceeded while awaiting headers)
[2026-04-24 22:36:20] [INFO] [CenterProbe] sh-local10 [sh-local10] 在线
[2026-04-24 22:36:30] [WARN] [CenterProbe] sh-agent-01 [sh-agent-01] 不可达: Get "http://localhost:18422/health": context deadline exceeded (Client.Timeout exceeded while awaiting headers)
[2026-04-24 22:37:21] [INFO] [CenterProbe] sh-local10 [sh-local10] 在线
[2026-04-24 22:37:32] [WARN] [CenterProbe] sh-agent-01 [sh-agent-01] 不可达: Get "http://localhost:18422/health": context deadline exceeded (Client.Timeout exceeded while awaiting headers)
[2026-04-24 22:38:23] [INFO] [CenterProbe] sh-local10 [sh-local10] 在线
[2026-04-24 22:38:33] [WARN] [CenterProbe] sh-agent-01 [sh-agent-01] 不可达: Get "http://localhost:18422/health": context deadline exceeded (Client.Timeout exceeded while awaiting headers)
[2026-04-24 22:39:24] [INFO] [CenterProbe] sh-local10 [sh-local10] 在线
[2026-04-24 22:39:36] [WARN] [CenterProbe] sh-agent-01 [sh-agent-01] 不可达: Get "http://localhost:18422/health": context deadline exceeded (Client.Timeout exceeded while awaiting headers)
[2026-04-24 22:40:27] [INFO] [CenterProbe] sh-local10 [sh-local10] 在线
[2026-04-24 22:40:36] [WARN] [CenterProbe] sh-agent-01 [sh-agent-01] 不可达: Get "http://localhost:18422/health": context deadline exceeded (Client.Timeout exceeded while awaiting headers)
[2026-04-24 22:41:29] [INFO] [CenterProbe] sh-local10 [sh-local10] 在线
[2026-04-24 22:41:39] [WARN] [CenterProbe] sh-agent-01 [sh-agent-01] 不可达: Get "http://localhost:18422/health": context deadline exceeded (Client.Timeout exceeded while awaiting headers)
[2026-04-24 22:42:31] [INFO] [CenterProbe] sh-local10 [sh-local10] 在线
[2026-04-24 22:42:41] [WARN] [CenterProbe] sh-agent-01 [sh-agent-01] 不可达: Get "http://localhost:18422/health": context deadline exceeded (Client.Timeout exceeded while awaiting headers)
[2026-04-24 22:43:33] [INFO] [CenterProbe] sh-local10 [sh-local10] 在线
[2026-04-24 22:43:43] [WARN] [CenterProbe] sh-agent-01 [sh-agent-01] 不可达: Get "http://localhost:18422/health": context deadline exceeded (Client.Timeout exceeded while awaiting headers)
[2026-04-24 22:44:36] [INFO] [CenterProbe] sh-local10 [sh-local10] 在线
[2026-04-24 22:44:46] [WARN] [CenterProbe] sh-agent-01 [sh-agent-01] 不可达: Get "http://localhost:18422/health": context deadline exceeded (Client.Timeout exceeded while awaiting headers)
[2026-04-24 22:45:37] [INFO] [CenterProbe] sh-local10 [sh-local10] 在线
[2026-04-24 22:45:48] [WARN] [CenterProbe] sh-agent-01 [sh-agent-01] 不可达: Get "http://localhost:18422/health": context deadline exceeded (Client.Timeout exceeded while awaiting headers)
[2026-04-24 22:46:40] [INFO] [CenterProbe] sh-local10 [sh-local10] 在线
[2026-04-24 22:46:51] [WARN] [CenterProbe] sh-agent-01 [sh-agent-01] 不可达: Get "http://localhost:18422/health": context deadline exceeded (Client.Timeout exceeded while awaiting headers)
[2026-04-24 22:47:42] [INFO] [CenterProbe] sh-local10 [sh-local10] 在线
[2026-04-24 22:47:52] [WARN] [CenterProbe] sh-agent-01 [sh-agent-01] 不可达: Get "http://localhost:18422/health": context deadline exceeded (Client.Timeout exceeded while awaiting headers)
[2026-04-24 22:48:43] [INFO] [CenterProbe] sh-local10 [sh-local10] 在线
[2026-04-24 22:48:54] [WARN] [CenterProbe] sh-agent-01 [sh-agent-01] 不可达: Get "http://localhost:18422/health": context deadline exceeded (Client.Timeout exceeded while awaiting headers)
[2026-04-24 22:49:45] [INFO] [CenterProbe] sh-local10 [sh-local10] 在线
[2026-04-24 22:49:55] [WARN] [CenterProbe] sh-agent-01 [sh-agent-01] 不可达: Get "http://localhost:18422/health": context deadline exceeded (Client.Timeout exceeded while awaiting headers)
[2026-04-24 22:50:47] [INFO] [CenterProbe] sh-local10 [sh-local10] 在线
[2026-04-24 22:50:57] [WARN] [CenterProbe] sh-agent-01 [sh-agent-01] 不可达: Get "http://localhost:18422/health": context deadline exceeded (Client.Timeout exceeded while awaiting headers)
[2026-04-24 22:51:49] [INFO] [CenterProbe] sh-local10 [sh-local10] 在线
[2026-04-24 22:51:59] [WARN] [CenterProbe] sh-agent-01 [sh-agent-01] 不可达: Get "http://localhost:18422/health": context deadline exceeded (Client.Timeout exceeded while awaiting headers)
[2026-04-24 22:52:50] [INFO] [CenterProbe] sh-local10 [sh-local10] 在线
[2026-04-24 22:53:01] [WARN] [CenterProbe] sh-agent-01 [sh-agent-01] 不可达: Get "http://localhost:18422/health": context deadline exceeded (Client.Timeout exceeded while awaiting headers)
[2026-04-24 22:53:51] [INFO] [CenterProbe] sh-local10 [sh-local10] 在线
[2026-04-24 22:54:01] [WARN] [CenterProbe] sh-agent-01 [sh-agent-01] 不可达: Get "http://localhost:18422/health": context deadline exceeded (Client.Timeout exceeded while awaiting headers)
[2026-04-24 22:54:54] [INFO] [CenterProbe] sh-local10 [sh-local10] 在线
[2026-04-24 22:55:04] [WARN] [CenterProbe] sh-agent-01 [sh-agent-01] 不可达: Get "http://localhost:18422/health": context deadline exceeded (Client.Timeout exceeded while awaiting headers)
[2026-04-24 22:55:55] [INFO] [CenterProbe] sh-local10 [sh-local10] 在线
[2026-04-24 22:56:06] [WARN] [CenterProbe] sh-agent-01 [sh-agent-01] 不可达: Get "http://localhost:18422/health": context deadline exceeded (Client.Timeout exceeded while awaiting headers)
[2026-04-24 22:56:51] [INFO] Starting Data Registry server...
[2026-04-24 22:56:51] [INFO] Database(sqlite) initialized successfully
[2026-04-24 22:56:51] [INFO] Default role updated: 管理员
[2026-04-24 22:56:51] [INFO] Default role updated: 数据操作员
[2026-04-24 22:56:51] [INFO] Default role updated: 项目管理员
[2026-04-24 22:56:51] [INFO] Default role updated: 审计账号
[2026-04-24 22:56:52] [INFO] Default role updated: 普通查看者
[2026-04-24 22:56:52] [INFO] Security settings already exist, skipping initialization
[2026-04-24 22:56:52] [INFO] Data initialization completed
[2026-04-24 22:56:52] [INFO] [ApiKeyCache] 缓存已刷新，共 2 个活跃站点
[2026-04-24 22:56:52] [INFO] [StationKeys] 已加载 1 个站点的明文 Key
[2026-04-24 22:56:52] [INFO] [CenterProbe] 启动主动探测循环，间隔: 1m0s
[2026-04-24 22:56:52] [INFO] Server listening on :18421
[2026-04-24 22:56:52] [INFO] [CenterProbe] sh-local10 [sh-local10] 在线
[2026-04-24 22:57:02] [WARN] [CenterProbe] sh-agent-01 [sh-agent-01] 不可达: Get "http://localhost:18422/health": context deadline exceeded (Client.Timeout exceeded while awaiting headers)
[2026-04-24 22:58:04] [INFO] [CenterProbe] sh-local10 [sh-local10] 在线
[2026-04-24 22:58:15] [WARN] [CenterProbe] sh-agent-01 [sh-agent-01] 不可达: Get "http://localhost:18422/health": context deadline exceeded (Client.Timeout exceeded while awaiting headers)
[2026-04-24 22:59:06] [INFO] [CenterProbe] sh-local10 [sh-local10] 在线
[2026-04-24 22:59:16] [WARN] [CenterProbe] sh-agent-01 [sh-agent-01] 不可达: Get "http://localhost:18422/health": context deadline exceeded (Client.Timeout exceeded while awaiting headers)
[2026-04-24 23:00:08] [INFO] [CenterProbe] sh-local10 [sh-local10] 在线
[2026-04-24 23:00:18] [WARN] [CenterProbe] sh-agent-01 [sh-agent-01] 不可达: Get "http://localhost:18422/health": context deadline exceeded (Client.Timeout exceeded while awaiting headers)
[2026-04-24 23:01:10] [INFO] [CenterProbe] sh-local10 [sh-local10] 在线
[2026-04-24 23:01:20] [WARN] [CenterProbe] sh-agent-01 [sh-agent-01] 不可达: Get "http://localhost:18422/health": context deadline exceeded (Client.Timeout exceeded while awaiting headers)
[2026-04-24 23:02:13] [INFO] [CenterProbe] sh-local10 [sh-local10] 在线
[2026-04-24 23:02:22] [WARN] [CenterProbe] sh-agent-01 [sh-agent-01] 不可达: Get "http://localhost:18422/health": context deadline exceeded (Client.Timeout exceeded while awaiting headers)
[2026-04-24 23:03:15] [INFO] [CenterProbe] sh-local10 [sh-local10] 在线
[2026-04-24 23:03:25] [WARN] [CenterProbe] sh-agent-01 [sh-agent-01] 不可达: Get "http://localhost:18422/health": context deadline exceeded (Client.Timeout exceeded while awaiting headers)
[2026-04-24 23:03:35] [INFO] Starting Data Registry server...
[2026-04-24 23:03:35] [INFO] Database(sqlite) initialized successfully
[2026-04-24 23:03:35] [INFO] Default role updated: 管理员
[2026-04-24 23:03:35] [INFO] Default role updated: 数据操作员
[2026-04-24 23:03:35] [INFO] Default role updated: 项目管理员
[2026-04-24 23:03:35] [INFO] Default role updated: 审计账号
[2026-04-24 23:03:35] [INFO] Default role updated: 普通查看者
[2026-04-24 23:03:35] [INFO] Security settings already exist, skipping initialization
[2026-04-24 23:03:35] [INFO] Data initialization completed
[2026-04-24 23:03:35] [INFO] [ApiKeyCache] 缓存已刷新，共 2 个活跃站点
[2026-04-24 23:03:35] [INFO] [StationKeys] 已加载 1 个站点的明文 Key
[2026-04-24 23:03:35] [INFO] [CenterProbe] 启动主动探测循环，间隔: 1m0s
[2026-04-24 23:03:35] [INFO] Server listening on :18421
[2026-04-24 23:03:35] [INFO] [CenterProbe] sh-local10 [sh-local10] 在线
[2026-04-24 23:03:46] [WARN] [CenterProbe] sh-agent-01 [sh-agent-01] 不可达: Get "http://localhost:18422/health": context deadline exceeded (Client.Timeout exceeded while awaiting headers)
[2026-04-24 23:04:48] [INFO] [CenterProbe] sh-local10 [sh-local10] 在线
[2026-04-24 23:04:59] [WARN] [CenterProbe] sh-agent-01 [sh-agent-01] 不可达: Get "http://localhost:18422/health": context deadline exceeded (Client.Timeout exceeded while awaiting headers)
[2026-04-24 23:05:50] [INFO] [CenterProbe] sh-local10 [sh-local10] 在线
[2026-04-24 23:06:01] [WARN] [CenterProbe] sh-agent-01 [sh-agent-01] 不可达: Get "http://localhost:18422/health": context deadline exceeded (Client.Timeout exceeded while awaiting headers)
[2026-04-24 23:06:52] [INFO] [CenterProbe] sh-local10 [sh-local10] 在线
[2026-04-24 23:07:02] [WARN] [CenterProbe] sh-agent-01 [sh-agent-01] 不可达: Get "http://localhost:18422/health": context deadline exceeded (Client.Timeout exceeded while awaiting headers)
[2026-04-24 23:07:54] [INFO] [CenterProbe] sh-local10 [sh-local10] 在线
[2026-04-24 23:08:04] [WARN] [CenterProbe] sh-agent-01 [sh-agent-01] 不可达: Get "http://localhost:18422/health": context deadline exceeded (Client.Timeout exceeded while awaiting headers)
[2026-04-24 23:08:56] [INFO] [CenterProbe] sh-local10 [sh-local10] 在线
[2026-04-24 23:09:06] [WARN] [CenterProbe] sh-agent-01 [sh-agent-01] 不可达: Get "http://localhost:18422/health": context deadline exceeded (Client.Timeout exceeded while awaiting headers)
[2026-04-24 23:09:59] [INFO] [CenterProbe] sh-local10 [sh-local10] 在线
[2026-04-24 23:10:09] [WARN] [CenterProbe] sh-agent-01 [sh-agent-01] 不可达: Get "http://localhost:18422/health": context deadline exceeded (Client.Timeout exceeded while awaiting headers)
[2026-04-24 23:11:00] [INFO] [CenterProbe] sh-local10 [sh-local10] 在线
[2026-04-24 23:11:11] [WARN] [CenterProbe] sh-agent-01 [sh-agent-01] 不可达: Get "http://localhost:18422/health": context deadline exceeded (Client.Timeout exceeded while awaiting headers)
[2026-04-24 23:12:02] [INFO] [CenterProbe] sh-local10 [sh-local10] 在线
[2026-04-24 23:12:13] [WARN] [CenterProbe] sh-agent-01 [sh-agent-01] 不可达: Get "http://localhost:18422/health": context deadline exceeded (Client.Timeout exceeded while awaiting headers)
[2026-04-24 23:13:05] [INFO] [CenterProbe] sh-local10 [sh-local10] 在线
[2026-04-24 23:13:15] [WARN] [CenterProbe] sh-agent-01 [sh-agent-01] 不可达: Get "http://localhost:18422/health": context deadline exceeded (Client.Timeout exceeded while awaiting headers)
[2026-04-24 23:14:07] [INFO] [CenterProbe] sh-local10 [sh-local10] 在线
[2026-04-24 23:14:17] [WARN] [CenterProbe] sh-agent-01 [sh-agent-01] 不可达: Get "http://localhost:18422/health": context deadline exceeded (Client.Timeout exceeded while awaiting headers)
[2026-04-24 23:15:08] [INFO] [CenterProbe] sh-local10 [sh-local10] 在线
[2026-04-24 23:15:18] [WARN] [CenterProbe] sh-agent-01 [sh-agent-01] 不可达: Get "http://localhost:18422/health": context deadline exceeded (Client.Timeout exceeded while awaiting headers)
[2026-04-24 23:16:10] [INFO] [CenterProbe] sh-local10 [sh-local10] 在线
[2026-04-24 23:16:20] [WARN] [CenterProbe] sh-agent-01 [sh-agent-01] 不可达: Get "http://localhost:18422/health": context deadline exceeded (Client.Timeout exceeded while awaiting headers)
[2026-04-24 23:17:11] [INFO] [CenterProbe] sh-local10 [sh-local10] 在线
[2026-04-24 23:17:21] [WARN] [CenterProbe] sh-agent-01 [sh-agent-01] 不可达: Get "http://localhost:18422/health": context deadline exceeded (Client.Timeout exceeded while awaiting headers)
[2026-04-24 23:18:12] [INFO] [CenterProbe] sh-local10 [sh-local10] 在线
[2026-04-24 23:18:22] [WARN] [CenterProbe] sh-agent-01 [sh-agent-01] 不可达: Get "http://localhost:18422/health": context deadline exceeded (Client.Timeout exceeded while awaiting headers)
[2026-04-24 23:19:14] [INFO] [CenterProbe] sh-local10 [sh-local10] 在线
[2026-04-24 23:19:24] [WARN] [CenterProbe] sh-agent-01 [sh-agent-01] 不可达: Get "http://localhost:18422/health": context deadline exceeded (Client.Timeout exceeded while awaiting headers)
[2026-04-24 23:20:16] [INFO] [CenterProbe] sh-local10 [sh-local10] 在线
[2026-04-24 23:20:26] [WARN] [CenterProbe] sh-agent-01 [sh-agent-01] 不可达: Get "http://localhost:18422/health": context deadline exceeded (Client.Timeout exceeded while awaiting headers)
[2026-04-24 23:21:18] [INFO] [CenterProbe] sh-local10 [sh-local10] 在线
[2026-04-24 23:21:28] [WARN] [CenterProbe] sh-agent-01 [sh-agent-01] 不可达: Get "http://localhost:18422/health": context deadline exceeded (Client.Timeout exceeded while awaiting headers)
[2026-04-24 23:22:19] [INFO] [CenterProbe] sh-local10 [sh-local10] 在线
[2026-04-24 23:22:29] [WARN] [CenterProbe] sh-agent-01 [sh-agent-01] 不可达: Get "http://localhost:18422/health": context deadline exceeded (Client.Timeout exceeded while awaiting headers)
[2026-04-24 23:23:20] [INFO] [CenterProbe] sh-local10 [sh-local10] 在线
[2026-04-24 23:23:31] [WARN] [CenterProbe] sh-agent-01 [sh-agent-01] 不可达: Get "http://localhost:18422/health": context deadline exceeded (Client.Timeout exceeded while awaiting headers)
[2026-04-24 23:24:21] [INFO] [CenterProbe] sh-local10 [sh-local10] 在线
[2026-04-24 23:24:31] [WARN] [CenterProbe] sh-agent-01 [sh-agent-01] 不可达: Get "http://localhost:18422/health": context deadline exceeded (Client.Timeout exceeded while awaiting headers)
[2026-04-24 23:25:22] [INFO] [CenterProbe] sh-local10 [sh-local10] 在线
[2026-04-24 23:25:32] [WARN] [CenterProbe] sh-agent-01 [sh-agent-01] 不可达: Get "http://localhost:18422/health": context deadline exceeded (Client.Timeout exceeded while awaiting headers)
[2026-04-24 23:26:24] [INFO] [CenterProbe] sh-local10 [sh-local10] 在线
[2026-04-24 23:26:35] [WARN] [CenterProbe] sh-agent-01 [sh-agent-01] 不可达: Get "http://localhost:18422/health": context deadline exceeded (Client.Timeout exceeded while awaiting headers)
[2026-04-24 23:27:26] [INFO] [CenterProbe] sh-local10 [sh-local10] 在线
[2026-04-24 23:27:36] [WARN] [CenterProbe] sh-agent-01 [sh-agent-01] 不可达: Get "http://localhost:18422/health": context deadline exceeded (Client.Timeout exceeded while awaiting headers)
[2026-04-24 23:28:28] [INFO] [CenterProbe] sh-local10 [sh-local10] 在线
[2026-04-24 23:28:38] [WARN] [CenterProbe] sh-agent-01 [sh-agent-01] 不可达: Get "http://localhost:18422/health": context deadline exceeded (Client.Timeout exceeded while awaiting headers)
[2026-04-24 23:29:31] [INFO] [CenterProbe] sh-local10 [sh-local10] 在线
[2026-04-24 23:29:41] [WARN] [CenterProbe] sh-agent-01 [sh-agent-01] 不可达: Get "http://localhost:18422/health": context deadline exceeded (Client.Timeout exceeded while awaiting headers)
[2026-04-24 23:30:32] [INFO] [CenterProbe] sh-local10 [sh-local10] 在线
[2026-04-24 23:30:43] [WARN] [CenterProbe] sh-agent-01 [sh-agent-01] 不可达: Get "http://localhost:18422/health": context deadline exceeded (Client.Timeout exceeded while awaiting headers)
[2026-04-24 23:31:35] [INFO] [CenterProbe] sh-local10 [sh-local10] 在线
[2026-04-24 23:31:45] [WARN] [CenterProbe] sh-agent-01 [sh-agent-01] 不可达: Get "http://localhost:18422/health": context deadline exceeded (Client.Timeout exceeded while awaiting headers)
[2026-04-24 23:32:37] [INFO] [CenterProbe] sh-local10 [sh-local10] 在线
[2026-04-24 23:32:47] [WARN] [CenterProbe] sh-agent-01 [sh-agent-01] 不可达: Get "http://localhost:18422/health": context deadline exceeded (Client.Timeout exceeded while awaiting headers)
[2026-04-24 23:33:38] [INFO] Starting Data Registry server...
[2026-04-24 23:33:38] [INFO] Database(sqlite) initialized successfully
[2026-04-24 23:33:38] [INFO] Default role updated: 管理员
[2026-04-24 23:33:38] [INFO] Default role updated: 数据操作员
[2026-04-24 23:33:39] [INFO] Default role updated: 项目管理员
[2026-04-24 23:33:39] [INFO] Default role updated: 审计账号
[2026-04-24 23:33:39] [INFO] Default role updated: 普通查看者
[2026-04-24 23:33:39] [INFO] Security settings already exist, skipping initialization
[2026-04-24 23:33:39] [INFO] Data initialization completed
[2026-04-24 23:33:39] [INFO] [ApiKeyCache] 缓存已刷新，共 2 个活跃站点
[2026-04-24 23:33:39] [INFO] [StationKeys] 已加载 1 个站点的明文 Key
[2026-04-24 23:33:39] [INFO] [CenterProbe] 启动主动探测循环，间隔: 1m0s
[2026-04-24 23:33:39] [INFO] Server listening on :18421
[2026-04-24 23:33:39] [INFO] [CenterProbe] sh-local10 [sh-local10] 在线
[2026-04-24 23:33:50] [WARN] [CenterProbe] sh-agent-01 [sh-agent-01] 不可达: Get "http://localhost:18422/health": context deadline exceeded (Client.Timeout exceeded while awaiting headers)
[2026-04-24 23:34:52] [INFO] [CenterProbe] sh-local10 [sh-local10] 在线
[2026-04-24 23:35:02] [WARN] [CenterProbe] sh-agent-01 [sh-agent-01] 不可达: Get "http://localhost:18422/health": context deadline exceeded (Client.Timeout exceeded while awaiting headers)
[2026-04-24 23:35:53] [INFO] [CenterProbe] sh-local10 [sh-local10] 在线
[2026-04-24 23:36:03] [WARN] [CenterProbe] sh-agent-01 [sh-agent-01] 不可达: Get "http://localhost:18422/health": context deadline exceeded (Client.Timeout exceeded while awaiting headers)
[2026-04-24 23:36:54] [INFO] [CenterProbe] sh-local10 [sh-local10] 在线
[2026-04-24 23:37:04] [WARN] [CenterProbe] sh-agent-01 [sh-agent-01] 不可达: Get "http://localhost:18422/health": context deadline exceeded (Client.Timeout exceeded while awaiting headers)
[2026-04-24 23:37:56] [INFO] [CenterProbe] sh-local10 [sh-local10] 在线
[2026-04-24 23:38:06] [WARN] [CenterProbe] sh-agent-01 [sh-agent-01] 不可达: Get "http://localhost:18422/health": context deadline exceeded (Client.Timeout exceeded while awaiting headers)
[2026-04-24 23:38:57] [INFO] [CenterProbe] sh-local10 [sh-local10] 在线
[2026-04-24 23:39:07] [WARN] [CenterProbe] sh-agent-01 [sh-agent-01] 不可达: Get "http://localhost:18422/health": context deadline exceeded (Client.Timeout exceeded while awaiting headers)
[2026-04-24 23:39:58] [INFO] [CenterProbe] sh-local10 [sh-local10] 在线
[2026-04-24 23:40:09] [WARN] [CenterProbe] sh-agent-01 [sh-agent-01] 不可达: Get "http://localhost:18422/health": context deadline exceeded (Client.Timeout exceeded while awaiting headers)
[2026-04-24 23:41:00] [INFO] [CenterProbe] sh-local10 [sh-local10] 在线
[2026-04-24 23:41:11] [WARN] [CenterProbe] sh-agent-01 [sh-agent-01] 不可达: Get "http://localhost:18422/health": context deadline exceeded (Client.Timeout exceeded while awaiting headers)
[2026-04-24 23:42:02] [INFO] [CenterProbe] sh-local10 [sh-local10] 在线
[2026-04-24 23:42:12] [WARN] [CenterProbe] sh-agent-01 [sh-agent-01] 不可达: Get "http://localhost:18422/health": context deadline exceeded (Client.Timeout exceeded while awaiting headers)
[2026-04-24 23:43:04] [INFO] [CenterProbe] sh-local10 [sh-local10] 在线
[2026-04-24 23:43:14] [WARN] [CenterProbe] sh-agent-01 [sh-agent-01] 不可达: Get "http://localhost:18422/health": context deadline exceeded (Client.Timeout exceeded while awaiting headers)
[2026-04-24 23:44:04] [INFO] [CenterProbe] sh-local10 [sh-local10] 在线
[2026-04-24 23:44:15] [WARN] [CenterProbe] sh-agent-01 [sh-agent-01] 不可达: Get "http://localhost:18422/health": context deadline exceeded (Client.Timeout exceeded while awaiting headers)
[2026-04-24 23:45:06] [INFO] [CenterProbe] sh-local10 [sh-local10] 在线
[2026-04-24 23:45:16] [WARN] [CenterProbe] sh-agent-01 [sh-agent-01] 不可达: Get "http://localhost:18422/health": context deadline exceeded (Client.Timeout exceeded while awaiting headers)
[2026-04-24 23:46:09] [INFO] [CenterProbe] sh-local10 [sh-local10] 在线
[2026-04-24 23:46:19] [WARN] [CenterProbe] sh-agent-01 [sh-agent-01] 不可达: Get "http://localhost:18422/health": context deadline exceeded (Client.Timeout exceeded while awaiting headers)
[2026-04-24 23:47:10] [INFO] [CenterProbe] sh-local10 [sh-local10] 在线
[2026-04-24 23:47:20] [WARN] [CenterProbe] sh-agent-01 [sh-agent-01] 不可达: Get "http://localhost:18422/health": context deadline exceeded (Client.Timeout exceeded while awaiting headers)
[2026-04-24 23:48:12] [INFO] [CenterProbe] sh-local10 [sh-local10] 在线
[2026-04-24 23:48:22] [WARN] [CenterProbe] sh-agent-01 [sh-agent-01] 不可达: Get "http://localhost:18422/health": context deadline exceeded (Client.Timeout exceeded while awaiting headers)
[2026-04-24 23:49:13] [INFO] [CenterProbe] sh-local10 [sh-local10] 在线
[2026-04-24 23:49:24] [WARN] [CenterProbe] sh-agent-01 [sh-agent-01] 不可达: Get "http://localhost:18422/health": context deadline exceeded (Client.Timeout exceeded while awaiting headers)
[2026-04-24 23:50:15] [INFO] [CenterProbe] sh-local10 [sh-local10] 在线
[2026-04-24 23:50:25] [WARN] [CenterProbe] sh-agent-01 [sh-agent-01] 不可达: Get "http://localhost:18422/health": context deadline exceeded (Client.Timeout exceeded while awaiting headers)
[2026-04-24 23:51:17] [INFO] [CenterProbe] sh-local10 [sh-local10] 在线
[2026-04-24 23:51:27] [WARN] [CenterProbe] sh-agent-01 [sh-agent-01] 不可达: Get "http://localhost:18422/health": context deadline exceeded (Client.Timeout exceeded while awaiting headers)
[2026-04-24 23:52:18] [INFO] [CenterProbe] sh-local10 [sh-local10] 在线
[2026-04-24 23:52:28] [WARN] [CenterProbe] sh-agent-01 [sh-agent-01] 不可达: Get "http://localhost:18422/health": context deadline exceeded (Client.Timeout exceeded while awaiting headers)
[2026-04-24 23:53:20] [INFO] [CenterProbe] sh-local10 [sh-local10] 在线
[2026-04-24 23:53:30] [WARN] [CenterProbe] sh-agent-01 [sh-agent-01] 不可达: Get "http://localhost:18422/health": context deadline exceeded (Client.Timeout exceeded while awaiting headers)
[2026-04-24 23:54:22] [INFO] [CenterProbe] sh-local10 [sh-local10] 在线
[2026-04-24 23:54:31] [WARN] [CenterProbe] sh-agent-01 [sh-agent-01] 不可达: Get "http://localhost:18422/health": context deadline exceeded (Client.Timeout exceeded while awaiting headers)
[2026-04-24 23:55:23] [INFO] [CenterProbe] sh-local10 [sh-local10] 在线
[2026-04-24 23:55:33] [WARN] [CenterProbe] sh-agent-01 [sh-agent-01] 不可达: Get "http://localhost:18422/health": context deadline exceeded (Client.Timeout exceeded while awaiting headers)
[2026-04-24 23:56:24] [INFO] [CenterProbe] sh-local10 [sh-local10] 在线
[2026-04-24 23:56:36] [WARN] [CenterProbe] sh-agent-01 [sh-agent-01] 不可达: Get "http://localhost:18422/health": context deadline exceeded (Client.Timeout exceeded while awaiting headers)
[2026-04-24 23:57:27] [INFO] [CenterProbe] sh-local10 [sh-local10] 在线
[2026-04-24 23:57:37] [WARN] [CenterProbe] sh-agent-01 [sh-agent-01] 不可达: Get "http://localhost:18422/health": context deadline exceeded (Client.Timeout exceeded while awaiting headers)
[2026-04-24 23:58:29] [INFO] [CenterProbe] sh-local10 [sh-local10] 在线
[2026-04-24 23:58:39] [WARN] [CenterProbe] sh-agent-01 [sh-agent-01] 不可达: Get "http://localhost:18422/health": context deadline exceeded (Client.Timeout exceeded while awaiting headers)
[2026-04-24 23:59:31] [INFO] [CenterProbe] sh-local10 [sh-local10] 在线
[2026-04-24 23:59:41] [WARN] [CenterProbe] sh-agent-01 [sh-agent-01] 不可达: Get "http://localhost:18422/health": context deadline exceeded (Client.Timeout exceeded while awaiting headers)
