[2026-04-25 00:00:33] [INFO] [CenterProbe] sh-local10 [sh-local10] 在线
[2026-04-25 00:00:43] [WARN] [CenterProbe] sh-agent-01 [sh-agent-01] 不可达: Get "http://localhost:18422/health": context deadline exceeded (Client.Timeout exceeded while awaiting headers)
[2026-04-25 00:01:34] [INFO] [CenterProbe] sh-local10 [sh-local10] 在线
[2026-04-25 00:01:44] [WARN] [CenterProbe] sh-agent-01 [sh-agent-01] 不可达: Get "http://localhost:18422/health": context deadline exceeded (Client.Timeout exceeded while awaiting headers)
[2026-04-25 00:02:36] [INFO] [CenterProbe] sh-local10 [sh-local10] 在线
[2026-04-25 00:03:38] [INFO] [CenterProbe] sh-local10 [sh-local10] 在线
[2026-04-25 00:04:40] [INFO] [CenterProbe] sh-local10 [sh-local10] 在线
[2026-04-25 00:05:42] [INFO] [CenterProbe] sh-local10 [sh-local10] 在线
[2026-04-25 00:06:32] [INFO] Starting Data Registry server...
[2026-04-25 00:06:32] [INFO] Database(sqlite) initialized successfully
[2026-04-25 00:06:32] [INFO] Default role updated: 管理员
[2026-04-25 00:06:32] [INFO] Default role updated: 数据操作员
[2026-04-25 00:06:32] [INFO] Default role updated: 项目管理员
[2026-04-25 00:06:32] [INFO] Default role updated: 审计账号
[2026-04-25 00:06:32] [INFO] Default role updated: 普通查看者
[2026-04-25 00:06:32] [INFO] Security settings already exist, skipping initialization
[2026-04-25 00:06:32] [INFO] Data initialization completed
[2026-04-25 00:06:32] [INFO] [ApiKeyCache] 缓存已刷新，共 1 个活跃站点
[2026-04-25 00:06:32] [INFO] [StationKeys] 已加载 1 个站点的明文 Key
[2026-04-25 00:06:32] [INFO] [CenterProbe] 启动主动探测循环，间隔: 1m0s
[2026-04-25 00:06:32] [INFO] Server listening on :18421
[2026-04-25 00:06:32] [INFO] [CenterProbe] sh-local10 [sh-local10] 在线
[2026-04-25 00:07:35] [INFO] [CenterProbe] sh-local10 [sh-local10] 在线
[2026-04-25 00:08:13] [INFO] Starting Data Registry server...
[2026-04-25 00:08:13] [INFO] Database(sqlite) initialized successfully
[2026-04-25 00:08:13] [INFO] Default role updated: 管理员
[2026-04-25 00:08:13] [INFO] Default role updated: 数据操作员
[2026-04-25 00:08:13] [INFO] Default role updated: 项目管理员
[2026-04-25 00:08:13] [INFO] Default role updated: 审计账号
[2026-04-25 00:08:13] [INFO] Default role updated: 普通查看者
[2026-04-25 00:08:13] [INFO] Security settings already exist, skipping initialization
[2026-04-25 00:08:13] [INFO] Data initialization completed
[2026-04-25 00:08:13] [INFO] [ApiKeyCache] 缓存已刷新，共 1 个活跃站点
[2026-04-25 00:08:14] [INFO] [StationKeys] 已加载 1 个站点的明文 Key
[2026-04-25 00:08:14] [INFO] [CenterProbe] 启动主动探测循环，间隔: 1m0s
[2026-04-25 00:08:14] [INFO] Server listening on :18421
[2026-04-25 00:08:14] [INFO] [CenterProbe] sh-local10 [sh-local10] 在线
[2026-04-25 00:09:16] [INFO] [CenterProbe] sh-local10 [sh-local10] 在线
[2026-04-25 00:09:23] [INFO] Starting Data Registry server...
[2026-04-25 00:09:23] [INFO] Database(sqlite) initialized successfully
[2026-04-25 00:09:23] [INFO] Default role updated: 管理员
[2026-04-25 00:09:23] [INFO] Default role updated: 数据操作员
[2026-04-25 00:09:23] [INFO] Default role updated: 项目管理员
[2026-04-25 00:09:23] [INFO] Default role updated: 审计账号
[2026-04-25 00:09:24] [INFO] Default role updated: 普通查看者
[2026-04-25 00:09:24] [INFO] Security settings already exist, skipping initialization
[2026-04-25 00:09:24] [INFO] Data initialization completed
[2026-04-25 00:09:24] [INFO] [ApiKeyCache] 缓存已刷新，共 1 个活跃站点
[2026-04-25 00:09:24] [INFO] [StationKeys] 已加载 1 个站点的明文 Key
[2026-04-25 00:09:24] [INFO] [CenterProbe] 启动主动探测循环，间隔: 1m0s
[2026-04-25 00:09:24] [INFO] Server listening on :18421
[2026-04-25 00:09:24] [INFO] [CenterProbe] sh-local10 [sh-local10] 在线
[2026-04-25 00:10:43] [INFO] Starting Data Registry server...
[2026-04-25 00:10:43] [INFO] Database(sqlite) initialized successfully
[2026-04-25 00:10:43] [INFO] Default role updated: 管理员
[2026-04-25 00:10:44] [INFO] Default role updated: 数据操作员
[2026-04-25 00:10:44] [INFO] Default role updated: 项目管理员
[2026-04-25 00:10:44] [INFO] Default role updated: 审计账号
[2026-04-25 00:10:44] [INFO] Default role updated: 普通查看者
[2026-04-25 00:10:44] [INFO] Security settings already exist, skipping initialization
[2026-04-25 00:10:44] [INFO] Data initialization completed
[2026-04-25 00:10:44] [INFO] [ApiKeyCache] 缓存已刷新，共 1 个活跃站点
[2026-04-25 00:10:44] [INFO] [StationKeys] 已加载 1 个站点的明文 Key
[2026-04-25 00:10:44] [INFO] [CenterProbe] 启动主动探测循环，间隔: 1m0s
[2026-04-25 00:10:44] [INFO] Server listening on :18421
[2026-04-25 00:10:44] [INFO] [CenterProbe] sh-local10 [sh-local10] 在线
[2026-04-25 00:29:35] [INFO] Starting Data Registry server...
[2026-04-25 00:29:35] [INFO] Database(sqlite) initialized successfully
[2026-04-25 00:29:35] [INFO] Default role updated: 管理员
[2026-04-25 00:29:35] [INFO] Default role updated: 数据操作员
[2026-04-25 00:29:35] [INFO] Default role updated: 项目管理员
[2026-04-25 00:29:36] [INFO] Default role updated: 审计账号
[2026-04-25 00:29:36] [INFO] Default role updated: 普通查看者
[2026-04-25 00:29:36] [INFO] Security settings already exist, skipping initialization
[2026-04-25 00:29:36] [INFO] Data initialization completed
[2026-04-25 00:29:36] [INFO] [ApiKeyCache] 缓存已刷新，共 1 个活跃站点
[2026-04-25 00:29:36] [INFO] [StationKeys] 已加载 1 个站点的明文 Key
[2026-04-25 00:29:58] [INFO] Starting Data Registry server...
[2026-04-25 00:29:58] [INFO] Database(sqlite) initialized successfully
[2026-04-25 00:29:59] [INFO] Default role updated: 管理员
[2026-04-25 00:29:59] [INFO] Default role updated: 数据操作员
[2026-04-25 00:29:59] [INFO] Default role updated: 项目管理员
[2026-04-25 00:29:59] [INFO] Default role updated: 审计账号
[2026-04-25 00:29:59] [INFO] Default role updated: 普通查看者
[2026-04-25 00:29:59] [INFO] Security settings already exist, skipping initialization
[2026-04-25 00:29:59] [INFO] Data initialization completed
[2026-04-25 00:29:59] [INFO] [ApiKeyCache] 缓存已刷新，共 1 个活跃站点
[2026-04-25 00:29:59] [INFO] [StationKeys] 已加载 1 个站点的明文 Key
[2026-04-25 00:29:59] [INFO] [CenterProbe] 启动主动探测循环，间隔: 1m0s
[2026-04-25 00:31:23] [INFO] Starting Data Registry server...
[2026-04-25 00:31:23] [INFO] Database(sqlite) initialized successfully
[2026-04-25 00:31:23] [INFO] Default role updated: 管理员
[2026-04-25 00:31:23] [INFO] Default role updated: 数据操作员
[2026-04-25 00:31:23] [INFO] Default role updated: 项目管理员
[2026-04-25 00:31:23] [INFO] Default role updated: 审计账号
[2026-04-25 00:31:23] [INFO] Default role updated: 普通查看者
[2026-04-25 00:31:23] [INFO] Security settings already exist, skipping initialization
[2026-04-25 00:31:23] [INFO] Data initialization completed
[2026-04-25 00:31:23] [INFO] [ApiKeyCache] 缓存已刷新，共 1 个活跃站点
[2026-04-25 00:31:23] [INFO] [StationKeys] 已加载 1 个站点的明文 Key
[2026-04-25 00:31:23] [INFO] [CenterProbe] 启动主动探测循环，间隔: 1m0s
[2026-04-25 00:31:23] [INFO] Server listening on :18421
[2026-04-25 00:31:24] [INFO] [CenterProbe] sh-local10 [sh-local10] 在线
[2026-04-25 00:32:26] [INFO] [CenterProbe] sh-local10 [sh-local10] 在线
[2026-04-25 00:33:28] [INFO] [CenterProbe] sh-local10 [sh-local10] 在线
[2026-04-25 00:33:49] [INFO] Starting Data Registry server...
[2026-04-25 00:33:49] [INFO] Database(sqlite) initialized successfully
[2026-04-25 00:33:49] [INFO] Default role updated: 管理员
[2026-04-25 00:33:49] [INFO] Default role updated: 数据操作员
[2026-04-25 00:33:49] [INFO] Default role updated: 项目管理员
[2026-04-25 00:33:49] [INFO] Default role updated: 审计账号
[2026-04-25 00:33:50] [INFO] Default role updated: 普通查看者
[2026-04-25 00:33:50] [INFO] Security settings already exist, skipping initialization
[2026-04-25 00:33:50] [INFO] Data initialization completed
[2026-04-25 00:33:50] [INFO] [ApiKeyCache] 缓存已刷新，共 1 个活跃站点
[2026-04-25 00:33:50] [INFO] [StationKeys] 已加载 1 个站点的明文 Key
[2026-04-25 00:33:50] [INFO] [CenterProbe] 启动主动探测循环，间隔: 1m0s
[2026-04-25 00:33:50] [INFO] Server listening on :18421
[2026-04-25 00:34:29] [INFO] [CenterProbe] sh-local10 [sh-local10] 在线
[2026-04-25 00:35:32] [INFO] [CenterProbe] sh-local10 [sh-local10] 在线
[2026-04-25 00:36:33] [INFO] [CenterProbe] sh-local10 [sh-local10] 在线
[2026-04-25 00:37:36] [INFO] [CenterProbe] sh-local10 [sh-local10] 在线
[2026-04-25 00:38:37] [INFO] [CenterProbe] sh-local10 [sh-local10] 在线
[2026-04-25 00:39:39] [INFO] [CenterProbe] sh-local10 [sh-local10] 在线
[2026-04-25 00:40:41] [INFO] [CenterProbe] sh-local10 [sh-local10] 在线
[2026-04-25 00:41:31] [INFO] Starting Data Registry server...
[2026-04-25 00:41:31] [INFO] Database(sqlite) initialized successfully
[2026-04-25 00:41:31] [INFO] Default role updated: 管理员
[2026-04-25 00:41:31] [INFO] Default role updated: 数据操作员
[2026-04-25 00:41:31] [INFO] Default role updated: 项目管理员
[2026-04-25 00:41:31] [INFO] Default role updated: 审计账号
[2026-04-25 00:41:32] [INFO] Default role updated: 普通查看者
[2026-04-25 00:41:32] [INFO] Security settings already exist, skipping initialization
[2026-04-25 00:41:32] [INFO] Data initialization completed
[2026-04-25 00:41:32] [INFO] [ApiKeyCache] 缓存已刷新，共 1 个活跃站点
[2026-04-25 00:41:32] [INFO] [StationKeys] 已加载 1 个站点的明文 Key
[2026-04-25 00:41:32] [INFO] [CenterProbe] 启动主动探测循环，间隔: 1m0s
[2026-04-25 00:41:32] [INFO] Server listening on :18421
[2026-04-25 00:41:32] [INFO] [CenterProbe] sh-local10 [sh-local10] 在线
[2026-04-25 00:42:34] [INFO] [CenterProbe] sh-local10 [sh-local10] 在线
[2026-04-25 00:42:44] [INFO] Starting Data Registry server...
[2026-04-25 00:42:44] [INFO] Database(sqlite) initialized successfully
[2026-04-25 00:42:44] [INFO] Default role updated: 管理员
[2026-04-25 00:42:44] [INFO] Default role updated: 数据操作员
[2026-04-25 00:42:44] [INFO] Default role updated: 项目管理员
[2026-04-25 00:42:45] [INFO] Default role updated: 审计账号
[2026-04-25 00:42:45] [INFO] Default role updated: 普通查看者
[2026-04-25 00:42:45] [INFO] Security settings already exist, skipping initialization
[2026-04-25 00:42:45] [INFO] Data initialization completed
[2026-04-25 00:42:45] [INFO] [ApiKeyCache] 缓存已刷新，共 1 个活跃站点
[2026-04-25 00:42:45] [INFO] [StationKeys] 已加载 1 个站点的明文 Key
[2026-04-25 00:42:45] [INFO] [CenterProbe] 启动主动探测循环，间隔: 1m0s
[2026-04-25 00:44:56] [INFO] Starting Data Registry server...
[2026-04-25 00:44:56] [INFO] Database(sqlite) initialized successfully
[2026-04-25 00:44:56] [INFO] Default role updated: 管理员
[2026-04-25 00:44:56] [INFO] Default role updated: 数据操作员
[2026-04-25 00:44:56] [INFO] Default role updated: 项目管理员
[2026-04-25 00:44:57] [INFO] Default role updated: 审计账号
[2026-04-25 00:44:57] [INFO] Default role updated: 普通查看者
[2026-04-25 00:44:57] [INFO] Security settings already exist, skipping initialization
[2026-04-25 00:44:57] [INFO] Data initialization completed
[2026-04-25 00:44:57] [INFO] [ApiKeyCache] 缓存已刷新，共 1 个活跃站点
[2026-04-25 00:44:57] [INFO] [StationKeys] 已加载 1 个站点的明文 Key
[2026-04-25 00:44:57] [INFO] [CenterProbe] 启动主动探测循环，间隔: 1m0s
[2026-04-25 00:44:57] [INFO] Server listening on :18421
[2026-04-25 00:44:57] [INFO] [CenterProbe] sh-local10 [sh-local10] 在线
[2026-04-25 00:46:00] [INFO] [CenterProbe] sh-local10 [sh-local10] 在线
[2026-04-25 00:47:02] [INFO] [CenterProbe] sh-local10 [sh-local10] 在线
[2026-04-25 00:48:03] [INFO] [CenterProbe] sh-local10 [sh-local10] 在线
[2026-04-25 00:49:06] [INFO] [CenterProbe] sh-local10 [sh-local10] 在线
[2026-04-25 00:50:09] [INFO] [CenterProbe] sh-local10 [sh-local10] 在线
[2026-04-25 01:01:29] [INFO] Starting Data Registry server...
[2026-04-25 01:01:29] [INFO] Database(sqlite) initialized successfully
[2026-04-25 01:01:30] [INFO] Default role updated: 管理员
[2026-04-25 01:01:30] [INFO] Default role updated: 数据操作员
[2026-04-25 01:01:30] [INFO] Default role updated: 项目管理员
[2026-04-25 01:01:30] [INFO] Default role updated: 审计账号
[2026-04-25 01:01:30] [INFO] Default role updated: 普通查看者
[2026-04-25 01:01:30] [INFO] Security settings already exist, skipping initialization
[2026-04-25 01:01:30] [INFO] Data initialization completed
[2026-04-25 01:01:30] [INFO] [ApiKeyCache] 缓存已刷新，共 1 个活跃站点
[2026-04-25 01:01:30] [INFO] [StationKeys] 已加载 1 个站点的明文 Key
[2026-04-25 01:01:30] [INFO] [CenterProbe] 启动主动探测循环，间隔: 1m0s
[2026-04-25 01:01:30] [INFO] Server listening on :18421
[2026-04-25 01:01:30] [INFO] [CenterProbe] sh-local10 [sh-local10] 在线
[2026-04-25 01:02:07] [INFO] Starting Data Registry server...
[2026-04-25 01:02:07] [INFO] Database(sqlite) initialized successfully
[2026-04-25 01:02:08] [INFO] Default role updated: 管理员
[2026-04-25 01:02:08] [INFO] Default role updated: 数据操作员
[2026-04-25 01:02:08] [INFO] Default role updated: 项目管理员
[2026-04-25 01:02:08] [INFO] Default role updated: 审计账号
[2026-04-25 01:02:08] [INFO] Default role updated: 普通查看者
[2026-04-25 01:02:08] [INFO] Security settings already exist, skipping initialization
[2026-04-25 01:02:08] [INFO] Data initialization completed
[2026-04-25 01:02:08] [INFO] [ApiKeyCache] 缓存已刷新，共 1 个活跃站点
[2026-04-25 01:02:08] [INFO] [StationKeys] 已加载 1 个站点的明文 Key
[2026-04-25 01:02:08] [INFO] [CenterProbe] 启动主动探测循环，间隔: 1m0s
[2026-04-25 01:02:08] [INFO] Server listening on :18421
[2026-04-25 01:02:08] [INFO] [CenterProbe] sh-local10 [sh-local10] 在线
[2026-04-25 01:03:12] [INFO] [CenterProbe] sh-local10 [sh-local10] 在线
[2026-04-25 01:04:15] [INFO] [CenterProbe] sh-local10 [sh-local10] 在线
[2026-04-25 01:05:19] [INFO] [CenterProbe] sh-local10 [sh-local10] 在线
[2026-04-25 01:06:22] [INFO] [CenterProbe] sh-local10 [sh-local10] 在线
[2026-04-25 01:07:25] [INFO] [CenterProbe] sh-local10 [sh-local10] 在线
[2026-04-25 01:08:28] [INFO] [CenterProbe] sh-local10 [sh-local10] 在线
[2026-04-25 01:09:30] [INFO] [CenterProbe] sh-local10 [sh-local10] 在线
[2026-04-25 01:10:33] [INFO] [CenterProbe] sh-local10 [sh-local10] 在线
[2026-04-25 01:11:36] [INFO] [CenterProbe] sh-local10 [sh-local10] 在线
[2026-04-25 01:12:39] [INFO] [CenterProbe] sh-local10 [sh-local10] 在线
[2026-04-25 01:21:40] [INFO] Starting Data Registry server...
[2026-04-25 01:21:40] [INFO] Database(sqlite) initialized successfully
[2026-04-25 01:21:40] [INFO] Default role updated: 管理员
[2026-04-25 01:21:40] [INFO] Default role updated: 数据操作员
[2026-04-25 01:21:40] [INFO] Default role updated: 项目管理员
[2026-04-25 01:21:40] [INFO] Default role updated: 审计账号
[2026-04-25 01:21:40] [INFO] Default role updated: 普通查看者
[2026-04-25 01:21:40] [INFO] Security settings already exist, skipping initialization
[2026-04-25 01:21:40] [INFO] Data initialization completed
[2026-04-25 01:21:40] [INFO] [ApiKeyCache] 缓存已刷新，共 1 个活跃站点
[2026-04-25 01:21:40] [INFO] [StationKeys] 已加载 1 个站点的明文 Key
[2026-04-25 01:21:40] [INFO] [CenterProbe] 启动主动探测循环，间隔: 1m0s
[2026-04-25 01:21:40] [INFO] Server listening on :18421
[2026-04-25 01:21:40] [INFO] [CenterProbe] sh-local10 [sh-local10] 在线
[2026-04-25 01:22:44] [INFO] [CenterProbe] sh-local10 [sh-local10] 在线
[2026-04-25 01:23:48] [INFO] [CenterProbe] sh-local10 [sh-local10] 在线
[2026-04-25 01:24:51] [INFO] [CenterProbe] sh-local10 [sh-local10] 在线
[2026-04-25 01:25:53] [INFO] [CenterProbe] sh-local10 [sh-local10] 在线
[2026-04-25 01:26:56] [INFO] [CenterProbe] sh-local10 [sh-local10] 在线
[2026-04-25 01:28:00] [INFO] [CenterProbe] sh-local10 [sh-local10] 在线
[2026-04-25 01:29:04] [INFO] [CenterProbe] sh-local10 [sh-local10] 在线
[2026-04-25 01:30:07] [INFO] [CenterProbe] sh-local10 [sh-local10] 在线
[2026-04-25 01:31:06] [INFO] Starting Data Registry server...
[2026-04-25 01:31:06] [INFO] Database(sqlite) initialized successfully
[2026-04-25 01:31:06] [INFO] Default role updated: 管理员
[2026-04-25 01:31:07] [INFO] Default role updated: 数据操作员
[2026-04-25 01:31:07] [INFO] Default role updated: 项目管理员
[2026-04-25 01:31:07] [INFO] Default role updated: 审计账号
[2026-04-25 01:31:07] [INFO] Default role updated: 普通查看者
[2026-04-25 01:31:07] [INFO] Security settings already exist, skipping initialization
[2026-04-25 01:31:07] [INFO] Data initialization completed
[2026-04-25 01:31:07] [INFO] [ApiKeyCache] 缓存已刷新，共 1 个活跃站点
[2026-04-25 01:31:07] [INFO] [StationKeys] 已加载 1 个站点的明文 Key
[2026-04-25 01:31:07] [INFO] [CenterProbe] 启动主动探测循环，间隔: 1m0s
[2026-04-25 01:31:07] [INFO] Server listening on :18421
[2026-04-25 01:31:07] [INFO] [CenterProbe] sh-local10 [sh-local10] 在线
[2026-04-25 01:32:09] [INFO] [CenterProbe] sh-local10 [sh-local10] 在线
[2026-04-25 01:33:12] [INFO] [CenterProbe] sh-local10 [sh-local10] 在线
[2026-04-25 01:34:16] [INFO] [CenterProbe] sh-local10 [sh-local10] 在线
[2026-04-25 01:35:19] [INFO] [CenterProbe] sh-local10 [sh-local10] 在线
[2026-04-25 01:36:23] [INFO] [CenterProbe] sh-local10 [sh-local10] 在线
[2026-04-25 01:37:27] [INFO] [CenterProbe] sh-local10 [sh-local10] 在线
[2026-04-25 01:38:30] [INFO] [CenterProbe] sh-local10 [sh-local10] 在线
[2026-04-25 01:39:32] [INFO] [CenterProbe] sh-local10 [sh-local10] 在线
[2026-04-25 01:40:36] [INFO] [CenterProbe] sh-local10 [sh-local10] 在线
[2026-04-25 01:41:40] [INFO] [CenterProbe] sh-local10 [sh-local10] 在线
[2026-04-25 01:42:43] [INFO] [CenterProbe] sh-local10 [sh-local10] 在线
[2026-04-25 01:43:47] [INFO] [CenterProbe] sh-local10 [sh-local10] 在线
[2026-04-25 01:44:50] [INFO] [CenterProbe] sh-local10 [sh-local10] 在线
[2026-04-25 01:45:53] [INFO] [CenterProbe] sh-local10 [sh-local10] 在线
[2026-04-25 01:46:53] [INFO] [CenterProbe] sh-local10 [sh-local10] 在线
[2026-04-25 01:47:54] [INFO] [CenterProbe] sh-local10 [sh-local10] 在线
[2026-04-25 01:48:56] [INFO] [CenterProbe] sh-local10 [sh-local10] 在线
[2026-04-25 01:49:59] [INFO] [CenterProbe] sh-local10 [sh-local10] 在线
[2026-04-25 01:51:02] [INFO] [CenterProbe] sh-local10 [sh-local10] 在线
[2026-04-25 01:52:04] [INFO] [CenterProbe] sh-local10 [sh-local10] 在线
[2026-04-25 01:53:07] [INFO] [CenterProbe] sh-local10 [sh-local10] 在线
[2026-04-25 01:54:07] [INFO] [CenterProbe] sh-local10 [sh-local10] 在线
[2026-04-25 01:55:09] [INFO] [CenterProbe] sh-local10 [sh-local10] 在线
[2026-04-25 01:56:11] [INFO] [CenterProbe] sh-local10 [sh-local10] 在线
[2026-04-25 01:57:14] [INFO] [CenterProbe] sh-local10 [sh-local10] 在线
[2026-04-25 01:58:16] [INFO] [CenterProbe] sh-local10 [sh-local10] 在线
[2026-04-25 01:59:19] [INFO] [CenterProbe] sh-local10 [sh-local10] 在线
[2026-04-25 02:00:20] [INFO] [CenterProbe] sh-local10 [sh-local10] 在线
[2026-04-25 02:01:22] [INFO] [CenterProbe] sh-local10 [sh-local10] 在线
[2026-04-25 02:02:25] [INFO] [CenterProbe] sh-local10 [sh-local10] 在线
[2026-04-25 02:03:28] [INFO] [CenterProbe] sh-local10 [sh-local10] 在线
[2026-04-25 02:04:31] [INFO] [CenterProbe] sh-local10 [sh-local10] 在线
[2026-04-25 02:05:34] [INFO] [CenterProbe] sh-local10 [sh-local10] 在线
[2026-04-25 02:06:38] [INFO] [CenterProbe] sh-local10 [sh-local10] 在线
[2026-04-25 02:07:39] [INFO] [CenterProbe] sh-local10 [sh-local10] 在线
[2026-04-25 02:08:42] [INFO] [CenterProbe] sh-local10 [sh-local10] 在线
[2026-04-25 02:09:45] [INFO] [CenterProbe] sh-local10 [sh-local10] 在线
[2026-04-25 02:10:49] [INFO] [CenterProbe] sh-local10 [sh-local10] 在线
[2026-04-25 02:11:52] [INFO] [CenterProbe] sh-local10 [sh-local10] 在线
[2026-04-25 02:12:55] [INFO] [CenterProbe] sh-local10 [sh-local10] 在线
[2026-04-25 02:13:58] [INFO] [CenterProbe] sh-local10 [sh-local10] 在线
[2026-04-25 02:14:59] [INFO] [CenterProbe] sh-local10 [sh-local10] 在线
[2026-04-25 02:16:03] [INFO] [CenterProbe] sh-local10 [sh-local10] 在线
[2026-04-25 02:17:06] [INFO] [CenterProbe] sh-local10 [sh-local10] 在线
[2026-04-25 02:18:09] [INFO] [CenterProbe] sh-local10 [sh-local10] 在线
[2026-04-25 02:19:13] [INFO] [CenterProbe] sh-local10 [sh-local10] 在线
[2026-04-25 02:20:16] [INFO] [CenterProbe] sh-local10 [sh-local10] 在线
[2026-04-25 02:21:21] [INFO] [CenterProbe] sh-local10 [sh-local10] 在线
[2026-04-25 02:22:25] [INFO] [CenterProbe] sh-local10 [sh-local10] 在线
[2026-04-25 02:23:26] [INFO] [CenterProbe] sh-local10 [sh-local10] 在线
[2026-04-25 02:24:30] [INFO] [CenterProbe] sh-local10 [sh-local10] 在线
[2026-04-25 02:25:34] [INFO] [CenterProbe] sh-local10 [sh-local10] 在线
[2026-04-25 02:26:38] [INFO] [CenterProbe] sh-local10 [sh-local10] 在线
[2026-04-25 02:27:41] [INFO] [CenterProbe] sh-local10 [sh-local10] 在线
[2026-04-25 02:28:45] [INFO] [CenterProbe] sh-local10 [sh-local10] 在线
[2026-04-25 02:29:48] [INFO] [CenterProbe] sh-local10 [sh-local10] 在线
[2026-04-25 02:30:50] [INFO] [CenterProbe] sh-local10 [sh-local10] 在线
[2026-04-25 02:31:54] [INFO] [CenterProbe] sh-local10 [sh-local10] 在线
[2026-04-25 02:32:57] [INFO] [CenterProbe] sh-local10 [sh-local10] 在线
[2026-04-25 02:34:01] [INFO] [CenterProbe] sh-local10 [sh-local10] 在线
[2026-04-25 02:35:05] [INFO] [CenterProbe] sh-local10 [sh-local10] 在线
[2026-04-25 02:36:08] [INFO] [CenterProbe] sh-local10 [sh-local10] 在线
[2026-04-25 02:37:12] [INFO] [CenterProbe] sh-local10 [sh-local10] 在线
[2026-04-25 02:38:14] [INFO] [CenterProbe] sh-local10 [sh-local10] 在线
[2026-04-25 02:39:18] [INFO] [CenterProbe] sh-local10 [sh-local10] 在线
[2026-04-25 02:40:22] [INFO] [CenterProbe] sh-local10 [sh-local10] 在线
[2026-04-25 02:41:26] [INFO] [CenterProbe] sh-local10 [sh-local10] 在线
[2026-04-25 02:42:30] [INFO] [CenterProbe] sh-local10 [sh-local10] 在线
[2026-04-25 02:43:35] [INFO] [CenterProbe] sh-local10 [sh-local10] 在线
[2026-04-25 02:44:39] [INFO] [CenterProbe] sh-local10 [sh-local10] 在线
[2026-04-25 02:45:41] [INFO] [CenterProbe] sh-local10 [sh-local10] 在线
[2026-04-25 02:46:44] [INFO] [CenterProbe] sh-local10 [sh-local10] 在线
[2026-04-25 02:47:48] [INFO] [CenterProbe] sh-local10 [sh-local10] 在线
[2026-04-25 02:48:52] [INFO] [CenterProbe] sh-local10 [sh-local10] 在线
[2026-04-25 02:49:56] [INFO] [CenterProbe] sh-local10 [sh-local10] 在线
[2026-04-25 02:51:00] [INFO] [CenterProbe] sh-local10 [sh-local10] 在线
[2026-04-25 02:52:04] [INFO] [CenterProbe] sh-local10 [sh-local10] 在线
[2026-04-25 02:53:06] [INFO] [CenterProbe] sh-local10 [sh-local10] 在线
[2026-04-25 02:54:10] [INFO] [CenterProbe] sh-local10 [sh-local10] 在线
[2026-04-25 02:55:14] [INFO] [CenterProbe] sh-local10 [sh-local10] 在线
[2026-04-25 02:56:18] [INFO] [CenterProbe] sh-local10 [sh-local10] 在线
[2026-04-25 02:57:22] [INFO] [CenterProbe] sh-local10 [sh-local10] 在线
[2026-04-25 02:58:26] [INFO] [CenterProbe] sh-local10 [sh-local10] 在线
[2026-04-25 02:59:30] [INFO] [CenterProbe] sh-local10 [sh-local10] 在线
[2026-04-25 03:00:31] [INFO] [CenterProbe] sh-local10 [sh-local10] 在线
[2026-04-25 03:01:36] [INFO] [CenterProbe] sh-local10 [sh-local10] 在线
[2026-04-25 03:02:40] [INFO] [CenterProbe] sh-local10 [sh-local10] 在线
[2026-04-25 03:03:44] [INFO] [CenterProbe] sh-local10 [sh-local10] 在线
[2026-04-25 03:04:48] [INFO] [CenterProbe] sh-local10 [sh-local10] 在线
[2026-04-25 03:05:52] [INFO] [CenterProbe] sh-local10 [sh-local10] 在线
[2026-04-25 03:06:56] [INFO] [CenterProbe] sh-local10 [sh-local10] 在线
[2026-04-25 03:07:58] [INFO] [CenterProbe] sh-local10 [sh-local10] 在线
[2026-04-25 03:09:02] [INFO] [CenterProbe] sh-local10 [sh-local10] 在线
[2026-04-25 03:10:06] [INFO] [CenterProbe] sh-local10 [sh-local10] 在线
[2026-04-25 03:11:11] [INFO] [CenterProbe] sh-local10 [sh-local10] 在线
[2026-04-25 03:12:14] [INFO] [CenterProbe] sh-local10 [sh-local10] 在线
[2026-04-25 03:13:18] [INFO] [CenterProbe] sh-local10 [sh-local10] 在线
[2026-04-25 03:14:23] [INFO] [CenterProbe] sh-local10 [sh-local10] 在线
[2026-04-25 03:15:27] [INFO] [CenterProbe] sh-local10 [sh-local10] 在线
[2026-04-25 03:16:29] [INFO] [CenterProbe] sh-local10 [sh-local10] 在线
[2026-04-25 03:17:33] [INFO] [CenterProbe] sh-local10 [sh-local10] 在线
[2026-04-25 03:18:37] [INFO] [CenterProbe] sh-local10 [sh-local10] 在线
[2026-04-25 03:19:41] [INFO] [CenterProbe] sh-local10 [sh-local10] 在线
[2026-04-25 03:20:43] [INFO] [CenterProbe] sh-local10 [sh-local10] 在线
[2026-04-25 03:21:46] [INFO] [CenterProbe] sh-local10 [sh-local10] 在线
[2026-04-25 03:22:50] [INFO] [CenterProbe] sh-local10 [sh-local10] 在线
[2026-04-25 03:23:53] [INFO] [CenterProbe] sh-local10 [sh-local10] 在线
[2026-04-25 03:24:57] [INFO] [CenterProbe] sh-local10 [sh-local10] 在线
[2026-04-25 03:26:00] [INFO] [CenterProbe] sh-local10 [sh-local10] 在线
[2026-04-25 03:27:03] [INFO] [CenterProbe] sh-local10 [sh-local10] 在线
[2026-04-25 03:28:05] [INFO] [CenterProbe] sh-local10 [sh-local10] 在线
[2026-04-25 03:29:08] [INFO] [CenterProbe] sh-local10 [sh-local10] 在线
[2026-04-25 03:30:12] [INFO] [CenterProbe] sh-local10 [sh-local10] 在线
[2026-04-25 03:31:15] [INFO] [CenterProbe] sh-local10 [sh-local10] 在线
[2026-04-25 03:32:19] [INFO] [CenterProbe] sh-local10 [sh-local10] 在线
[2026-04-25 03:33:22] [INFO] [CenterProbe] sh-local10 [sh-local10] 在线
[2026-04-25 03:34:25] [INFO] [CenterProbe] sh-local10 [sh-local10] 在线
[2026-04-25 03:35:27] [INFO] [CenterProbe] sh-local10 [sh-local10] 在线
[2026-04-25 03:36:30] [INFO] [CenterProbe] sh-local10 [sh-local10] 在线
[2026-04-25 03:37:33] [INFO] [CenterProbe] sh-local10 [sh-local10] 在线
[2026-04-25 03:38:36] [INFO] [CenterProbe] sh-local10 [sh-local10] 在线
[2026-04-25 03:39:40] [INFO] [CenterProbe] sh-local10 [sh-local10] 在线
[2026-04-25 03:40:43] [INFO] [CenterProbe] sh-local10 [sh-local10] 在线
[2026-04-25 03:41:47] [INFO] [CenterProbe] sh-local10 [sh-local10] 在线
[2026-04-25 03:42:49] [INFO] [CenterProbe] sh-local10 [sh-local10] 在线
[2026-04-25 03:43:53] [INFO] [CenterProbe] sh-local10 [sh-local10] 在线
[2026-04-25 03:44:57] [INFO] [CenterProbe] sh-local10 [sh-local10] 在线
[2026-04-25 03:46:01] [INFO] [CenterProbe] sh-local10 [sh-local10] 在线
[2026-04-25 03:47:05] [INFO] [CenterProbe] sh-local10 [sh-local10] 在线
[2026-04-25 03:48:09] [INFO] [CenterProbe] sh-local10 [sh-local10] 在线
[2026-04-25 03:49:13] [INFO] [CenterProbe] sh-local10 [sh-local10] 在线
[2026-04-25 03:50:15] [INFO] [CenterProbe] sh-local10 [sh-local10] 在线
[2026-04-25 03:51:19] [INFO] [CenterProbe] sh-local10 [sh-local10] 在线
[2026-04-25 03:52:23] [INFO] [CenterProbe] sh-local10 [sh-local10] 在线
[2026-04-25 03:53:27] [INFO] [CenterProbe] sh-local10 [sh-local10] 在线
[2026-04-25 03:54:31] [INFO] [CenterProbe] sh-local10 [sh-local10] 在线
[2026-04-25 03:55:35] [INFO] [CenterProbe] sh-local10 [sh-local10] 在线
[2026-04-25 03:56:39] [INFO] [CenterProbe] sh-local10 [sh-local10] 在线
[2026-04-25 03:57:41] [INFO] [CenterProbe] sh-local10 [sh-local10] 在线
[2026-04-25 03:58:45] [INFO] [CenterProbe] sh-local10 [sh-local10] 在线
[2026-04-25 03:59:50] [INFO] [CenterProbe] sh-local10 [sh-local10] 在线
[2026-04-25 04:00:54] [INFO] [CenterProbe] sh-local10 [sh-local10] 在线
[2026-04-25 04:01:58] [INFO] [CenterProbe] sh-local10 [sh-local10] 在线
[2026-04-25 04:03:02] [INFO] [CenterProbe] sh-local10 [sh-local10] 在线
[2026-04-25 04:04:06] [INFO] [CenterProbe] sh-local10 [sh-local10] 在线
[2026-04-25 04:05:08] [INFO] [CenterProbe] sh-local10 [sh-local10] 在线
[2026-04-25 04:06:12] [INFO] [CenterProbe] sh-local10 [sh-local10] 在线
[2026-04-25 04:07:15] [INFO] [CenterProbe] sh-local10 [sh-local10] 在线
[2026-04-25 04:08:19] [INFO] [CenterProbe] sh-local10 [sh-local10] 在线
[2026-04-25 04:09:23] [INFO] [CenterProbe] sh-local10 [sh-local10] 在线
[2026-04-25 04:10:27] [INFO] [CenterProbe] sh-local10 [sh-local10] 在线
[2026-04-25 04:11:31] [INFO] [CenterProbe] sh-local10 [sh-local10] 在线
[2026-04-25 04:12:33] [INFO] [CenterProbe] sh-local10 [sh-local10] 在线
[2026-04-25 04:13:37] [INFO] [CenterProbe] sh-local10 [sh-local10] 在线
[2026-04-25 04:14:41] [INFO] [CenterProbe] sh-local10 [sh-local10] 在线
[2026-04-25 04:15:45] [INFO] [CenterProbe] sh-local10 [sh-local10] 在线
[2026-04-25 04:16:49] [INFO] [CenterProbe] sh-local10 [sh-local10] 在线
[2026-04-25 04:17:53] [INFO] [CenterProbe] sh-local10 [sh-local10] 在线
[2026-04-25 04:18:58] [INFO] [CenterProbe] sh-local10 [sh-local10] 在线
[2026-04-25 04:20:00] [INFO] [CenterProbe] sh-local10 [sh-local10] 在线
[2026-04-25 04:21:05] [INFO] [CenterProbe] sh-local10 [sh-local10] 在线
[2026-04-25 04:22:09] [INFO] [CenterProbe] sh-local10 [sh-local10] 在线
[2026-04-25 04:23:14] [INFO] [CenterProbe] sh-local10 [sh-local10] 在线
[2026-04-25 04:24:18] [INFO] [CenterProbe] sh-local10 [sh-local10] 在线
[2026-04-25 04:25:23] [INFO] [CenterProbe] sh-local10 [sh-local10] 在线
[2026-04-25 04:26:27] [INFO] [CenterProbe] sh-local10 [sh-local10] 在线
[2026-04-25 04:27:30] [INFO] [CenterProbe] sh-local10 [sh-local10] 在线
[2026-04-25 04:28:34] [INFO] [CenterProbe] sh-local10 [sh-local10] 在线
[2026-04-25 04:29:38] [INFO] [CenterProbe] sh-local10 [sh-local10] 在线
[2026-04-25 04:30:43] [INFO] [CenterProbe] sh-local10 [sh-local10] 在线
[2026-04-25 04:31:47] [INFO] [CenterProbe] sh-local10 [sh-local10] 在线
[2026-04-25 04:32:51] [INFO] [CenterProbe] sh-local10 [sh-local10] 在线
[2026-04-25 04:33:56] [INFO] [CenterProbe] sh-local10 [sh-local10] 在线
[2026-04-25 04:34:58] [INFO] [CenterProbe] sh-local10 [sh-local10] 在线
[2026-04-25 04:36:02] [INFO] [CenterProbe] sh-local10 [sh-local10] 在线
[2026-04-25 04:37:07] [INFO] [CenterProbe] sh-local10 [sh-local10] 在线
[2026-04-25 04:38:12] [INFO] [CenterProbe] sh-local10 [sh-local10] 在线
[2026-04-25 04:39:16] [INFO] [CenterProbe] sh-local10 [sh-local10] 在线
[2026-04-25 04:40:21] [INFO] [CenterProbe] sh-local10 [sh-local10] 在线
[2026-04-25 04:41:25] [INFO] [CenterProbe] sh-local10 [sh-local10] 在线
[2026-04-25 04:42:27] [INFO] [CenterProbe] sh-local10 [sh-local10] 在线
[2026-04-25 04:43:32] [INFO] [CenterProbe] sh-local10 [sh-local10] 在线
[2026-04-25 04:44:37] [INFO] [CenterProbe] sh-local10 [sh-local10] 在线
[2026-04-25 04:45:41] [INFO] [CenterProbe] sh-local10 [sh-local10] 在线
[2026-04-25 04:46:46] [INFO] [CenterProbe] sh-local10 [sh-local10] 在线
[2026-04-25 04:47:50] [INFO] [CenterProbe] sh-local10 [sh-local10] 在线
[2026-04-25 04:48:55] [INFO] [CenterProbe] sh-local10 [sh-local10] 在线
[2026-04-25 04:49:57] [INFO] [CenterProbe] sh-local10 [sh-local10] 在线
[2026-04-25 04:51:01] [INFO] [CenterProbe] sh-local10 [sh-local10] 在线
[2026-04-25 04:52:06] [INFO] [CenterProbe] sh-local10 [sh-local10] 在线
[2026-04-25 04:53:10] [INFO] [CenterProbe] sh-local10 [sh-local10] 在线
[2026-04-25 04:54:15] [INFO] [CenterProbe] sh-local10 [sh-local10] 在线
[2026-04-25 04:55:19] [INFO] [CenterProbe] sh-local10 [sh-local10] 在线
[2026-04-25 04:56:24] [INFO] [CenterProbe] sh-local10 [sh-local10] 在线
[2026-04-25 04:57:29] [INFO] [CenterProbe] sh-local10 [sh-local10] 在线
[2026-04-25 04:58:31] [INFO] [CenterProbe] sh-local10 [sh-local10] 在线
[2026-04-25 04:59:36] [INFO] [CenterProbe] sh-local10 [sh-local10] 在线
[2026-04-25 05:00:40] [INFO] [CenterProbe] sh-local10 [sh-local10] 在线
[2026-04-25 05:01:45] [INFO] [CenterProbe] sh-local10 [sh-local10] 在线
[2026-04-25 05:02:50] [INFO] [CenterProbe] sh-local10 [sh-local10] 在线
[2026-04-25 05:03:54] [INFO] [CenterProbe] sh-local10 [sh-local10] 在线
[2026-04-25 05:04:59] [INFO] [CenterProbe] sh-local10 [sh-local10] 在线
[2026-04-25 05:06:01] [INFO] [CenterProbe] sh-local10 [sh-local10] 在线
[2026-04-25 05:07:06] [INFO] [CenterProbe] sh-local10 [sh-local10] 在线
[2026-04-25 05:08:10] [INFO] [CenterProbe] sh-local10 [sh-local10] 在线
[2026-04-25 05:09:15] [INFO] [CenterProbe] sh-local10 [sh-local10] 在线
[2026-04-25 05:10:19] [INFO] [CenterProbe] sh-local10 [sh-local10] 在线
[2026-04-25 05:11:24] [INFO] [CenterProbe] sh-local10 [sh-local10] 在线
[2026-04-25 05:12:29] [INFO] [CenterProbe] sh-local10 [sh-local10] 在线
[2026-04-25 05:13:31] [INFO] [CenterProbe] sh-local10 [sh-local10] 在线
[2026-04-25 05:14:35] [INFO] [CenterProbe] sh-local10 [sh-local10] 在线
[2026-04-25 05:15:40] [INFO] [CenterProbe] sh-local10 [sh-local10] 在线
[2026-04-25 05:16:45] [INFO] [CenterProbe] sh-local10 [sh-local10] 在线
[2026-04-25 05:17:50] [INFO] [CenterProbe] sh-local10 [sh-local10] 在线
[2026-04-25 05:18:55] [INFO] [CenterProbe] sh-local10 [sh-local10] 在线
[2026-04-25 05:20:00] [INFO] [CenterProbe] sh-local10 [sh-local10] 在线
[2026-04-25 05:21:02] [INFO] [CenterProbe] sh-local10 [sh-local10] 在线
[2026-04-25 05:22:07] [INFO] [CenterProbe] sh-local10 [sh-local10] 在线
[2026-04-25 05:23:11] [INFO] [CenterProbe] sh-local10 [sh-local10] 在线
[2026-04-25 05:24:15] [INFO] [CenterProbe] sh-local10 [sh-local10] 在线
[2026-04-25 05:25:19] [INFO] [CenterProbe] sh-local10 [sh-local10] 在线
[2026-04-25 05:26:24] [INFO] [CenterProbe] sh-local10 [sh-local10] 在线
[2026-04-25 05:27:28] [INFO] [CenterProbe] sh-local10 [sh-local10] 在线
[2026-04-25 05:28:31] [INFO] [CenterProbe] sh-local10 [sh-local10] 在线
[2026-04-25 05:29:35] [INFO] [CenterProbe] sh-local10 [sh-local10] 在线
[2026-04-25 05:30:40] [INFO] [CenterProbe] sh-local10 [sh-local10] 在线
[2026-04-25 05:31:45] [INFO] [CenterProbe] sh-local10 [sh-local10] 在线
[2026-04-25 05:32:50] [INFO] [CenterProbe] sh-local10 [sh-local10] 在线
[2026-04-25 05:33:54] [INFO] [CenterProbe] sh-local10 [sh-local10] 在线
[2026-04-25 05:34:59] [INFO] [CenterProbe] sh-local10 [sh-local10] 在线
[2026-04-25 05:36:00] [INFO] [CenterProbe] sh-local10 [sh-local10] 在线
[2026-04-25 05:37:06] [INFO] [CenterProbe] sh-local10 [sh-local10] 在线
[2026-04-25 05:38:11] [INFO] [CenterProbe] sh-local10 [sh-local10] 在线
[2026-04-25 05:39:16] [INFO] [CenterProbe] sh-local10 [sh-local10] 在线
[2026-04-25 05:40:20] [INFO] [CenterProbe] sh-local10 [sh-local10] 在线
[2026-04-25 05:41:25] [INFO] [CenterProbe] sh-local10 [sh-local10] 在线
[2026-04-25 05:42:30] [INFO] [CenterProbe] sh-local10 [sh-local10] 在线
[2026-04-25 05:43:33] [INFO] [CenterProbe] sh-local10 [sh-local10] 在线
[2026-04-25 05:44:38] [INFO] [CenterProbe] sh-local10 [sh-local10] 在线
[2026-04-25 05:45:42] [INFO] [CenterProbe] sh-local10 [sh-local10] 在线
[2026-04-25 05:46:47] [INFO] [CenterProbe] sh-local10 [sh-local10] 在线
[2026-04-25 05:47:52] [INFO] [CenterProbe] sh-local10 [sh-local10] 在线
[2026-04-25 05:48:57] [INFO] [CenterProbe] sh-local10 [sh-local10] 在线
[2026-04-25 05:50:02] [INFO] [CenterProbe] sh-local10 [sh-local10] 在线
[2026-04-25 05:51:04] [INFO] [CenterProbe] sh-local10 [sh-local10] 在线
[2026-04-25 05:52:09] [INFO] [CenterProbe] sh-local10 [sh-local10] 在线
[2026-04-25 05:53:14] [INFO] [CenterProbe] sh-local10 [sh-local10] 在线
[2026-04-25 05:54:19] [INFO] [CenterProbe] sh-local10 [sh-local10] 在线
[2026-04-25 05:55:24] [INFO] [CenterProbe] sh-local10 [sh-local10] 在线
[2026-04-25 05:56:29] [INFO] [CenterProbe] sh-local10 [sh-local10] 在线
[2026-04-25 05:57:33] [INFO] [CenterProbe] sh-local10 [sh-local10] 在线
[2026-04-25 05:58:39] [INFO] [CenterProbe] sh-local10 [sh-local10] 在线
[2026-04-25 05:59:44] [INFO] [CenterProbe] sh-local10 [sh-local10] 在线
[2026-04-25 06:00:49] [INFO] [CenterProbe] sh-local10 [sh-local10] 在线
[2026-04-25 06:01:52] [INFO] [CenterProbe] sh-local10 [sh-local10] 在线
[2026-04-25 06:02:57] [INFO] [CenterProbe] sh-local10 [sh-local10] 在线
[2026-04-25 06:04:02] [INFO] [CenterProbe] sh-local10 [sh-local10] 在线
[2026-04-25 06:05:08] [INFO] [CenterProbe] sh-local10 [sh-local10] 在线
[2026-04-25 06:06:13] [INFO] [CenterProbe] sh-local10 [sh-local10] 在线
[2026-04-25 06:07:18] [INFO] [CenterProbe] sh-local10 [sh-local10] 在线
[2026-04-25 06:08:23] [INFO] [CenterProbe] sh-local10 [sh-local10] 在线
[2026-04-25 06:09:29] [INFO] [CenterProbe] sh-local10 [sh-local10] 在线
[2026-04-25 06:10:31] [INFO] [CenterProbe] sh-local10 [sh-local10] 在线
[2026-04-25 06:11:36] [INFO] [CenterProbe] sh-local10 [sh-local10] 在线
[2026-04-25 06:12:41] [INFO] [CenterProbe] sh-local10 [sh-local10] 在线
[2026-04-25 06:13:46] [INFO] [CenterProbe] sh-local10 [sh-local10] 在线
[2026-04-25 06:14:51] [INFO] [CenterProbe] sh-local10 [sh-local10] 在线
[2026-04-25 06:15:56] [INFO] [CenterProbe] sh-local10 [sh-local10] 在线
[2026-04-25 06:17:01] [INFO] [CenterProbe] sh-local10 [sh-local10] 在线
[2026-04-25 06:18:04] [INFO] [CenterProbe] sh-local10 [sh-local10] 在线
[2026-04-25 06:19:09] [INFO] [CenterProbe] sh-local10 [sh-local10] 在线
[2026-04-25 06:20:14] [INFO] [CenterProbe] sh-local10 [sh-local10] 在线
[2026-04-25 06:21:19] [INFO] [CenterProbe] sh-local10 [sh-local10] 在线
[2026-04-25 06:22:24] [INFO] [CenterProbe] sh-local10 [sh-local10] 在线
[2026-04-25 06:23:29] [INFO] [CenterProbe] sh-local10 [sh-local10] 在线
[2026-04-25 06:24:34] [INFO] [CenterProbe] sh-local10 [sh-local10] 在线
[2026-04-25 06:25:36] [INFO] [CenterProbe] sh-local10 [sh-local10] 在线
[2026-04-25 06:26:42] [INFO] [CenterProbe] sh-local10 [sh-local10] 在线
[2026-04-25 06:27:47] [INFO] [CenterProbe] sh-local10 [sh-local10] 在线
[2026-04-25 06:28:52] [INFO] [CenterProbe] sh-local10 [sh-local10] 在线
[2026-04-25 06:29:58] [INFO] [CenterProbe] sh-local10 [sh-local10] 在线
[2026-04-25 06:31:03] [INFO] [CenterProbe] sh-local10 [sh-local10] 在线
[2026-04-25 06:32:08] [INFO] [CenterProbe] sh-local10 [sh-local10] 在线
[2026-04-25 06:33:11] [INFO] [CenterProbe] sh-local10 [sh-local10] 在线
[2026-04-25 06:34:16] [INFO] [CenterProbe] sh-local10 [sh-local10] 在线
[2026-04-25 06:35:22] [INFO] [CenterProbe] sh-local10 [sh-local10] 在线
[2026-04-25 06:36:28] [INFO] [CenterProbe] sh-local10 [sh-local10] 在线
[2026-04-25 06:37:33] [INFO] [CenterProbe] sh-local10 [sh-local10] 在线
[2026-04-25 06:38:39] [INFO] [CenterProbe] sh-local10 [sh-local10] 在线
[2026-04-25 06:39:45] [INFO] [CenterProbe] sh-local10 [sh-local10] 在线
[2026-04-25 06:40:48] [INFO] [CenterProbe] sh-local10 [sh-local10] 在线
[2026-04-25 06:41:53] [INFO] [CenterProbe] sh-local10 [sh-local10] 在线
[2026-04-25 06:42:58] [INFO] [CenterProbe] sh-local10 [sh-local10] 在线
[2026-04-25 06:44:04] [INFO] [CenterProbe] sh-local10 [sh-local10] 在线
[2026-04-25 06:45:10] [INFO] [CenterProbe] sh-local10 [sh-local10] 在线
[2026-04-25 06:46:15] [INFO] [CenterProbe] sh-local10 [sh-local10] 在线
[2026-04-25 06:47:21] [INFO] [CenterProbe] sh-local10 [sh-local10] 在线
[2026-04-25 06:48:24] [INFO] [CenterProbe] sh-local10 [sh-local10] 在线
[2026-04-25 06:49:29] [INFO] [CenterProbe] sh-local10 [sh-local10] 在线
[2026-04-25 06:50:35] [INFO] [CenterProbe] sh-local10 [sh-local10] 在线
[2026-04-25 06:51:40] [INFO] [CenterProbe] sh-local10 [sh-local10] 在线
[2026-04-25 06:52:45] [INFO] [CenterProbe] sh-local10 [sh-local10] 在线
[2026-04-25 06:53:50] [INFO] [CenterProbe] sh-local10 [sh-local10] 在线
[2026-04-25 06:54:55] [INFO] [CenterProbe] sh-local10 [sh-local10] 在线
[2026-04-25 06:55:57] [INFO] [CenterProbe] sh-local10 [sh-local10] 在线
[2026-04-25 06:57:02] [INFO] [CenterProbe] sh-local10 [sh-local10] 在线
[2026-04-25 06:58:07] [INFO] [CenterProbe] sh-local10 [sh-local10] 在线
[2026-04-25 06:59:12] [INFO] [CenterProbe] sh-local10 [sh-local10] 在线
[2026-04-25 07:00:17] [INFO] [CenterProbe] sh-local10 [sh-local10] 在线
[2026-04-25 07:01:22] [INFO] [CenterProbe] sh-local10 [sh-local10] 在线
[2026-04-25 07:02:27] [INFO] [CenterProbe] sh-local10 [sh-local10] 在线
[2026-04-25 07:03:30] [INFO] [CenterProbe] sh-local10 [sh-local10] 在线
[2026-04-25 07:04:35] [INFO] [CenterProbe] sh-local10 [sh-local10] 在线
[2026-04-25 07:05:40] [INFO] [CenterProbe] sh-local10 [sh-local10] 在线
[2026-04-25 07:06:46] [INFO] [CenterProbe] sh-local10 [sh-local10] 在线
[2026-04-25 07:07:52] [INFO] [CenterProbe] sh-local10 [sh-local10] 在线
[2026-04-25 07:08:58] [INFO] [CenterProbe] sh-local10 [sh-local10] 在线
[2026-04-25 07:10:04] [INFO] [CenterProbe] sh-local10 [sh-local10] 在线
[2026-04-25 07:11:06] [INFO] [CenterProbe] sh-local10 [sh-local10] 在线
[2026-04-25 07:12:12] [INFO] [CenterProbe] sh-local10 [sh-local10] 在线
[2026-04-25 07:13:18] [INFO] [CenterProbe] sh-local10 [sh-local10] 在线
[2026-04-25 07:14:24] [INFO] [CenterProbe] sh-local10 [sh-local10] 在线
[2026-04-25 07:15:29] [INFO] [CenterProbe] sh-local10 [sh-local10] 在线
[2026-04-25 07:16:35] [INFO] [CenterProbe] sh-local10 [sh-local10] 在线
[2026-04-25 07:17:41] [INFO] [CenterProbe] sh-local10 [sh-local10] 在线
[2026-04-25 07:18:43] [INFO] [CenterProbe] sh-local10 [sh-local10] 在线
[2026-04-25 07:19:48] [INFO] [CenterProbe] sh-local10 [sh-local10] 在线
[2026-04-25 07:20:54] [INFO] [CenterProbe] sh-local10 [sh-local10] 在线
[2026-04-25 07:21:59] [INFO] [CenterProbe] sh-local10 [sh-local10] 在线
[2026-04-25 07:23:05] [INFO] [CenterProbe] sh-local10 [sh-local10] 在线
[2026-04-25 07:24:10] [INFO] [CenterProbe] sh-local10 [sh-local10] 在线
[2026-04-25 07:25:15] [INFO] [CenterProbe] sh-local10 [sh-local10] 在线
[2026-04-25 07:26:17] [INFO] [CenterProbe] sh-local10 [sh-local10] 在线
[2026-04-25 07:27:23] [INFO] [CenterProbe] sh-local10 [sh-local10] 在线
[2026-04-25 07:28:28] [INFO] [CenterProbe] sh-local10 [sh-local10] 在线
[2026-04-25 07:29:33] [INFO] [CenterProbe] sh-local10 [sh-local10] 在线
[2026-04-25 07:30:39] [INFO] [CenterProbe] sh-local10 [sh-local10] 在线
[2026-04-25 07:31:44] [INFO] [CenterProbe] sh-local10 [sh-local10] 在线
[2026-04-25 07:32:49] [INFO] [CenterProbe] sh-local10 [sh-local10] 在线
[2026-04-25 07:33:52] [INFO] [CenterProbe] sh-local10 [sh-local10] 在线
[2026-04-25 07:34:57] [INFO] [CenterProbe] sh-local10 [sh-local10] 在线
[2026-04-25 07:36:03] [INFO] [CenterProbe] sh-local10 [sh-local10] 在线
[2026-04-25 07:37:08] [INFO] [CenterProbe] sh-local10 [sh-local10] 在线
[2026-04-25 07:38:14] [INFO] [CenterProbe] sh-local10 [sh-local10] 在线
[2026-04-25 07:39:19] [INFO] [CenterProbe] sh-local10 [sh-local10] 在线
[2026-04-25 07:40:25] [INFO] [CenterProbe] sh-local10 [sh-local10] 在线
[2026-04-25 07:41:27] [INFO] [CenterProbe] sh-local10 [sh-local10] 在线
[2026-04-25 07:42:33] [INFO] [CenterProbe] sh-local10 [sh-local10] 在线
[2026-04-25 07:43:38] [INFO] [CenterProbe] sh-local10 [sh-local10] 在线
[2026-04-25 07:44:44] [INFO] [CenterProbe] sh-local10 [sh-local10] 在线
[2026-04-25 07:45:49] [INFO] [CenterProbe] sh-local10 [sh-local10] 在线
[2026-04-25 07:46:54] [INFO] [CenterProbe] sh-local10 [sh-local10] 在线
[2026-04-25 07:48:00] [INFO] [CenterProbe] sh-local10 [sh-local10] 在线
[2026-04-25 07:49:03] [INFO] [CenterProbe] sh-local10 [sh-local10] 在线
[2026-04-25 07:50:08] [INFO] [CenterProbe] sh-local10 [sh-local10] 在线
[2026-04-25 07:51:14] [INFO] [CenterProbe] sh-local10 [sh-local10] 在线
[2026-04-25 07:52:20] [INFO] [CenterProbe] sh-local10 [sh-local10] 在线
[2026-04-25 07:53:25] [INFO] [CenterProbe] sh-local10 [sh-local10] 在线
[2026-04-25 07:54:31] [INFO] [CenterProbe] sh-local10 [sh-local10] 在线
[2026-04-25 07:55:36] [INFO] [CenterProbe] sh-local10 [sh-local10] 在线
[2026-04-25 07:56:42] [INFO] [CenterProbe] sh-local10 [sh-local10] 在线
[2026-04-25 07:57:45] [INFO] [CenterProbe] sh-local10 [sh-local10] 在线
[2026-04-25 07:58:50] [INFO] [CenterProbe] sh-local10 [sh-local10] 在线
[2026-04-25 07:59:56] [INFO] [CenterProbe] sh-local10 [sh-local10] 在线
[2026-04-25 08:01:02] [INFO] [CenterProbe] sh-local10 [sh-local10] 在线
[2026-04-25 08:02:07] [INFO] [CenterProbe] sh-local10 [sh-local10] 在线
[2026-04-25 08:03:12] [INFO] [CenterProbe] sh-local10 [sh-local10] 在线
[2026-04-25 08:04:18] [INFO] [CenterProbe] sh-local10 [sh-local10] 在线
[2026-04-25 08:05:21] [INFO] [CenterProbe] sh-local10 [sh-local10] 在线
[2026-04-25 08:06:26] [INFO] [CenterProbe] sh-local10 [sh-local10] 在线
[2026-04-25 08:07:32] [INFO] [CenterProbe] sh-local10 [sh-local10] 在线
[2026-04-25 08:08:37] [INFO] [CenterProbe] sh-local10 [sh-local10] 在线
[2026-04-25 08:09:43] [INFO] [CenterProbe] sh-local10 [sh-local10] 在线
[2026-04-25 08:10:49] [INFO] [CenterProbe] sh-local10 [sh-local10] 在线
[2026-04-25 08:11:54] [INFO] [CenterProbe] sh-local10 [sh-local10] 在线
[2026-04-25 08:12:57] [INFO] [CenterProbe] sh-local10 [sh-local10] 在线
[2026-04-25 08:14:03] [INFO] [CenterProbe] sh-local10 [sh-local10] 在线
[2026-04-25 08:15:08] [INFO] [CenterProbe] sh-local10 [sh-local10] 在线
[2026-04-25 08:16:14] [INFO] [CenterProbe] sh-local10 [sh-local10] 在线
[2026-04-25 08:17:20] [INFO] [CenterProbe] sh-local10 [sh-local10] 在线
[2026-04-25 08:18:25] [INFO] [CenterProbe] sh-local10 [sh-local10] 在线
[2026-04-25 08:19:30] [INFO] [CenterProbe] sh-local10 [sh-local10] 在线
[2026-04-25 08:20:34] [INFO] [CenterProbe] sh-local10 [sh-local10] 在线
[2026-04-25 08:21:39] [INFO] [CenterProbe] sh-local10 [sh-local10] 在线
[2026-04-25 08:22:45] [INFO] [CenterProbe] sh-local10 [sh-local10] 在线
[2026-04-25 08:23:51] [INFO] [CenterProbe] sh-local10 [sh-local10] 在线
[2026-04-25 08:24:57] [INFO] [CenterProbe] sh-local10 [sh-local10] 在线
[2026-04-25 08:26:03] [INFO] [CenterProbe] sh-local10 [sh-local10] 在线
[2026-04-25 08:27:09] [INFO] [CenterProbe] sh-local10 [sh-local10] 在线
[2026-04-25 08:28:11] [INFO] [CenterProbe] sh-local10 [sh-local10] 在线
[2026-04-25 08:29:17] [INFO] [CenterProbe] sh-local10 [sh-local10] 在线
[2026-04-25 08:30:23] [INFO] [CenterProbe] sh-local10 [sh-local10] 在线
[2026-04-25 08:31:29] [INFO] [CenterProbe] sh-local10 [sh-local10] 在线
[2026-04-25 08:32:35] [INFO] [CenterProbe] sh-local10 [sh-local10] 在线
[2026-04-25 08:33:40] [INFO] [CenterProbe] sh-local10 [sh-local10] 在线
[2026-04-25 08:34:46] [INFO] [CenterProbe] sh-local10 [sh-local10] 在线
[2026-04-25 08:35:49] [INFO] [CenterProbe] sh-local10 [sh-local10] 在线
[2026-04-25 08:36:54] [INFO] [CenterProbe] sh-local10 [sh-local10] 在线
[2026-04-25 08:38:00] [INFO] [CenterProbe] sh-local10 [sh-local10] 在线
[2026-04-25 08:39:06] [INFO] [CenterProbe] sh-local10 [sh-local10] 在线
[2026-04-25 08:40:12] [INFO] [CenterProbe] sh-local10 [sh-local10] 在线
[2026-04-25 08:41:17] [INFO] [CenterProbe] sh-local10 [sh-local10] 在线
[2026-04-25 08:42:23] [INFO] [CenterProbe] sh-local10 [sh-local10] 在线
[2026-04-25 08:43:26] [INFO] [CenterProbe] sh-local10 [sh-local10] 在线
[2026-04-25 08:44:32] [INFO] [CenterProbe] sh-local10 [sh-local10] 在线
[2026-04-25 08:45:38] [INFO] [CenterProbe] sh-local10 [sh-local10] 在线
[2026-04-25 08:46:43] [INFO] [CenterProbe] sh-local10 [sh-local10] 在线
[2026-04-25 08:47:49] [INFO] [CenterProbe] sh-local10 [sh-local10] 在线
[2026-04-25 08:48:55] [INFO] [CenterProbe] sh-local10 [sh-local10] 在线
[2026-04-25 08:50:01] [INFO] [CenterProbe] sh-local10 [sh-local10] 在线
[2026-04-25 08:51:04] [INFO] [CenterProbe] sh-local10 [sh-local10] 在线
[2026-04-25 08:52:10] [INFO] [CenterProbe] sh-local10 [sh-local10] 在线
[2026-04-25 08:53:16] [INFO] [CenterProbe] sh-local10 [sh-local10] 在线
[2026-04-25 08:54:21] [INFO] [CenterProbe] sh-local10 [sh-local10] 在线
[2026-04-25 08:55:27] [INFO] [CenterProbe] sh-local10 [sh-local10] 在线
[2026-04-25 08:56:33] [INFO] [CenterProbe] sh-local10 [sh-local10] 在线
[2026-04-25 08:57:39] [INFO] [CenterProbe] sh-local10 [sh-local10] 在线
[2026-04-25 08:58:42] [INFO] [CenterProbe] sh-local10 [sh-local10] 在线
[2026-04-25 08:59:48] [INFO] [CenterProbe] sh-local10 [sh-local10] 在线
[2026-04-25 09:00:54] [INFO] [CenterProbe] sh-local10 [sh-local10] 在线
[2026-04-25 09:02:01] [INFO] [CenterProbe] sh-local10 [sh-local10] 在线
[2026-04-25 09:03:03] [INFO] [CenterProbe] sh-local10 [sh-local10] 在线
[2026-04-25 09:04:09] [INFO] [CenterProbe] sh-local10 [sh-local10] 在线
[2026-04-25 09:05:15] [INFO] [CenterProbe] sh-local10 [sh-local10] 在线
[2026-04-25 09:06:21] [INFO] [CenterProbe] sh-local10 [sh-local10] 在线
[2026-04-25 09:07:27] [INFO] [CenterProbe] sh-local10 [sh-local10] 在线
[2026-04-25 09:08:33] [INFO] [CenterProbe] sh-local10 [sh-local10] 在线
[2026-04-25 09:09:39] [INFO] [CenterProbe] sh-local10 [sh-local10] 在线
[2026-04-25 09:10:42] [INFO] [CenterProbe] sh-local10 [sh-local10] 在线
[2026-04-25 09:11:47] [INFO] [CenterProbe] sh-local10 [sh-local10] 在线
[2026-04-25 09:12:53] [INFO] [CenterProbe] sh-local10 [sh-local10] 在线
[2026-04-25 09:13:59] [INFO] [CenterProbe] sh-local10 [sh-local10] 在线
[2026-04-25 09:15:05] [INFO] [CenterProbe] sh-local10 [sh-local10] 在线
[2026-04-25 09:16:11] [INFO] [CenterProbe] sh-local10 [sh-local10] 在线
[2026-04-25 09:17:17] [INFO] [CenterProbe] sh-local10 [sh-local10] 在线
[2026-04-25 09:18:20] [INFO] [CenterProbe] sh-local10 [sh-local10] 在线
[2026-04-25 09:19:26] [INFO] [CenterProbe] sh-local10 [sh-local10] 在线
[2026-04-25 09:20:32] [INFO] [CenterProbe] sh-local10 [sh-local10] 在线
[2026-04-25 09:21:38] [INFO] [CenterProbe] sh-local10 [sh-local10] 在线
[2026-04-25 09:22:44] [INFO] [CenterProbe] sh-local10 [sh-local10] 在线
[2026-04-25 09:23:50] [INFO] [CenterProbe] sh-local10 [sh-local10] 在线
[2026-04-25 09:24:55] [INFO] [CenterProbe] sh-local10 [sh-local10] 在线
[2026-04-25 09:25:58] [INFO] [CenterProbe] sh-local10 [sh-local10] 在线
[2026-04-25 09:27:04] [INFO] [CenterProbe] sh-local10 [sh-local10] 在线
[2026-04-25 09:28:10] [INFO] [CenterProbe] sh-local10 [sh-local10] 在线
[2026-04-25 09:29:16] [INFO] [CenterProbe] sh-local10 [sh-local10] 在线
[2026-04-25 09:30:22] [INFO] [CenterProbe] sh-local10 [sh-local10] 在线
[2026-04-25 09:31:28] [INFO] [CenterProbe] sh-local10 [sh-local10] 在线
[2026-04-25 09:32:33] [INFO] [CenterProbe] sh-local10 [sh-local10] 在线
[2026-04-25 09:33:37] [INFO] [CenterProbe] sh-local10 [sh-local10] 在线
[2026-04-25 09:34:43] [INFO] [CenterProbe] sh-local10 [sh-local10] 在线
[2026-04-25 09:35:49] [INFO] [CenterProbe] sh-local10 [sh-local10] 在线
[2026-04-25 09:36:55] [INFO] [CenterProbe] sh-local10 [sh-local10] 在线
[2026-04-25 09:38:01] [INFO] [CenterProbe] sh-local10 [sh-local10] 在线
[2026-04-25 09:39:07] [INFO] [CenterProbe] sh-local10 [sh-local10] 在线
[2026-04-25 09:40:13] [INFO] [CenterProbe] sh-local10 [sh-local10] 在线
[2026-04-25 09:41:16] [INFO] [CenterProbe] sh-local10 [sh-local10] 在线
[2026-04-25 09:42:22] [INFO] [CenterProbe] sh-local10 [sh-local10] 在线
[2026-04-25 09:43:28] [INFO] [CenterProbe] sh-local10 [sh-local10] 在线
[2026-04-25 09:44:34] [INFO] [CenterProbe] sh-local10 [sh-local10] 在线
[2026-04-25 09:45:40] [INFO] [CenterProbe] sh-local10 [sh-local10] 在线
[2026-04-25 09:46:46] [INFO] [CenterProbe] sh-local10 [sh-local10] 在线
[2026-04-25 09:47:52] [INFO] [CenterProbe] sh-local10 [sh-local10] 在线
[2026-04-25 09:48:55] [INFO] [CenterProbe] sh-local10 [sh-local10] 在线
[2026-04-25 09:50:01] [INFO] [CenterProbe] sh-local10 [sh-local10] 在线
[2026-04-25 09:51:07] [INFO] [CenterProbe] sh-local10 [sh-local10] 在线
[2026-04-25 09:52:13] [INFO] [CenterProbe] sh-local10 [sh-local10] 在线
[2026-04-25 09:53:19] [INFO] [CenterProbe] sh-local10 [sh-local10] 在线
[2026-04-25 09:54:25] [INFO] [CenterProbe] sh-local10 [sh-local10] 在线
[2026-04-25 09:55:31] [INFO] [CenterProbe] sh-local10 [sh-local10] 在线
[2026-04-25 09:56:34] [INFO] [CenterProbe] sh-local10 [sh-local10] 在线
[2026-04-25 09:57:40] [INFO] [CenterProbe] sh-local10 [sh-local10] 在线
[2026-04-25 09:58:47] [INFO] [CenterProbe] sh-local10 [sh-local10] 在线
[2026-04-25 09:59:53] [INFO] [CenterProbe] sh-local10 [sh-local10] 在线
[2026-04-25 10:00:59] [INFO] [CenterProbe] sh-local10 [sh-local10] 在线
[2026-04-25 10:02:05] [INFO] [CenterProbe] sh-local10 [sh-local10] 在线
[2026-04-25 10:03:10] [INFO] [CenterProbe] sh-local10 [sh-local10] 在线
[2026-04-25 10:04:14] [INFO] [CenterProbe] sh-local10 [sh-local10] 在线
[2026-04-25 10:05:20] [INFO] [CenterProbe] sh-local10 [sh-local10] 在线
[2026-04-25 10:06:26] [INFO] [CenterProbe] sh-local10 [sh-local10] 在线
[2026-04-25 10:07:32] [INFO] [CenterProbe] sh-local10 [sh-local10] 在线
[2026-04-25 10:08:38] [INFO] [CenterProbe] sh-local10 [sh-local10] 在线
[2026-04-25 10:09:44] [INFO] [CenterProbe] sh-local10 [sh-local10] 在线
[2026-04-25 10:10:50] [INFO] [CenterProbe] sh-local10 [sh-local10] 在线
[2026-04-25 10:11:53] [INFO] [CenterProbe] sh-local10 [sh-local10] 在线
[2026-04-25 10:13:00] [INFO] [CenterProbe] sh-local10 [sh-local10] 在线
[2026-04-25 10:14:06] [INFO] [CenterProbe] sh-local10 [sh-local10] 在线
[2026-04-25 10:15:12] [INFO] [CenterProbe] sh-local10 [sh-local10] 在线
[2026-04-25 10:16:18] [INFO] [CenterProbe] sh-local10 [sh-local10] 在线
[2026-04-25 10:17:24] [INFO] [CenterProbe] sh-local10 [sh-local10] 在线
[2026-04-25 10:18:31] [INFO] [CenterProbe] sh-local10 [sh-local10] 在线
[2026-04-25 10:19:37] [INFO] [CenterProbe] sh-local10 [sh-local10] 在线
[2026-04-25 10:20:40] [INFO] [CenterProbe] sh-local10 [sh-local10] 在线
[2026-04-25 10:21:46] [INFO] [CenterProbe] sh-local10 [sh-local10] 在线
[2026-04-25 10:22:52] [INFO] [CenterProbe] sh-local10 [sh-local10] 在线
[2026-04-25 10:23:58] [INFO] [CenterProbe] sh-local10 [sh-local10] 在线
[2026-04-25 10:25:04] [INFO] [CenterProbe] sh-local10 [sh-local10] 在线
[2026-04-25 10:26:10] [INFO] [CenterProbe] sh-local10 [sh-local10] 在线
[2026-04-25 10:27:16] [INFO] [CenterProbe] sh-local10 [sh-local10] 在线
[2026-04-25 10:28:19] [INFO] [CenterProbe] sh-local10 [sh-local10] 在线
[2026-04-25 10:29:25] [INFO] [CenterProbe] sh-local10 [sh-local10] 在线
[2026-04-25 10:30:32] [INFO] [CenterProbe] sh-local10 [sh-local10] 在线
[2026-04-25 10:31:39] [INFO] [CenterProbe] sh-local10 [sh-local10] 在线
[2026-04-25 10:32:46] [INFO] [CenterProbe] sh-local10 [sh-local10] 在线
[2026-04-25 10:33:53] [INFO] [CenterProbe] sh-local10 [sh-local10] 在线
[2026-04-25 10:35:00] [INFO] [CenterProbe] sh-local10 [sh-local10] 在线
[2026-04-25 10:36:04] [INFO] [CenterProbe] sh-local10 [sh-local10] 在线
[2026-04-25 10:37:11] [INFO] [CenterProbe] sh-local10 [sh-local10] 在线
[2026-04-25 10:38:17] [INFO] [CenterProbe] sh-local10 [sh-local10] 在线
[2026-04-25 10:39:21] [INFO] [CenterProbe] sh-local10 [sh-local10] 在线
[2026-04-25 10:40:23] [INFO] [CenterProbe] sh-local10 [sh-local10] 在线
[2026-04-25 10:41:25] [INFO] [CenterProbe] sh-local10 [sh-local10] 在线
[2026-04-25 10:42:28] [INFO] [CenterProbe] sh-local10 [sh-local10] 在线
[2026-04-25 10:43:33] [INFO] [CenterProbe] sh-local10 [sh-local10] 在线
[2026-04-25 10:44:37] [INFO] [CenterProbe] sh-local10 [sh-local10] 在线
[2026-04-25 10:45:42] [INFO] [CenterProbe] sh-local10 [sh-local10] 在线
[2026-04-25 10:46:44] [INFO] [CenterProbe] sh-local10 [sh-local10] 在线
[2026-04-25 10:47:49] [INFO] [CenterProbe] sh-local10 [sh-local10] 在线
[2026-04-25 10:48:52] [INFO] [CenterProbe] sh-local10 [sh-local10] 在线
[2026-04-25 10:49:56] [INFO] [CenterProbe] sh-local10 [sh-local10] 在线
[2026-04-25 10:51:00] [INFO] [CenterProbe] sh-local10 [sh-local10] 在线
[2026-04-25 10:52:04] [INFO] [CenterProbe] sh-local10 [sh-local10] 在线
[2026-04-25 10:53:09] [INFO] [CenterProbe] sh-local10 [sh-local10] 在线
[2026-04-25 10:54:11] [INFO] [CenterProbe] sh-local10 [sh-local10] 在线
[2026-04-25 10:55:15] [INFO] [CenterProbe] sh-local10 [sh-local10] 在线
[2026-04-25 10:56:20] [INFO] [CenterProbe] sh-local10 [sh-local10] 在线
[2026-04-25 10:57:25] [INFO] [CenterProbe] sh-local10 [sh-local10] 在线
[2026-04-25 10:58:30] [INFO] [CenterProbe] sh-local10 [sh-local10] 在线
[2026-04-25 10:59:34] [INFO] [CenterProbe] sh-local10 [sh-local10] 在线
[2026-04-25 11:00:39] [INFO] [CenterProbe] sh-local10 [sh-local10] 在线
[2026-04-25 11:01:41] [INFO] [CenterProbe] sh-local10 [sh-local10] 在线
[2026-04-25 11:02:46] [INFO] [CenterProbe] sh-local10 [sh-local10] 在线
[2026-04-25 11:03:51] [INFO] [CenterProbe] sh-local10 [sh-local10] 在线
[2026-04-25 11:04:55] [INFO] [CenterProbe] sh-local10 [sh-local10] 在线
[2026-04-25 11:05:59] [INFO] [CenterProbe] sh-local10 [sh-local10] 在线
[2026-04-25 11:07:03] [INFO] [CenterProbe] sh-local10 [sh-local10] 在线
[2026-04-25 11:08:07] [INFO] [CenterProbe] sh-local10 [sh-local10] 在线
[2026-04-25 11:09:12] [INFO] [CenterProbe] sh-local10 [sh-local10] 在线
[2026-04-25 11:10:14] [INFO] [CenterProbe] sh-local10 [sh-local10] 在线
[2026-04-25 11:11:19] [INFO] [CenterProbe] sh-local10 [sh-local10] 在线
[2026-04-25 11:12:24] [INFO] [CenterProbe] sh-local10 [sh-local10] 在线
[2026-04-25 11:13:28] [INFO] [CenterProbe] sh-local10 [sh-local10] 在线
[2026-04-25 11:14:33] [INFO] [CenterProbe] sh-local10 [sh-local10] 在线
[2026-04-25 11:15:38] [INFO] [CenterProbe] sh-local10 [sh-local10] 在线
[2026-04-25 11:16:40] [INFO] [CenterProbe] sh-local10 [sh-local10] 在线
[2026-04-25 11:17:45] [INFO] [CenterProbe] sh-local10 [sh-local10] 在线
[2026-04-25 11:18:50] [INFO] [CenterProbe] sh-local10 [sh-local10] 在线
[2026-04-25 11:19:54] [INFO] [CenterProbe] sh-local10 [sh-local10] 在线
[2026-04-25 11:20:58] [INFO] [CenterProbe] sh-local10 [sh-local10] 在线
[2026-04-25 11:22:03] [INFO] [CenterProbe] sh-local10 [sh-local10] 在线
[2026-04-25 11:23:08] [INFO] [CenterProbe] sh-local10 [sh-local10] 在线
[2026-04-25 11:24:10] [INFO] [CenterProbe] sh-local10 [sh-local10] 在线
[2026-04-25 11:25:14] [INFO] [CenterProbe] sh-local10 [sh-local10] 在线
[2026-04-25 11:26:18] [INFO] [CenterProbe] sh-local10 [sh-local10] 在线
[2026-04-25 11:27:23] [INFO] [CenterProbe] sh-local10 [sh-local10] 在线
[2026-04-25 11:28:28] [INFO] [CenterProbe] sh-local10 [sh-local10] 在线
[2026-04-25 11:29:33] [INFO] [CenterProbe] sh-local10 [sh-local10] 在线
[2026-04-25 11:30:38] [INFO] [CenterProbe] sh-local10 [sh-local10] 在线
[2026-04-25 11:31:40] [INFO] [CenterProbe] sh-local10 [sh-local10] 在线
[2026-04-25 11:32:45] [INFO] [CenterProbe] sh-local10 [sh-local10] 在线
[2026-04-25 11:33:49] [INFO] [CenterProbe] sh-local10 [sh-local10] 在线
[2026-04-25 11:34:54] [INFO] [CenterProbe] sh-local10 [sh-local10] 在线
[2026-04-25 11:35:59] [INFO] [CenterProbe] sh-local10 [sh-local10] 在线
[2026-04-25 11:37:03] [INFO] [CenterProbe] sh-local10 [sh-local10] 在线
[2026-04-25 11:38:07] [INFO] [CenterProbe] sh-local10 [sh-local10] 在线
[2026-04-25 11:39:09] [INFO] [CenterProbe] sh-local10 [sh-local10] 在线
[2026-04-25 11:40:12] [INFO] [CenterProbe] sh-local10 [sh-local10] 在线
[2026-04-25 11:41:16] [INFO] [CenterProbe] sh-local10 [sh-local10] 在线
[2026-04-25 11:42:20] [INFO] [CenterProbe] sh-local10 [sh-local10] 在线
[2026-04-25 11:43:22] [INFO] [CenterProbe] sh-local10 [sh-local10] 在线
[2026-04-25 11:44:26] [INFO] [CenterProbe] sh-local10 [sh-local10] 在线
[2026-04-25 11:45:31] [INFO] [CenterProbe] sh-local10 [sh-local10] 在线
[2026-04-25 11:46:34] [INFO] [CenterProbe] sh-local10 [sh-local10] 在线
[2026-04-25 11:47:40] [INFO] [CenterProbe] sh-local10 [sh-local10] 在线
[2026-04-25 11:48:44] [INFO] [CenterProbe] sh-local10 [sh-local10] 在线
[2026-04-25 11:49:50] [INFO] [CenterProbe] sh-local10 [sh-local10] 在线
[2026-04-25 11:50:53] [INFO] [CenterProbe] sh-local10 [sh-local10] 在线
[2026-04-25 11:51:59] [INFO] [CenterProbe] sh-local10 [sh-local10] 在线
[2026-04-25 11:53:04] [INFO] [CenterProbe] sh-local10 [sh-local10] 在线
[2026-04-25 11:54:09] [INFO] [CenterProbe] sh-local10 [sh-local10] 在线
[2026-04-25 11:55:12] [INFO] [CenterProbe] sh-local10 [sh-local10] 在线
[2026-04-25 11:56:17] [INFO] [CenterProbe] sh-local10 [sh-local10] 在线
[2026-04-25 11:57:23] [INFO] [CenterProbe] sh-local10 [sh-local10] 在线
[2026-04-25 11:58:26] [INFO] [CenterProbe] sh-local10 [sh-local10] 在线
[2026-04-25 11:59:28] [INFO] [CenterProbe] sh-local10 [sh-local10] 在线
[2026-04-25 12:00:30] [INFO] [CenterProbe] sh-local10 [sh-local10] 在线
[2026-04-25 12:01:32] [INFO] [CenterProbe] sh-local10 [sh-local10] 在线
[2026-04-25 12:02:34] [INFO] [CenterProbe] sh-local10 [sh-local10] 在线
[2026-04-25 12:03:38] [INFO] [CenterProbe] sh-local10 [sh-local10] 在线
[2026-04-25 12:04:43] [INFO] [CenterProbe] sh-local10 [sh-local10] 在线
[2026-04-25 12:05:47] [INFO] [CenterProbe] sh-local10 [sh-local10] 在线
[2026-04-25 12:06:50] [INFO] [CenterProbe] sh-local10 [sh-local10] 在线
[2026-04-25 12:07:55] [INFO] [CenterProbe] sh-local10 [sh-local10] 在线
[2026-04-25 12:08:59] [INFO] [CenterProbe] sh-local10 [sh-local10] 在线
[2026-04-25 12:10:01] [INFO] [CenterProbe] sh-local10 [sh-local10] 在线
[2026-04-25 12:11:07] [INFO] [CenterProbe] sh-local10 [sh-local10] 在线
[2026-04-25 12:12:12] [INFO] [CenterProbe] sh-local10 [sh-local10] 在线
[2026-04-25 12:13:17] [INFO] [CenterProbe] sh-local10 [sh-local10] 在线
[2026-04-25 12:14:22] [INFO] [CenterProbe] sh-local10 [sh-local10] 在线
[2026-04-25 12:15:27] [INFO] [CenterProbe] sh-local10 [sh-local10] 在线
[2026-04-25 12:16:32] [INFO] [CenterProbe] sh-local10 [sh-local10] 在线
[2026-04-25 12:17:34] [INFO] [CenterProbe] sh-local10 [sh-local10] 在线
[2026-04-25 12:18:38] [INFO] [CenterProbe] sh-local10 [sh-local10] 在线
[2026-04-25 12:19:43] [INFO] [CenterProbe] sh-local10 [sh-local10] 在线
[2026-04-25 12:20:47] [INFO] [CenterProbe] sh-local10 [sh-local10] 在线
[2026-04-25 12:21:51] [INFO] [CenterProbe] sh-local10 [sh-local10] 在线
[2026-04-25 12:22:55] [INFO] [CenterProbe] sh-local10 [sh-local10] 在线
[2026-04-25 12:23:59] [INFO] [CenterProbe] sh-local10 [sh-local10] 在线
[2026-04-25 12:25:01] [INFO] [CenterProbe] sh-local10 [sh-local10] 在线
[2026-04-25 12:26:05] [INFO] [CenterProbe] sh-local10 [sh-local10] 在线
[2026-04-25 12:27:08] [INFO] [CenterProbe] sh-local10 [sh-local10] 在线
[2026-04-25 12:28:13] [INFO] [CenterProbe] sh-local10 [sh-local10] 在线
[2026-04-25 12:29:18] [INFO] [CenterProbe] sh-local10 [sh-local10] 在线
[2026-04-25 12:30:22] [INFO] [CenterProbe] sh-local10 [sh-local10] 在线
[2026-04-25 12:31:28] [INFO] [CenterProbe] sh-local10 [sh-local10] 在线
[2026-04-25 12:32:33] [INFO] [CenterProbe] sh-local10 [sh-local10] 在线
[2026-04-25 12:33:36] [INFO] [CenterProbe] sh-local10 [sh-local10] 在线
[2026-04-25 12:34:41] [INFO] [CenterProbe] sh-local10 [sh-local10] 在线
[2026-04-25 12:35:46] [INFO] [CenterProbe] sh-local10 [sh-local10] 在线
[2026-04-25 12:36:52] [INFO] [CenterProbe] sh-local10 [sh-local10] 在线
[2026-04-25 12:37:57] [INFO] [CenterProbe] sh-local10 [sh-local10] 在线
[2026-04-25 12:39:01] [INFO] [CenterProbe] sh-local10 [sh-local10] 在线
[2026-04-25 12:40:06] [INFO] [CenterProbe] sh-local10 [sh-local10] 在线
[2026-04-25 12:41:11] [INFO] [CenterProbe] sh-local10 [sh-local10] 在线
[2026-04-25 12:42:16] [INFO] [CenterProbe] sh-local10 [sh-local10] 在线
[2026-04-25 12:43:21] [INFO] [CenterProbe] sh-local10 [sh-local10] 在线
[2026-04-25 12:44:24] [INFO] [CenterProbe] sh-local10 [sh-local10] 在线
[2026-04-25 12:45:29] [INFO] [CenterProbe] sh-local10 [sh-local10] 在线
[2026-04-25 12:46:35] [INFO] [CenterProbe] sh-local10 [sh-local10] 在线
[2026-04-25 12:47:40] [INFO] [CenterProbe] sh-local10 [sh-local10] 在线
[2026-04-25 12:48:45] [INFO] [CenterProbe] sh-local10 [sh-local10] 在线
[2026-04-25 12:49:51] [INFO] [CenterProbe] sh-local10 [sh-local10] 在线
[2026-04-25 12:50:53] [INFO] [CenterProbe] sh-local10 [sh-local10] 在线
[2026-04-25 12:52:00] [INFO] [CenterProbe] sh-local10 [sh-local10] 在线
[2026-04-25 12:53:05] [INFO] [CenterProbe] sh-local10 [sh-local10] 在线
[2026-04-25 12:54:11] [INFO] [CenterProbe] sh-local10 [sh-local10] 在线
[2026-04-25 12:55:16] [INFO] [CenterProbe] sh-local10 [sh-local10] 在线
[2026-04-25 12:56:19] [INFO] [CenterProbe] sh-local10 [sh-local10] 在线
[2026-04-25 12:57:25] [INFO] [CenterProbe] sh-local10 [sh-local10] 在线
[2026-04-25 12:58:30] [INFO] [CenterProbe] sh-local10 [sh-local10] 在线
[2026-04-25 12:59:36] [INFO] [CenterProbe] sh-local10 [sh-local10] 在线
[2026-04-25 13:00:42] [INFO] [CenterProbe] sh-local10 [sh-local10] 在线
[2026-04-25 13:01:47] [INFO] [CenterProbe] sh-local10 [sh-local10] 在线
[2026-04-25 13:02:52] [INFO] [CenterProbe] sh-local10 [sh-local10] 在线
[2026-04-25 13:03:54] [INFO] [CenterProbe] sh-local10 [sh-local10] 在线
[2026-04-25 13:05:00] [INFO] [CenterProbe] sh-local10 [sh-local10] 在线
[2026-04-25 13:06:05] [INFO] [CenterProbe] sh-local10 [sh-local10] 在线
[2026-04-25 13:07:10] [INFO] [CenterProbe] sh-local10 [sh-local10] 在线
[2026-04-25 13:08:15] [INFO] [CenterProbe] sh-local10 [sh-local10] 在线
[2026-04-25 13:09:21] [INFO] [CenterProbe] sh-local10 [sh-local10] 在线
[2026-04-25 13:10:26] [INFO] [CenterProbe] sh-local10 [sh-local10] 在线
[2026-04-25 13:11:32] [INFO] [CenterProbe] sh-local10 [sh-local10] 在线
[2026-04-25 13:12:35] [INFO] [CenterProbe] sh-local10 [sh-local10] 在线
[2026-04-25 13:13:41] [INFO] [CenterProbe] sh-local10 [sh-local10] 在线
[2026-04-25 13:14:47] [INFO] [CenterProbe] sh-local10 [sh-local10] 在线
[2026-04-25 13:15:53] [INFO] [CenterProbe] sh-local10 [sh-local10] 在线
[2026-04-25 13:16:59] [INFO] [CenterProbe] sh-local10 [sh-local10] 在线
[2026-04-25 13:18:05] [INFO] [CenterProbe] sh-local10 [sh-local10] 在线
[2026-04-25 13:19:11] [INFO] [CenterProbe] sh-local10 [sh-local10] 在线
[2026-04-25 13:20:14] [INFO] [CenterProbe] sh-local10 [sh-local10] 在线
[2026-04-25 13:21:21] [INFO] [CenterProbe] sh-local10 [sh-local10] 在线
[2026-04-25 13:22:22] [INFO] [CenterProbe] sh-local10 [sh-local10] 在线
[2026-04-25 13:23:24] [INFO] [CenterProbe] sh-local10 [sh-local10] 在线
[2026-04-25 13:24:29] [INFO] [CenterProbe] sh-local10 [sh-local10] 在线
[2026-04-25 13:25:31] [INFO] [CenterProbe] sh-local10 [sh-local10] 在线
[2026-04-25 13:26:35] [INFO] [CenterProbe] sh-local10 [sh-local10] 在线
[2026-04-25 13:27:39] [INFO] [CenterProbe] sh-local10 [sh-local10] 在线
[2026-04-25 13:28:44] [INFO] [CenterProbe] sh-local10 [sh-local10] 在线
[2026-04-25 13:29:49] [INFO] [CenterProbe] sh-local10 [sh-local10] 在线
[2026-04-25 13:30:52] [INFO] [CenterProbe] sh-local10 [sh-local10] 在线
[2026-04-25 13:31:57] [INFO] [CenterProbe] sh-local10 [sh-local10] 在线
[2026-04-25 13:33:02] [INFO] [CenterProbe] sh-local10 [sh-local10] 在线
[2026-04-25 13:34:08] [INFO] [CenterProbe] sh-local10 [sh-local10] 在线
[2026-04-25 13:35:10] [INFO] [CenterProbe] sh-local10 [sh-local10] 在线
[2026-04-25 13:36:12] [INFO] [CenterProbe] sh-local10 [sh-local10] 在线
[2026-04-25 13:37:16] [INFO] [CenterProbe] sh-local10 [sh-local10] 在线
[2026-04-25 13:38:21] [INFO] [CenterProbe] sh-local10 [sh-local10] 在线
[2026-04-25 13:39:25] [INFO] [CenterProbe] sh-local10 [sh-local10] 在线
[2026-04-25 13:40:30] [INFO] [CenterProbe] sh-local10 [sh-local10] 在线
[2026-04-25 13:41:35] [INFO] [CenterProbe] sh-local10 [sh-local10] 在线
[2026-04-25 13:42:37] [INFO] [CenterProbe] sh-local10 [sh-local10] 在线
[2026-04-25 13:43:42] [INFO] [CenterProbe] sh-local10 [sh-local10] 在线
[2026-04-25 13:44:47] [INFO] [CenterProbe] sh-local10 [sh-local10] 在线
[2026-04-25 13:45:52] [INFO] [CenterProbe] sh-local10 [sh-local10] 在线
[2026-04-25 13:46:56] [INFO] [CenterProbe] sh-local10 [sh-local10] 在线
[2026-04-25 13:48:00] [INFO] [CenterProbe] sh-local10 [sh-local10] 在线
[2026-04-25 13:49:04] [INFO] [CenterProbe] sh-local10 [sh-local10] 在线
[2026-04-25 13:50:06] [INFO] [CenterProbe] sh-local10 [sh-local10] 在线
[2026-04-25 13:51:11] [INFO] [CenterProbe] sh-local10 [sh-local10] 在线
[2026-04-25 13:52:15] [INFO] [CenterProbe] sh-local10 [sh-local10] 在线
[2026-04-25 13:53:19] [INFO] [CenterProbe] sh-local10 [sh-local10] 在线
[2026-04-25 13:54:24] [INFO] [CenterProbe] sh-local10 [sh-local10] 在线
[2026-04-25 13:55:29] [INFO] [CenterProbe] sh-local10 [sh-local10] 在线
[2026-04-25 13:56:35] [INFO] [CenterProbe] sh-local10 [sh-local10] 在线
[2026-04-25 13:57:38] [INFO] [CenterProbe] sh-local10 [sh-local10] 在线
[2026-04-25 13:58:45] [INFO] [CenterProbe] sh-local10 [sh-local10] 在线
[2026-04-25 13:59:50] [INFO] [CenterProbe] sh-local10 [sh-local10] 在线
[2026-04-25 14:00:56] [INFO] [CenterProbe] sh-local10 [sh-local10] 在线
[2026-04-25 14:02:02] [INFO] [CenterProbe] sh-local10 [sh-local10] 在线
[2026-04-25 14:03:09] [INFO] [CenterProbe] sh-local10 [sh-local10] 在线
[2026-04-25 14:04:15] [INFO] [CenterProbe] sh-local10 [sh-local10] 在线
[2026-04-25 14:05:21] [INFO] [CenterProbe] sh-local10 [sh-local10] 在线
[2026-04-25 14:06:23] [INFO] [CenterProbe] sh-local10 [sh-local10] 在线
[2026-04-25 14:07:28] [INFO] [CenterProbe] sh-local10 [sh-local10] 在线
[2026-04-25 14:08:33] [INFO] [CenterProbe] sh-local10 [sh-local10] 在线
[2026-04-25 14:09:39] [INFO] [CenterProbe] sh-local10 [sh-local10] 在线
[2026-04-25 14:10:44] [INFO] [CenterProbe] sh-local10 [sh-local10] 在线
[2026-04-25 14:11:49] [INFO] [CenterProbe] sh-local10 [sh-local10] 在线
[2026-04-25 14:12:55] [INFO] [CenterProbe] sh-local10 [sh-local10] 在线
[2026-04-25 14:13:58] [INFO] [CenterProbe] sh-local10 [sh-local10] 在线
[2026-04-25 14:15:04] [INFO] [CenterProbe] sh-local10 [sh-local10] 在线
[2026-04-25 14:16:11] [INFO] [CenterProbe] sh-local10 [sh-local10] 在线
[2026-04-25 14:17:16] [INFO] [CenterProbe] sh-local10 [sh-local10] 在线
[2026-04-25 14:18:19] [INFO] [CenterProbe] sh-local10 [sh-local10] 在线
[2026-04-25 14:19:25] [INFO] [CenterProbe] sh-local10 [sh-local10] 在线
[2026-04-25 14:20:31] [INFO] [CenterProbe] sh-local10 [sh-local10] 在线
[2026-04-25 14:21:38] [INFO] [CenterProbe] sh-local10 [sh-local10] 在线
[2026-04-25 14:22:44] [INFO] [CenterProbe] sh-local10 [sh-local10] 在线
[2026-04-25 14:23:50] [INFO] [CenterProbe] sh-local10 [sh-local10] 在线
[2026-04-25 14:24:57] [INFO] [CenterProbe] sh-local10 [sh-local10] 在线
[2026-04-25 14:26:00] [INFO] [CenterProbe] sh-local10 [sh-local10] 在线
[2026-04-25 14:27:06] [INFO] [CenterProbe] sh-local10 [sh-local10] 在线
[2026-04-25 14:28:13] [INFO] [CenterProbe] sh-local10 [sh-local10] 在线
[2026-04-25 14:29:15] [INFO] [CenterProbe] sh-local10 [sh-local10] 在线
[2026-04-25 14:30:20] [INFO] [CenterProbe] sh-local10 [sh-local10] 在线
[2026-04-25 14:31:27] [INFO] [CenterProbe] sh-local10 [sh-local10] 在线
[2026-04-25 14:32:29] [INFO] [CenterProbe] sh-local10 [sh-local10] 在线
[2026-04-25 14:33:30] [INFO] [CenterProbe] sh-local10 [sh-local10] 在线
[2026-04-25 14:34:35] [INFO] [CenterProbe] sh-local10 [sh-local10] 在线
[2026-04-25 14:35:39] [INFO] [CenterProbe] sh-local10 [sh-local10] 在线
[2026-04-25 14:36:43] [INFO] [CenterProbe] sh-local10 [sh-local10] 在线
[2026-04-25 14:37:47] [INFO] [CenterProbe] sh-local10 [sh-local10] 在线
[2026-04-25 14:38:52] [INFO] [CenterProbe] sh-local10 [sh-local10] 在线
[2026-04-25 14:39:57] [INFO] [CenterProbe] sh-local10 [sh-local10] 在线
[2026-04-25 14:41:03] [INFO] [CenterProbe] sh-local10 [sh-local10] 在线
[2026-04-25 14:42:08] [INFO] [CenterProbe] sh-local10 [sh-local10] 在线
[2026-04-25 14:43:12] [INFO] [CenterProbe] sh-local10 [sh-local10] 在线
[2026-04-25 14:44:15] [INFO] [CenterProbe] sh-local10 [sh-local10] 在线
[2026-04-25 14:45:20] [INFO] [CenterProbe] sh-local10 [sh-local10] 在线
[2026-04-25 14:46:25] [INFO] [CenterProbe] sh-local10 [sh-local10] 在线
[2026-04-25 14:47:29] [INFO] [CenterProbe] sh-local10 [sh-local10] 在线
[2026-04-25 14:48:32] [INFO] [CenterProbe] sh-local10 [sh-local10] 在线
[2026-04-25 14:49:36] [INFO] [CenterProbe] sh-local10 [sh-local10] 在线
[2026-04-25 14:50:40] [INFO] [CenterProbe] sh-local10 [sh-local10] 在线
[2026-04-25 14:51:44] [INFO] [CenterProbe] sh-local10 [sh-local10] 在线
[2026-04-25 14:52:49] [INFO] [CenterProbe] sh-local10 [sh-local10] 在线
[2026-04-25 14:53:53] [INFO] [CenterProbe] sh-local10 [sh-local10] 在线
[2026-04-25 14:54:57] [INFO] [CenterProbe] sh-local10 [sh-local10] 在线
[2026-04-25 14:56:00] [INFO] [CenterProbe] sh-local10 [sh-local10] 在线
[2026-04-25 14:57:06] [INFO] [CenterProbe] sh-local10 [sh-local10] 在线
[2026-04-25 14:58:11] [INFO] [CenterProbe] sh-local10 [sh-local10] 在线
[2026-04-25 14:59:17] [INFO] [CenterProbe] sh-local10 [sh-local10] 在线
[2026-04-25 15:00:20] [INFO] [CenterProbe] sh-local10 [sh-local10] 在线
[2026-04-25 15:01:26] [INFO] [CenterProbe] sh-local10 [sh-local10] 在线
[2026-04-25 15:02:32] [INFO] [CenterProbe] sh-local10 [sh-local10] 在线
[2026-04-25 15:03:38] [INFO] [CenterProbe] sh-local10 [sh-local10] 在线
[2026-04-25 15:04:43] [INFO] [CenterProbe] sh-local10 [sh-local10] 在线
[2026-04-25 15:05:49] [INFO] [CenterProbe] sh-local10 [sh-local10] 在线
[2026-04-25 15:06:55] [INFO] [CenterProbe] sh-local10 [sh-local10] 在线
[2026-04-25 15:07:58] [INFO] [CenterProbe] sh-local10 [sh-local10] 在线
[2026-04-25 15:09:01] [INFO] [CenterProbe] sh-local10 [sh-local10] 在线
[2026-04-25 15:10:05] [INFO] [CenterProbe] sh-local10 [sh-local10] 在线
[2026-04-25 15:11:09] [INFO] [CenterProbe] sh-local10 [sh-local10] 在线
[2026-04-25 15:12:11] [INFO] [CenterProbe] sh-local10 [sh-local10] 在线
[2026-04-25 15:13:16] [INFO] [CenterProbe] sh-local10 [sh-local10] 在线
[2026-04-25 15:14:20] [INFO] [CenterProbe] sh-local10 [sh-local10] 在线
[2026-04-25 15:15:22] [INFO] [CenterProbe] sh-local10 [sh-local10] 在线
[2026-04-25 15:16:27] [INFO] [CenterProbe] sh-local10 [sh-local10] 在线
[2026-04-25 15:17:32] [INFO] [CenterProbe] sh-local10 [sh-local10] 在线
[2026-04-25 15:18:36] [INFO] [CenterProbe] sh-local10 [sh-local10] 在线
[2026-04-25 15:19:38] [INFO] [CenterProbe] sh-local10 [sh-local10] 在线
[2026-04-25 15:20:43] [INFO] [CenterProbe] sh-local10 [sh-local10] 在线
[2026-04-25 15:21:49] [INFO] [CenterProbe] sh-local10 [sh-local10] 在线
[2026-04-25 15:22:54] [INFO] [CenterProbe] sh-local10 [sh-local10] 在线
[2026-04-25 15:23:59] [INFO] [CenterProbe] sh-local10 [sh-local10] 在线
[2026-04-25 15:25:05] [INFO] [CenterProbe] sh-local10 [sh-local10] 在线
[2026-04-25 15:26:10] [INFO] [CenterProbe] sh-local10 [sh-local10] 在线
[2026-04-25 15:27:13] [INFO] [CenterProbe] sh-local10 [sh-local10] 在线
[2026-04-25 15:28:16] [INFO] [CenterProbe] sh-local10 [sh-local10] 在线
[2026-04-25 15:29:22] [INFO] [CenterProbe] sh-local10 [sh-local10] 在线
[2026-04-25 15:30:27] [INFO] [CenterProbe] sh-local10 [sh-local10] 在线
[2026-04-25 15:31:32] [INFO] [CenterProbe] sh-local10 [sh-local10] 在线
[2026-04-25 15:32:37] [INFO] [CenterProbe] sh-local10 [sh-local10] 在线
[2026-04-25 15:33:41] [INFO] [CenterProbe] sh-local10 [sh-local10] 在线
[2026-04-25 15:34:43] [INFO] [CenterProbe] sh-local10 [sh-local10] 在线
[2026-04-25 15:35:48] [INFO] [CenterProbe] sh-local10 [sh-local10] 在线
[2026-04-25 15:36:52] [INFO] [CenterProbe] sh-local10 [sh-local10] 在线
[2026-04-25 15:37:56] [INFO] [CenterProbe] sh-local10 [sh-local10] 在线
[2026-04-25 15:39:01] [INFO] [CenterProbe] sh-local10 [sh-local10] 在线
[2026-04-25 15:40:05] [INFO] [CenterProbe] sh-local10 [sh-local10] 在线
[2026-04-25 15:41:09] [INFO] [CenterProbe] sh-local10 [sh-local10] 在线
[2026-04-25 15:42:14] [INFO] [CenterProbe] sh-local10 [sh-local10] 在线
[2026-04-25 15:43:17] [INFO] [CenterProbe] sh-local10 [sh-local10] 在线
[2026-04-25 15:44:23] [INFO] [CenterProbe] sh-local10 [sh-local10] 在线
[2026-04-25 15:45:29] [INFO] [CenterProbe] sh-local10 [sh-local10] 在线
[2026-04-25 15:46:36] [INFO] [CenterProbe] sh-local10 [sh-local10] 在线
[2026-04-25 15:47:42] [INFO] [CenterProbe] sh-local10 [sh-local10] 在线
[2026-04-25 15:48:47] [INFO] [CenterProbe] sh-local10 [sh-local10] 在线
[2026-04-25 15:49:53] [INFO] [CenterProbe] sh-local10 [sh-local10] 在线
[2026-04-25 15:50:56] [INFO] [CenterProbe] sh-local10 [sh-local10] 在线
[2026-04-25 15:52:02] [INFO] [CenterProbe] sh-local10 [sh-local10] 在线
[2026-04-25 15:53:09] [INFO] [CenterProbe] sh-local10 [sh-local10] 在线
[2026-04-25 15:54:15] [INFO] [CenterProbe] sh-local10 [sh-local10] 在线
[2026-04-25 15:55:20] [INFO] [CenterProbe] sh-local10 [sh-local10] 在线
[2026-04-25 15:56:26] [INFO] [CenterProbe] sh-local10 [sh-local10] 在线
[2026-04-25 15:57:29] [INFO] [CenterProbe] sh-local10 [sh-local10] 在线
[2026-04-25 15:58:36] [INFO] [CenterProbe] sh-local10 [sh-local10] 在线
[2026-04-25 15:59:42] [INFO] [CenterProbe] sh-local10 [sh-local10] 在线
[2026-04-25 16:00:47] [INFO] [CenterProbe] sh-local10 [sh-local10] 在线
[2026-04-25 16:01:53] [INFO] [CenterProbe] sh-local10 [sh-local10] 在线
[2026-04-25 16:02:57] [INFO] [CenterProbe] sh-local10 [sh-local10] 在线
[2026-04-25 16:04:03] [INFO] [CenterProbe] sh-local10 [sh-local10] 在线
[2026-04-25 16:05:09] [INFO] [CenterProbe] sh-local10 [sh-local10] 在线
[2026-04-25 16:06:15] [INFO] [CenterProbe] sh-local10 [sh-local10] 在线
[2026-04-25 16:07:21] [INFO] [CenterProbe] sh-local10 [sh-local10] 在线
[2026-04-25 16:08:28] [INFO] [CenterProbe] sh-local10 [sh-local10] 在线
[2026-04-25 16:09:34] [INFO] [CenterProbe] sh-local10 [sh-local10] 在线
[2026-04-25 16:10:37] [INFO] [CenterProbe] sh-local10 [sh-local10] 在线
[2026-04-25 16:11:42] [INFO] [CenterProbe] sh-local10 [sh-local10] 在线
[2026-04-25 16:12:48] [INFO] [CenterProbe] sh-local10 [sh-local10] 在线
[2026-04-25 16:13:54] [INFO] [CenterProbe] sh-local10 [sh-local10] 在线
[2026-04-25 16:15:00] [INFO] [CenterProbe] sh-local10 [sh-local10] 在线
[2026-04-25 16:16:07] [INFO] [CenterProbe] sh-local10 [sh-local10] 在线
[2026-04-25 16:17:13] [INFO] [CenterProbe] sh-local10 [sh-local10] 在线
[2026-04-25 16:18:16] [INFO] [CenterProbe] sh-local10 [sh-local10] 在线
[2026-04-25 16:19:23] [INFO] [CenterProbe] sh-local10 [sh-local10] 在线
[2026-04-25 16:20:29] [INFO] [CenterProbe] sh-local10 [sh-local10] 在线
[2026-04-25 16:21:35] [INFO] [CenterProbe] sh-local10 [sh-local10] 在线
[2026-04-25 16:22:38] [INFO] [CenterProbe] sh-local10 [sh-local10] 在线
[2026-04-25 16:23:44] [INFO] [CenterProbe] sh-local10 [sh-local10] 在线
[2026-04-25 16:24:50] [INFO] [CenterProbe] sh-local10 [sh-local10] 在线
[2026-04-25 16:25:57] [INFO] [CenterProbe] sh-local10 [sh-local10] 在线
[2026-04-25 16:27:03] [INFO] [CenterProbe] sh-local10 [sh-local10] 在线
[2026-04-25 16:28:10] [INFO] [CenterProbe] sh-local10 [sh-local10] 在线
[2026-04-25 16:29:16] [INFO] [CenterProbe] sh-local10 [sh-local10] 在线
[2026-04-25 16:30:20] [INFO] [CenterProbe] sh-local10 [sh-local10] 在线
[2026-04-25 16:31:27] [INFO] [CenterProbe] sh-local10 [sh-local10] 在线
[2026-04-25 16:32:34] [INFO] [CenterProbe] sh-local10 [sh-local10] 在线
[2026-04-25 16:33:41] [INFO] [CenterProbe] sh-local10 [sh-local10] 在线
[2026-04-25 16:34:44] [INFO] [CenterProbe] sh-local10 [sh-local10] 在线
[2026-04-25 16:35:50] [INFO] [CenterProbe] sh-local10 [sh-local10] 在线
[2026-04-25 16:36:56] [INFO] [CenterProbe] sh-local10 [sh-local10] 在线
[2026-04-25 16:38:03] [INFO] [CenterProbe] sh-local10 [sh-local10] 在线
[2026-04-25 16:39:09] [INFO] [CenterProbe] sh-local10 [sh-local10] 在线
[2026-04-25 16:40:13] [INFO] [CenterProbe] sh-local10 [sh-local10] 在线
[2026-04-25 16:41:14] [INFO] [CenterProbe] sh-local10 [sh-local10] 在线
[2026-04-25 16:42:19] [INFO] [CenterProbe] sh-local10 [sh-local10] 在线
[2026-04-25 16:43:24] [INFO] [CenterProbe] sh-local10 [sh-local10] 在线
[2026-04-25 16:44:28] [INFO] [CenterProbe] sh-local10 [sh-local10] 在线
[2026-04-25 16:45:28] [INFO] [CenterProbe] sh-local10 [sh-local10] 在线
[2026-04-25 16:46:32] [INFO] [CenterProbe] sh-local10 [sh-local10] 在线
[2026-04-25 16:47:37] [INFO] [CenterProbe] sh-local10 [sh-local10] 在线
[2026-04-25 16:48:42] [INFO] [CenterProbe] sh-local10 [sh-local10] 在线
[2026-04-25 16:49:48] [INFO] [CenterProbe] sh-local10 [sh-local10] 在线
[2026-04-25 16:50:53] [INFO] [CenterProbe] sh-local10 [sh-local10] 在线
[2026-04-25 16:51:58] [INFO] [CenterProbe] sh-local10 [sh-local10] 在线
[2026-04-25 16:53:04] [INFO] [CenterProbe] sh-local10 [sh-local10] 在线
[2026-04-25 16:54:07] [INFO] [CenterProbe] sh-local10 [sh-local10] 在线
[2026-04-25 16:55:12] [INFO] [CenterProbe] sh-local10 [sh-local10] 在线
[2026-04-25 16:56:18] [INFO] [CenterProbe] sh-local10 [sh-local10] 在线
[2026-04-25 16:57:23] [INFO] [CenterProbe] sh-local10 [sh-local10] 在线
[2026-04-25 16:58:28] [INFO] [CenterProbe] sh-local10 [sh-local10] 在线
[2026-04-25 16:59:33] [INFO] [CenterProbe] sh-local10 [sh-local10] 在线
[2026-04-25 17:00:38] [INFO] [CenterProbe] sh-local10 [sh-local10] 在线
[2026-04-25 17:01:41] [INFO] [CenterProbe] sh-local10 [sh-local10] 在线
[2026-04-25 17:02:46] [INFO] [CenterProbe] sh-local10 [sh-local10] 在线
[2026-04-25 17:03:51] [INFO] [CenterProbe] sh-local10 [sh-local10] 在线
[2026-04-25 17:04:56] [INFO] [CenterProbe] sh-local10 [sh-local10] 在线
[2026-04-25 17:06:01] [INFO] [CenterProbe] sh-local10 [sh-local10] 在线
[2026-04-25 17:07:05] [INFO] [CenterProbe] sh-local10 [sh-local10] 在线
[2026-04-25 17:08:10] [INFO] [CenterProbe] sh-local10 [sh-local10] 在线
[2026-04-25 17:09:12] [INFO] [CenterProbe] sh-local10 [sh-local10] 在线
[2026-04-25 17:10:17] [INFO] [CenterProbe] sh-local10 [sh-local10] 在线
[2026-04-25 17:11:22] [INFO] [CenterProbe] sh-local10 [sh-local10] 在线
[2026-04-25 17:12:27] [INFO] [CenterProbe] sh-local10 [sh-local10] 在线
[2026-04-25 17:13:32] [INFO] [CenterProbe] sh-local10 [sh-local10] 在线
[2026-04-25 17:14:38] [INFO] [CenterProbe] sh-local10 [sh-local10] 在线
[2026-04-25 17:15:43] [INFO] [CenterProbe] sh-local10 [sh-local10] 在线
[2026-04-25 17:16:46] [INFO] [CenterProbe] sh-local10 [sh-local10] 在线
[2026-04-25 17:17:50] [INFO] [CenterProbe] sh-local10 [sh-local10] 在线
[2026-04-25 17:18:54] [INFO] [CenterProbe] sh-local10 [sh-local10] 在线
[2026-04-25 17:19:59] [INFO] [CenterProbe] sh-local10 [sh-local10] 在线
[2026-04-25 17:21:04] [INFO] [CenterProbe] sh-local10 [sh-local10] 在线
[2026-04-25 17:22:09] [INFO] [CenterProbe] sh-local10 [sh-local10] 在线
[2026-04-25 17:23:15] [INFO] [CenterProbe] sh-local10 [sh-local10] 在线
[2026-04-25 17:24:17] [INFO] [CenterProbe] sh-local10 [sh-local10] 在线
[2026-04-25 17:25:22] [INFO] [CenterProbe] sh-local10 [sh-local10] 在线
[2026-04-25 17:26:27] [INFO] [CenterProbe] sh-local10 [sh-local10] 在线
[2026-04-25 17:27:33] [INFO] [CenterProbe] sh-local10 [sh-local10] 在线
[2026-04-25 17:28:38] [INFO] [CenterProbe] sh-local10 [sh-local10] 在线
[2026-04-25 17:29:44] [INFO] [CenterProbe] sh-local10 [sh-local10] 在线
[2026-04-25 17:30:49] [INFO] [CenterProbe] sh-local10 [sh-local10] 在线
[2026-04-25 17:31:51] [INFO] [CenterProbe] sh-local10 [sh-local10] 在线
[2026-04-25 17:32:56] [INFO] [CenterProbe] sh-local10 [sh-local10] 在线
[2026-04-25 17:34:02] [INFO] [CenterProbe] sh-local10 [sh-local10] 在线
[2026-04-25 17:35:07] [INFO] [CenterProbe] sh-local10 [sh-local10] 在线
[2026-04-25 17:36:11] [INFO] [CenterProbe] sh-local10 [sh-local10] 在线
[2026-04-25 17:37:14] [INFO] [CenterProbe] sh-local10 [sh-local10] 在线
[2026-04-25 17:38:18] [INFO] [CenterProbe] sh-local10 [sh-local10] 在线
[2026-04-25 17:39:23] [INFO] [CenterProbe] sh-local10 [sh-local10] 在线
[2026-04-25 17:40:28] [INFO] [CenterProbe] sh-local10 [sh-local10] 在线
[2026-04-25 17:41:33] [INFO] [CenterProbe] sh-local10 [sh-local10] 在线
[2026-04-25 17:42:38] [INFO] [CenterProbe] sh-local10 [sh-local10] 在线
[2026-04-25 17:43:41] [INFO] [CenterProbe] sh-local10 [sh-local10] 在线
[2026-04-25 17:44:46] [INFO] [CenterProbe] sh-local10 [sh-local10] 在线
[2026-04-25 17:45:51] [INFO] [CenterProbe] sh-local10 [sh-local10] 在线
[2026-04-25 17:46:56] [INFO] [CenterProbe] sh-local10 [sh-local10] 在线
[2026-04-25 17:48:01] [INFO] [CenterProbe] sh-local10 [sh-local10] 在线
[2026-04-25 17:49:07] [INFO] [CenterProbe] sh-local10 [sh-local10] 在线
[2026-04-25 17:50:12] [INFO] [CenterProbe] sh-local10 [sh-local10] 在线
[2026-04-25 17:51:15] [INFO] [CenterProbe] sh-local10 [sh-local10] 在线
[2026-04-25 17:52:20] [INFO] [CenterProbe] sh-local10 [sh-local10] 在线
[2026-04-25 17:53:25] [INFO] [CenterProbe] sh-local10 [sh-local10] 在线
[2026-04-25 17:54:30] [INFO] [CenterProbe] sh-local10 [sh-local10] 在线
[2026-04-25 17:55:35] [INFO] [CenterProbe] sh-local10 [sh-local10] 在线
[2026-04-25 17:56:40] [INFO] [CenterProbe] sh-local10 [sh-local10] 在线
[2026-04-25 17:57:45] [INFO] [CenterProbe] sh-local10 [sh-local10] 在线
[2026-04-25 17:58:47] [INFO] [CenterProbe] sh-local10 [sh-local10] 在线
[2026-04-25 17:59:52] [INFO] [CenterProbe] sh-local10 [sh-local10] 在线
[2026-04-25 18:00:57] [INFO] [CenterProbe] sh-local10 [sh-local10] 在线
[2026-04-25 18:02:03] [INFO] [CenterProbe] sh-local10 [sh-local10] 在线
[2026-04-25 18:03:08] [INFO] [CenterProbe] sh-local10 [sh-local10] 在线
[2026-04-25 18:04:13] [INFO] [CenterProbe] sh-local10 [sh-local10] 在线
[2026-04-25 18:05:18] [INFO] [CenterProbe] sh-local10 [sh-local10] 在线
[2026-04-25 18:06:21] [INFO] [CenterProbe] sh-local10 [sh-local10] 在线
[2026-04-25 18:07:26] [INFO] [CenterProbe] sh-local10 [sh-local10] 在线
[2026-04-25 18:08:30] [INFO] [CenterProbe] sh-local10 [sh-local10] 在线
[2026-04-25 18:09:34] [INFO] [CenterProbe] sh-local10 [sh-local10] 在线
[2026-04-25 18:10:36] [INFO] [CenterProbe] sh-local10 [sh-local10] 在线
[2026-04-25 18:11:40] [INFO] [CenterProbe] sh-local10 [sh-local10] 在线
[2026-04-25 18:12:44] [INFO] [CenterProbe] sh-local10 [sh-local10] 在线
[2026-04-25 18:13:48] [INFO] [CenterProbe] sh-local10 [sh-local10] 在线
[2026-04-25 18:14:52] [INFO] [CenterProbe] sh-local10 [sh-local10] 在线
[2026-04-25 18:15:56] [INFO] [CenterProbe] sh-local10 [sh-local10] 在线
[2026-04-25 18:17:02] [INFO] [CenterProbe] sh-local10 [sh-local10] 在线
[2026-04-25 18:18:04] [INFO] [CenterProbe] sh-local10 [sh-local10] 在线
[2026-04-25 18:19:11] [INFO] [CenterProbe] sh-local10 [sh-local10] 在线
[2026-04-25 18:20:17] [INFO] [CenterProbe] sh-local10 [sh-local10] 在线
[2026-04-25 18:21:23] [INFO] [CenterProbe] sh-local10 [sh-local10] 在线
[2026-04-25 18:22:29] [INFO] [CenterProbe] sh-local10 [sh-local10] 在线
[2026-04-25 18:23:33] [INFO] [CenterProbe] sh-local10 [sh-local10] 在线
[2026-04-25 18:24:40] [INFO] [CenterProbe] sh-local10 [sh-local10] 在线
[2026-04-25 18:25:43] [INFO] [CenterProbe] sh-local10 [sh-local10] 在线
[2026-04-25 18:26:49] [INFO] [CenterProbe] sh-local10 [sh-local10] 在线
[2026-04-25 18:27:55] [INFO] [CenterProbe] sh-local10 [sh-local10] 在线
[2026-04-25 18:29:00] [INFO] [CenterProbe] sh-local10 [sh-local10] 在线
[2026-04-25 18:30:06] [INFO] [CenterProbe] sh-local10 [sh-local10] 在线
[2026-04-25 18:31:12] [INFO] [CenterProbe] sh-local10 [sh-local10] 在线
[2026-04-25 18:32:19] [INFO] [CenterProbe] sh-local10 [sh-local10] 在线
[2026-04-25 18:33:25] [INFO] [CenterProbe] sh-local10 [sh-local10] 在线
[2026-04-25 18:34:29] [INFO] [CenterProbe] sh-local10 [sh-local10] 在线
[2026-04-25 18:35:36] [INFO] [CenterProbe] sh-local10 [sh-local10] 在线
[2026-04-25 18:36:42] [INFO] [CenterProbe] sh-local10 [sh-local10] 在线
[2026-04-25 18:37:49] [INFO] [CenterProbe] sh-local10 [sh-local10] 在线
[2026-04-25 18:38:56] [INFO] [CenterProbe] sh-local10 [sh-local10] 在线
[2026-04-25 18:40:02] [INFO] [CenterProbe] sh-local10 [sh-local10] 在线
[2026-04-25 18:41:09] [INFO] [CenterProbe] sh-local10 [sh-local10] 在线
[2026-04-25 18:42:12] [INFO] [CenterProbe] sh-local10 [sh-local10] 在线
[2026-04-25 18:43:19] [INFO] [CenterProbe] sh-local10 [sh-local10] 在线
[2026-04-25 18:44:26] [INFO] [CenterProbe] sh-local10 [sh-local10] 在线
[2026-04-25 18:45:31] [INFO] [CenterProbe] sh-local10 [sh-local10] 在线
[2026-04-25 18:46:38] [INFO] [CenterProbe] sh-local10 [sh-local10] 在线
[2026-04-25 18:47:44] [INFO] [CenterProbe] sh-local10 [sh-local10] 在线
[2026-04-25 18:48:50] [INFO] [CenterProbe] sh-local10 [sh-local10] 在线
[2026-04-25 18:49:53] [INFO] [CenterProbe] sh-local10 [sh-local10] 在线
[2026-04-25 18:50:59] [INFO] [CenterProbe] sh-local10 [sh-local10] 在线
[2026-04-25 18:52:05] [INFO] [CenterProbe] sh-local10 [sh-local10] 在线
[2026-04-25 18:53:12] [INFO] [CenterProbe] sh-local10 [sh-local10] 在线
[2026-04-25 18:54:18] [INFO] [CenterProbe] sh-local10 [sh-local10] 在线
[2026-04-25 18:55:25] [INFO] [CenterProbe] sh-local10 [sh-local10] 在线
[2026-04-25 18:56:30] [INFO] [CenterProbe] sh-local10 [sh-local10] 在线
[2026-04-25 18:57:36] [INFO] [CenterProbe] sh-local10 [sh-local10] 在线
[2026-04-25 18:58:42] [INFO] [CenterProbe] sh-local10 [sh-local10] 在线
[2026-04-25 18:59:49] [INFO] [CenterProbe] sh-local10 [sh-local10] 在线
[2026-04-25 19:00:55] [INFO] [CenterProbe] sh-local10 [sh-local10] 在线
[2026-04-25 19:01:58] [INFO] [CenterProbe] sh-local10 [sh-local10] 在线
[2026-04-25 19:03:05] [INFO] [CenterProbe] sh-local10 [sh-local10] 在线
[2026-04-25 19:04:11] [INFO] [CenterProbe] sh-local10 [sh-local10] 在线
[2026-04-25 19:05:18] [INFO] [CenterProbe] sh-local10 [sh-local10] 在线
[2026-04-25 19:06:22] [INFO] [CenterProbe] sh-local10 [sh-local10] 在线
[2026-04-25 19:07:28] [INFO] [CenterProbe] sh-local10 [sh-local10] 在线
[2026-04-25 19:08:35] [INFO] [CenterProbe] sh-local10 [sh-local10] 在线
[2026-04-25 19:09:40] [INFO] [CenterProbe] sh-local10 [sh-local10] 在线
[2026-04-25 19:10:46] [INFO] [CenterProbe] sh-local10 [sh-local10] 在线
[2026-04-25 19:11:52] [INFO] [CenterProbe] sh-local10 [sh-local10] 在线
[2026-04-25 19:12:59] [INFO] [CenterProbe] sh-local10 [sh-local10] 在线
[2026-04-25 19:14:01] [INFO] [CenterProbe] sh-local10 [sh-local10] 在线
[2026-04-25 19:15:07] [INFO] [CenterProbe] sh-local10 [sh-local10] 在线
[2026-04-25 19:16:13] [INFO] [CenterProbe] sh-local10 [sh-local10] 在线
[2026-04-25 19:17:19] [INFO] [CenterProbe] sh-local10 [sh-local10] 在线
[2026-04-25 19:18:25] [INFO] [CenterProbe] sh-local10 [sh-local10] 在线
[2026-04-25 19:19:31] [INFO] [CenterProbe] sh-local10 [sh-local10] 在线
[2026-04-25 19:20:37] [INFO] [CenterProbe] sh-local10 [sh-local10] 在线
[2026-04-25 19:21:40] [INFO] [CenterProbe] sh-local10 [sh-local10] 在线
[2026-04-25 19:22:47] [INFO] [CenterProbe] sh-local10 [sh-local10] 在线
[2026-04-25 19:23:54] [INFO] [CenterProbe] sh-local10 [sh-local10] 在线
[2026-04-25 19:25:00] [INFO] [CenterProbe] sh-local10 [sh-local10] 在线
[2026-04-25 19:26:07] [INFO] [CenterProbe] sh-local10 [sh-local10] 在线
[2026-04-25 19:27:13] [INFO] [CenterProbe] sh-local10 [sh-local10] 在线
[2026-04-25 19:28:17] [INFO] [CenterProbe] sh-local10 [sh-local10] 在线
[2026-04-25 19:29:23] [INFO] [CenterProbe] sh-local10 [sh-local10] 在线
[2026-04-25 19:30:28] [INFO] [CenterProbe] sh-local10 [sh-local10] 在线
[2026-04-25 19:31:33] [INFO] [CenterProbe] sh-local10 [sh-local10] 在线
[2026-04-25 19:32:39] [INFO] [CenterProbe] sh-local10 [sh-local10] 在线
[2026-04-25 19:33:43] [INFO] [CenterProbe] sh-local10 [sh-local10] 在线
[2026-04-25 19:34:48] [INFO] [CenterProbe] sh-local10 [sh-local10] 在线
[2026-04-25 19:35:54] [INFO] [CenterProbe] sh-local10 [sh-local10] 在线
[2026-04-25 19:36:59] [INFO] [CenterProbe] sh-local10 [sh-local10] 在线
[2026-04-25 19:38:05] [INFO] [CenterProbe] sh-local10 [sh-local10] 在线
[2026-04-25 19:39:11] [INFO] [CenterProbe] sh-local10 [sh-local10] 在线
[2026-04-25 19:40:14] [INFO] [CenterProbe] sh-local10 [sh-local10] 在线
[2026-04-25 19:41:21] [INFO] [CenterProbe] sh-local10 [sh-local10] 在线
[2026-04-25 19:42:25] [INFO] [CenterProbe] sh-local10 [sh-local10] 在线
[2026-04-25 19:43:29] [INFO] [CenterProbe] sh-local10 [sh-local10] 在线
[2026-04-25 19:44:31] [INFO] [CenterProbe] sh-local10 [sh-local10] 在线
[2026-04-25 19:45:36] [INFO] [CenterProbe] sh-local10 [sh-local10] 在线
[2026-04-25 19:46:41] [INFO] [CenterProbe] sh-local10 [sh-local10] 在线
[2026-04-25 19:47:45] [INFO] [CenterProbe] sh-local10 [sh-local10] 在线
[2026-04-25 19:48:48] [INFO] [CenterProbe] sh-local10 [sh-local10] 在线
[2026-04-25 19:49:54] [INFO] [CenterProbe] sh-local10 [sh-local10] 在线
[2026-04-25 19:50:59] [INFO] [CenterProbe] sh-local10 [sh-local10] 在线
[2026-04-25 19:52:01] [INFO] [CenterProbe] sh-local10 [sh-local10] 在线
[2026-04-25 19:53:06] [INFO] [CenterProbe] sh-local10 [sh-local10] 在线
[2026-04-25 19:54:11] [INFO] [CenterProbe] sh-local10 [sh-local10] 在线
[2026-04-25 19:55:17] [INFO] [CenterProbe] sh-local10 [sh-local10] 在线
[2026-04-25 19:56:22] [INFO] [CenterProbe] sh-local10 [sh-local10] 在线
[2026-04-25 19:57:27] [INFO] [CenterProbe] sh-local10 [sh-local10] 在线
[2026-04-25 19:58:32] [INFO] [CenterProbe] sh-local10 [sh-local10] 在线
[2026-04-25 19:59:38] [INFO] [CenterProbe] sh-local10 [sh-local10] 在线
[2026-04-25 20:00:40] [INFO] [CenterProbe] sh-local10 [sh-local10] 在线
[2026-04-25 20:01:45] [INFO] [CenterProbe] sh-local10 [sh-local10] 在线
[2026-04-25 20:02:51] [INFO] [CenterProbe] sh-local10 [sh-local10] 在线
[2026-04-25 20:03:53] [INFO] [CenterProbe] sh-local10 [sh-local10] 在线
[2026-04-25 20:04:57] [INFO] [CenterProbe] sh-local10 [sh-local10] 在线
[2026-04-25 20:06:03] [INFO] [CenterProbe] sh-local10 [sh-local10] 在线
[2026-04-25 20:07:09] [INFO] [CenterProbe] sh-local10 [sh-local10] 在线
[2026-04-25 20:08:12] [INFO] [CenterProbe] sh-local10 [sh-local10] 在线
[2026-04-25 20:09:17] [INFO] [CenterProbe] sh-local10 [sh-local10] 在线
[2026-04-25 20:10:23] [INFO] [CenterProbe] sh-local10 [sh-local10] 在线
[2026-04-25 20:11:28] [INFO] [CenterProbe] sh-local10 [sh-local10] 在线
[2026-04-25 20:12:31] [INFO] [CenterProbe] sh-local10 [sh-local10] 在线
[2026-04-25 20:13:35] [INFO] [CenterProbe] sh-local10 [sh-local10] 在线
[2026-04-25 20:14:40] [INFO] [CenterProbe] sh-local10 [sh-local10] 在线
[2026-04-25 20:15:45] [INFO] [CenterProbe] sh-local10 [sh-local10] 在线
[2026-04-25 20:16:50] [INFO] [CenterProbe] sh-local10 [sh-local10] 在线
[2026-04-25 20:17:53] [INFO] [CenterProbe] sh-local10 [sh-local10] 在线
[2026-04-25 20:18:58] [INFO] [CenterProbe] sh-local10 [sh-local10] 在线
[2026-04-25 20:20:01] [INFO] [CenterProbe] sh-local10 [sh-local10] 在线
[2026-04-25 20:21:06] [INFO] [CenterProbe] sh-local10 [sh-local10] 在线
[2026-04-25 20:22:11] [INFO] [CenterProbe] sh-local10 [sh-local10] 在线
[2026-04-25 20:23:16] [INFO] [CenterProbe] sh-local10 [sh-local10] 在线
[2026-04-25 20:24:21] [INFO] [CenterProbe] sh-local10 [sh-local10] 在线
[2026-04-25 20:25:26] [INFO] [CenterProbe] sh-local10 [sh-local10] 在线
[2026-04-25 20:26:31] [INFO] [CenterProbe] sh-local10 [sh-local10] 在线
[2026-04-25 20:27:34] [INFO] [CenterProbe] sh-local10 [sh-local10] 在线
[2026-04-25 20:28:41] [INFO] [CenterProbe] sh-local10 [sh-local10] 在线
[2026-04-25 20:29:46] [INFO] [CenterProbe] sh-local10 [sh-local10] 在线
[2026-04-25 20:30:52] [INFO] [CenterProbe] sh-local10 [sh-local10] 在线
[2026-04-25 20:31:55] [INFO] [CenterProbe] sh-local10 [sh-local10] 在线
[2026-04-25 20:33:00] [INFO] [CenterProbe] sh-local10 [sh-local10] 在线
[2026-04-25 20:34:05] [INFO] [CenterProbe] sh-local10 [sh-local10] 在线
[2026-04-25 20:35:11] [INFO] [CenterProbe] sh-local10 [sh-local10] 在线
[2026-04-25 20:36:17] [INFO] [CenterProbe] sh-local10 [sh-local10] 在线
[2026-04-25 20:37:23] [INFO] [CenterProbe] sh-local10 [sh-local10] 在线
[2026-04-25 20:38:28] [INFO] [CenterProbe] sh-local10 [sh-local10] 在线
[2026-04-25 20:39:31] [INFO] [CenterProbe] sh-local10 [sh-local10] 在线
[2026-04-25 20:40:37] [INFO] [CenterProbe] sh-local10 [sh-local10] 在线
[2026-04-25 20:41:43] [INFO] [CenterProbe] sh-local10 [sh-local10] 在线
[2026-04-25 20:42:48] [INFO] [CenterProbe] sh-local10 [sh-local10] 在线
[2026-04-25 20:43:54] [INFO] [CenterProbe] sh-local10 [sh-local10] 在线
[2026-04-25 20:44:57] [INFO] [CenterProbe] sh-local10 [sh-local10] 在线
[2026-04-25 20:46:04] [INFO] [CenterProbe] sh-local10 [sh-local10] 在线
[2026-04-25 20:47:10] [INFO] [CenterProbe] sh-local10 [sh-local10] 在线
[2026-04-25 20:48:13] [INFO] [CenterProbe] sh-local10 [sh-local10] 在线
[2026-04-25 20:49:17] [INFO] [CenterProbe] sh-local10 [sh-local10] 在线
[2026-04-25 20:50:22] [INFO] [CenterProbe] sh-local10 [sh-local10] 在线
[2026-04-25 20:51:26] [INFO] [CenterProbe] sh-local10 [sh-local10] 在线
[2026-04-25 20:52:29] [INFO] [CenterProbe] sh-local10 [sh-local10] 在线
[2026-04-25 20:53:33] [INFO] [CenterProbe] sh-local10 [sh-local10] 在线
[2026-04-25 20:54:35] [INFO] [CenterProbe] sh-local10 [sh-local10] 在线
[2026-04-25 20:55:40] [INFO] [CenterProbe] sh-local10 [sh-local10] 在线
[2026-04-25 20:56:43] [INFO] [CenterProbe] sh-local10 [sh-local10] 在线
[2026-04-25 20:57:48] [INFO] [CenterProbe] sh-local10 [sh-local10] 在线
[2026-04-25 20:58:53] [INFO] [CenterProbe] sh-local10 [sh-local10] 在线
[2026-04-25 20:59:56] [INFO] [CenterProbe] sh-local10 [sh-local10] 在线
[2026-04-25 21:01:02] [INFO] [CenterProbe] sh-local10 [sh-local10] 在线
[2026-04-25 21:02:05] [INFO] [CenterProbe] sh-local10 [sh-local10] 在线
[2026-04-25 21:03:10] [INFO] [CenterProbe] sh-local10 [sh-local10] 在线
[2026-04-25 21:04:12] [INFO] [CenterProbe] sh-local10 [sh-local10] 在线
[2026-04-25 21:05:17] [INFO] [CenterProbe] sh-local10 [sh-local10] 在线
[2026-04-25 21:06:22] [INFO] [CenterProbe] sh-local10 [sh-local10] 在线
[2026-04-25 21:07:27] [INFO] [CenterProbe] sh-local10 [sh-local10] 在线
[2026-04-25 21:08:32] [INFO] [CenterProbe] sh-local10 [sh-local10] 在线
[2026-04-25 21:09:37] [INFO] [CenterProbe] sh-local10 [sh-local10] 在线
[2026-04-25 21:10:42] [INFO] [CenterProbe] sh-local10 [sh-local10] 在线
[2026-04-25 21:11:44] [INFO] [CenterProbe] sh-local10 [sh-local10] 在线
[2026-04-25 21:12:50] [INFO] [CenterProbe] sh-local10 [sh-local10] 在线
[2026-04-25 21:13:55] [INFO] [CenterProbe] sh-local10 [sh-local10] 在线
[2026-04-25 21:15:02] [INFO] [CenterProbe] sh-local10 [sh-local10] 在线
[2026-04-25 21:16:05] [INFO] [CenterProbe] sh-local10 [sh-local10] 在线
[2026-04-25 21:17:12] [INFO] [CenterProbe] sh-local10 [sh-local10] 在线
[2026-04-25 21:18:15] [INFO] [CenterProbe] sh-local10 [sh-local10] 在线
[2026-04-25 21:19:21] [INFO] [CenterProbe] sh-local10 [sh-local10] 在线
[2026-04-25 21:20:27] [INFO] [CenterProbe] sh-local10 [sh-local10] 在线
[2026-04-25 21:21:32] [INFO] [CenterProbe] sh-local10 [sh-local10] 在线
[2026-04-25 21:22:38] [INFO] [CenterProbe] sh-local10 [sh-local10] 在线
[2026-04-25 21:23:41] [INFO] [CenterProbe] sh-local10 [sh-local10] 在线
[2026-04-25 21:24:47] [INFO] [CenterProbe] sh-local10 [sh-local10] 在线
[2026-04-25 21:25:52] [INFO] [CenterProbe] sh-local10 [sh-local10] 在线
[2026-04-25 21:26:58] [INFO] [CenterProbe] sh-local10 [sh-local10] 在线
[2026-04-25 21:28:03] [INFO] [CenterProbe] sh-local10 [sh-local10] 在线
[2026-04-25 21:29:09] [INFO] [CenterProbe] sh-local10 [sh-local10] 在线
[2026-04-25 21:30:14] [INFO] [CenterProbe] sh-local10 [sh-local10] 在线
[2026-04-25 21:31:17] [INFO] [CenterProbe] sh-local10 [sh-local10] 在线
[2026-04-25 21:32:21] [INFO] [CenterProbe] sh-local10 [sh-local10] 在线
[2026-04-25 21:33:26] [INFO] [CenterProbe] sh-local10 [sh-local10] 在线
[2026-04-25 21:34:31] [INFO] [CenterProbe] sh-local10 [sh-local10] 在线
[2026-04-25 21:35:34] [INFO] [CenterProbe] sh-local10 [sh-local10] 在线
[2026-04-25 21:36:36] [INFO] [CenterProbe] sh-local10 [sh-local10] 在线
[2026-04-25 21:37:41] [INFO] [CenterProbe] sh-local10 [sh-local10] 在线
[2026-04-25 21:38:44] [INFO] [CenterProbe] sh-local10 [sh-local10] 在线
[2026-04-25 21:39:50] [INFO] [CenterProbe] sh-local10 [sh-local10] 在线
[2026-04-25 21:40:55] [INFO] [CenterProbe] sh-local10 [sh-local10] 在线
[2026-04-25 21:42:01] [INFO] [CenterProbe] sh-local10 [sh-local10] 在线
[2026-04-25 21:43:06] [INFO] [CenterProbe] sh-local10 [sh-local10] 在线
[2026-04-25 21:44:09] [INFO] [CenterProbe] sh-local10 [sh-local10] 在线
[2026-04-25 21:45:14] [INFO] [CenterProbe] sh-local10 [sh-local10] 在线
[2026-04-25 21:46:18] [INFO] [CenterProbe] sh-local10 [sh-local10] 在线
[2026-04-25 21:47:20] [INFO] [CenterProbe] sh-local10 [sh-local10] 在线
[2026-04-25 21:48:23] [INFO] [CenterProbe] sh-local10 [sh-local10] 在线
[2026-04-25 21:49:23] [INFO] [CenterProbe] sh-local10 [sh-local10] 在线
[2026-04-25 21:50:27] [INFO] [CenterProbe] sh-local10 [sh-local10] 在线
[2026-04-25 21:51:33] [INFO] [CenterProbe] sh-local10 [sh-local10] 在线
[2026-04-25 21:52:38] [INFO] [CenterProbe] sh-local10 [sh-local10] 在线
[2026-04-25 21:53:44] [INFO] [CenterProbe] sh-local10 [sh-local10] 在线
[2026-04-25 21:54:47] [INFO] [CenterProbe] sh-local10 [sh-local10] 在线
[2026-04-25 21:55:55] [INFO] [CenterProbe] sh-local10 [sh-local10] 在线
[2026-04-25 21:56:55] [INFO] [CenterProbe] sh-local10 [sh-local10] 在线
[2026-04-25 21:57:59] [INFO] [CenterProbe] sh-local10 [sh-local10] 在线
[2026-04-25 21:59:03] [INFO] [CenterProbe] sh-local10 [sh-local10] 在线
[2026-04-25 22:00:08] [INFO] [CenterProbe] sh-local10 [sh-local10] 在线
[2026-04-25 22:01:12] [INFO] [CenterProbe] sh-local10 [sh-local10] 在线
[2026-04-25 22:02:16] [INFO] [CenterProbe] sh-local10 [sh-local10] 在线
[2026-04-25 22:03:23] [INFO] [CenterProbe] sh-local10 [sh-local10] 在线
[2026-04-25 22:04:26] [INFO] [CenterProbe] sh-local10 [sh-local10] 在线
[2026-04-25 22:05:32] [INFO] [CenterProbe] sh-local10 [sh-local10] 在线
[2026-04-25 22:06:37] [INFO] [CenterProbe] sh-local10 [sh-local10] 在线
[2026-04-25 22:07:39] [INFO] [CenterProbe] sh-local10 [sh-local10] 在线
[2026-04-25 22:08:45] [INFO] [CenterProbe] sh-local10 [sh-local10] 在线
[2026-04-25 22:09:48] [INFO] [CenterProbe] sh-local10 [sh-local10] 在线
[2026-04-25 22:10:54] [INFO] [CenterProbe] sh-local10 [sh-local10] 在线
[2026-04-25 22:11:59] [INFO] [CenterProbe] sh-local10 [sh-local10] 在线
[2026-04-25 22:13:05] [INFO] [CenterProbe] sh-local10 [sh-local10] 在线
[2026-04-25 22:14:08] [INFO] [CenterProbe] sh-local10 [sh-local10] 在线
[2026-04-25 22:15:12] [INFO] [CenterProbe] sh-local10 [sh-local10] 在线
[2026-04-25 22:16:17] [INFO] [CenterProbe] sh-local10 [sh-local10] 在线
[2026-04-25 22:17:19] [INFO] [CenterProbe] sh-local10 [sh-local10] 在线
[2026-04-25 22:18:24] [INFO] [CenterProbe] sh-local10 [sh-local10] 在线
[2026-04-25 22:19:30] [INFO] [CenterProbe] sh-local10 [sh-local10] 在线
[2026-04-25 22:20:35] [INFO] [CenterProbe] sh-local10 [sh-local10] 在线
[2026-04-25 22:21:41] [INFO] [CenterProbe] sh-local10 [sh-local10] 在线
[2026-04-25 22:22:44] [INFO] [CenterProbe] sh-local10 [sh-local10] 在线
[2026-04-25 22:23:50] [INFO] [CenterProbe] sh-local10 [sh-local10] 在线
[2026-04-25 22:24:57] [INFO] [CenterProbe] sh-local10 [sh-local10] 在线
[2026-04-25 22:26:00] [INFO] [CenterProbe] sh-local10 [sh-local10] 在线
[2026-04-25 22:27:04] [INFO] [CenterProbe] sh-local10 [sh-local10] 在线
[2026-04-25 22:28:08] [INFO] [CenterProbe] sh-local10 [sh-local10] 在线
[2026-04-25 22:29:14] [INFO] [CenterProbe] sh-local10 [sh-local10] 在线
[2026-04-25 22:30:19] [INFO] [CenterProbe] sh-local10 [sh-local10] 在线
[2026-04-25 22:31:25] [INFO] [CenterProbe] sh-local10 [sh-local10] 在线
[2026-04-25 22:32:31] [INFO] [CenterProbe] sh-local10 [sh-local10] 在线
[2026-04-25 22:33:35] [INFO] [CenterProbe] sh-local10 [sh-local10] 在线
[2026-04-25 22:34:41] [INFO] [CenterProbe] sh-local10 [sh-local10] 在线
[2026-04-25 22:35:46] [INFO] [CenterProbe] sh-local10 [sh-local10] 在线
[2026-04-25 22:36:49] [INFO] [CenterProbe] sh-local10 [sh-local10] 在线
[2026-04-25 22:37:58] [INFO] [CenterProbe] sh-local10 [sh-local10] 在线
[2026-04-25 22:38:58] [INFO] [CenterProbe] sh-local10 [sh-local10] 在线
[2026-04-25 22:40:04] [INFO] [CenterProbe] sh-local10 [sh-local10] 在线
[2026-04-25 22:41:10] [INFO] [CenterProbe] sh-local10 [sh-local10] 在线
[2026-04-25 22:42:16] [INFO] [CenterProbe] sh-local10 [sh-local10] 在线
[2026-04-25 22:43:22] [INFO] [CenterProbe] sh-local10 [sh-local10] 在线
[2026-04-25 22:44:27] [INFO] [CenterProbe] sh-local10 [sh-local10] 在线
[2026-04-25 22:45:30] [INFO] [CenterProbe] sh-local10 [sh-local10] 在线
[2026-04-25 22:46:33] [INFO] [CenterProbe] sh-local10 [sh-local10] 在线
[2026-04-25 22:47:38] [INFO] [CenterProbe] sh-local10 [sh-local10] 在线
[2026-04-25 22:48:42] [INFO] [CenterProbe] sh-local10 [sh-local10] 在线
[2026-04-25 22:49:46] [INFO] [CenterProbe] sh-local10 [sh-local10] 在线
[2026-04-25 22:50:50] [INFO] [CenterProbe] sh-local10 [sh-local10] 在线
[2026-04-25 22:51:51] [INFO] [CenterProbe] sh-local10 [sh-local10] 在线
[2026-04-25 22:52:57] [INFO] [CenterProbe] sh-local10 [sh-local10] 在线
[2026-04-25 22:54:01] [INFO] [CenterProbe] sh-local10 [sh-local10] 在线
[2026-04-25 22:55:07] [INFO] [CenterProbe] sh-local10 [sh-local10] 在线
[2026-04-25 22:56:12] [INFO] [CenterProbe] sh-local10 [sh-local10] 在线
[2026-04-25 22:57:15] [INFO] [CenterProbe] sh-local10 [sh-local10] 在线
[2026-04-25 22:58:20] [INFO] [CenterProbe] sh-local10 [sh-local10] 在线
[2026-04-25 22:59:23] [INFO] [CenterProbe] sh-local10 [sh-local10] 在线
[2026-04-25 23:00:28] [INFO] [CenterProbe] sh-local10 [sh-local10] 在线
[2026-04-25 23:01:33] [INFO] [CenterProbe] sh-local10 [sh-local10] 在线
[2026-04-25 23:02:38] [INFO] [CenterProbe] sh-local10 [sh-local10] 在线
[2026-04-25 23:03:44] [INFO] [CenterProbe] sh-local10 [sh-local10] 在线
[2026-04-25 23:04:49] [INFO] [CenterProbe] sh-local10 [sh-local10] 在线
[2026-04-25 23:05:54] [INFO] [CenterProbe] sh-local10 [sh-local10] 在线
[2026-04-25 23:06:57] [INFO] [CenterProbe] sh-local10 [sh-local10] 在线
[2026-04-25 23:08:02] [INFO] [CenterProbe] sh-local10 [sh-local10] 在线
[2026-04-25 23:09:07] [INFO] [CenterProbe] sh-local10 [sh-local10] 在线
[2026-04-25 23:10:13] [INFO] [CenterProbe] sh-local10 [sh-local10] 在线
[2026-04-25 23:11:18] [INFO] [CenterProbe] sh-local10 [sh-local10] 在线
[2026-04-25 23:12:23] [INFO] [CenterProbe] sh-local10 [sh-local10] 在线
[2026-04-25 23:13:26] [INFO] [CenterProbe] sh-local10 [sh-local10] 在线
[2026-04-25 23:14:33] [INFO] [CenterProbe] sh-local10 [sh-local10] 在线
[2026-04-25 23:15:38] [INFO] [CenterProbe] sh-local10 [sh-local10] 在线
[2026-04-25 23:16:44] [INFO] [CenterProbe] sh-local10 [sh-local10] 在线
[2026-04-25 23:17:48] [INFO] [CenterProbe] sh-local10 [sh-local10] 在线
[2026-04-25 23:18:51] [INFO] [CenterProbe] sh-local10 [sh-local10] 在线
[2026-04-25 23:19:58] [INFO] [CenterProbe] sh-local10 [sh-local10] 在线
[2026-04-25 23:21:04] [INFO] [CenterProbe] sh-local10 [sh-local10] 在线
[2026-04-25 23:22:10] [INFO] [CenterProbe] sh-local10 [sh-local10] 在线
[2026-04-25 23:23:14] [INFO] [CenterProbe] sh-local10 [sh-local10] 在线
[2026-04-25 23:24:21] [INFO] [CenterProbe] sh-local10 [sh-local10] 在线
[2026-04-25 23:25:26] [INFO] [CenterProbe] sh-local10 [sh-local10] 在线
[2026-04-25 23:26:29] [INFO] [CenterProbe] sh-local10 [sh-local10] 在线
[2026-04-25 23:27:35] [INFO] [CenterProbe] sh-local10 [sh-local10] 在线
[2026-04-25 23:28:41] [INFO] [CenterProbe] sh-local10 [sh-local10] 在线
[2026-04-25 23:29:47] [INFO] [CenterProbe] sh-local10 [sh-local10] 在线
[2026-04-25 23:30:50] [INFO] [CenterProbe] sh-local10 [sh-local10] 在线
[2026-04-25 23:31:52] [INFO] [CenterProbe] sh-local10 [sh-local10] 在线
[2026-04-25 23:32:57] [INFO] [CenterProbe] sh-local10 [sh-local10] 在线
[2026-04-25 23:34:01] [INFO] [CenterProbe] sh-local10 [sh-local10] 在线
[2026-04-25 23:35:03] [INFO] [CenterProbe] sh-local10 [sh-local10] 在线
[2026-04-25 23:36:07] [INFO] [CenterProbe] sh-local10 [sh-local10] 在线
[2026-04-25 23:37:11] [INFO] [CenterProbe] sh-local10 [sh-local10] 在线
[2026-04-25 23:38:16] [INFO] [CenterProbe] sh-local10 [sh-local10] 在线
[2026-04-25 23:39:19] [INFO] [CenterProbe] sh-local10 [sh-local10] 在线
[2026-04-25 23:40:24] [INFO] [CenterProbe] sh-local10 [sh-local10] 在线
[2026-04-25 23:41:30] [INFO] [CenterProbe] sh-local10 [sh-local10] 在线
[2026-04-25 23:42:35] [INFO] [CenterProbe] sh-local10 [sh-local10] 在线
[2026-04-25 23:43:41] [INFO] [CenterProbe] sh-local10 [sh-local10] 在线
[2026-04-25 23:44:47] [INFO] [CenterProbe] sh-local10 [sh-local10] 在线
[2026-04-25 23:45:52] [INFO] [CenterProbe] sh-local10 [sh-local10] 在线
[2026-04-25 23:46:55] [INFO] [CenterProbe] sh-local10 [sh-local10] 在线
[2026-04-25 23:48:03] [INFO] [CenterProbe] sh-local10 [sh-local10] 在线
[2026-04-25 23:49:08] [INFO] [CenterProbe] sh-local10 [sh-local10] 在线
[2026-04-25 23:50:14] [INFO] [CenterProbe] sh-local10 [sh-local10] 在线
[2026-04-25 23:51:17] [INFO] [CenterProbe] sh-local10 [sh-local10] 在线
[2026-04-25 23:52:22] [INFO] [CenterProbe] sh-local10 [sh-local10] 在线
[2026-04-25 23:53:27] [INFO] [CenterProbe] sh-local10 [sh-local10] 在线
[2026-04-25 23:54:33] [INFO] [CenterProbe] sh-local10 [sh-local10] 在线
[2026-04-25 23:55:39] [INFO] [CenterProbe] sh-local10 [sh-local10] 在线
[2026-04-25 23:56:45] [INFO] [CenterProbe] sh-local10 [sh-local10] 在线
[2026-04-25 23:57:50] [INFO] [CenterProbe] sh-local10 [sh-local10] 在线
[2026-04-25 23:58:53] [INFO] [CenterProbe] sh-local10 [sh-local10] 在线
